{"version":2,"hash":{"type":"Buffer","data":"cZXPOnr23g/Q7GPPIk79oBxSDOlto6JiAzPFJmuI47bO5LZMWBIdZPKk1FeD81SncnEVmWsQh2QUB3o69YSUegm7b5KXwJAuYpNNunlZea3VLgULj6rU4+X4qkfAjYWNgiDyK1MmPB47KJCruSBJBCxuxGfzY4ZW8BeJSSP/vFU="},"indexValueMap":{"H+1jZPNn7qKcoo+BmIqQBGnBaVHFu5myhqReHGssDBI=":{"valueMac":{"type":"Buffer","data":"ne73hLoV+1b2fLTmeQlg9wX1iQN5sCfL06IcrckF1Dg="}},"RD7g1VELHLTT7tL0bp+IlTRrKgf2WhAVZTgOu6Cgc4I=":{"valueMac":{"type":"Buffer","data":"lL5ObcDPilETFLOQ1UII0nd2apUKSFA9q2TCB9rx3c0="}},"YRXokHrHOBJiLbdapSz6JcuUdbywNMcjVjR1jS/WNwY=":{"valueMac":{"type":"Buffer","data":"+QxIZeoHj1b+1c/R04De+WDia/IJhHVDhnOKP7bi2xg="}},"apfvv28uE/K0/xWmwAofDhahysQv5oXIKsqtmY101jE=":{"valueMac":{"type":"Buffer","data":"wOTxPmVN13A2HXxvSJjRtMJQ8lczdVT01UaCPvFR1Is="}},"cUO4rdxphqMrbayHE/BGxjgH6FV1tdoF7ziEI6EIfB0=":{"valueMac":{"type":"Buffer","data":"4GXDpSjNwFaX1KnoqQipnqOM3ti2xGnzo7bBNFpO6+k="}},"xTIXvWTDQMtfgSrj7RFrtTnzi2MqttyaoJ2p1aF1d+Y=":{"valueMac":{"type":"Buffer","data":"iOAFgrdygKzqDXxRNGRq0ncB7pRWd65hpEyzuEYaIU0="}},"Q2lUwuT/l6jPSpSXvj/Dsd9cBY4atMIxPY2mDiXJ6ek=":{"valueMac":{"type":"Buffer","data":"RX0/VhmC3dbVprMONMsPTLyQvNVG5IG8u3EiEEgvIUQ="}}}}