{"version":2,"hash":{"type":"Buffer","data":"FmFc00PUiLWO6U+LglSp88RIg9MOTUE7nASidtRN95pKUJ0K+M33D6jL8Aw/InmT/Dm0hwNd3WEVibGcrBPT6MDGkg20F4LwU0lVjrpTjJKNtR4GDH364ird8TiWBHRq8W2ndIXTPa15yb2ycJ7OslVTyDP6qqUDuuF8tTgeZlU="},"indexValueMap":{"AjBYkg93wI8K4tK+l5MML0OcBO09e23CzzkY4qbv/Eg=":{"valueMac":{"type":"Buffer","data":"igxugtB73X7RcdMJlIniIiApdmqwBh8/BHcZoaADQ8E="}},"A3JX8kSvViEunypwT+zX27z4Ql1MdHfLxHYAJOr7p7g=":{"valueMac":{"type":"Buffer","data":"5Wyyn1RwuZFWKFUW0YK3Wd0BKBYlWx5fRPCqTkf0ULs="}},"F2bN6Pkuc1lGitBSxzyYH4XoFQXvZ/OkicTj9PHyp1E=":{"valueMac":{"type":"Buffer","data":"8SlUBoBtqwy/Qe7aAIUB4zK2oCzb+yty6aDsyPDPRfo="}},"GVGao8UxTO6zpol0tsnSdQtFp1SEouixhi94vXnonJg=":{"valueMac":{"type":"Buffer","data":"W62NTku60jDfyy7V0+LOdZ5n0fDFMmNrT5SZbSIRMlo="}},"IFnNOAbjsTfxC4+f/gU7er1qi9SQmV77ej2P7+jxyB8=":{"valueMac":{"type":"Buffer","data":"scnH3Vnj+r8onPPsA7YlWSy5wm+wAPaOtSiFkpmcJ9g="}},"NiGQGiOhRLAPVKZpF1vcolSbOLUVJeO0xOBpM2MHc4I=":{"valueMac":{"type":"Buffer","data":"OKprDp8Lu2irtnzjUoRdjv11vTp1imbRc0tI4JBFmwg="}},"O8gnoO4z4/mno8MVfEtrHtRpsovNo3m2lhZ7tgNNRIE=":{"valueMac":{"type":"Buffer","data":"UQgs798GP0HuAm+yHIOHEF3/G+0OmUVSGPjTnwHxfWg="}},"TLKR9ooWKDQVp6mD+BfqxleE9cIOm5Kyu1sRopNxqpw=":{"valueMac":{"type":"Buffer","data":"31X6dp80IYK+qsLUNkxAyakY7SUHs7JQV9/VMc1LZaI="}},"Y/hahCmDp5AwqUi6OuzDRPeGXzp1Dww7w2ogv1jcSoI=":{"valueMac":{"type":"Buffer","data":"l46j7agHA7TqZbZaOe6SJlb199NtKin3EiidKBGKTMQ="}},"Z6stYpt1VLeZ9/P79BLsP1XQYNFxJzj3LrDA4v1Csqs=":{"valueMac":{"type":"Buffer","data":"yJM8wqGCv1OE3ubWJMSOW6WHjn7ojHuFRY8ljGnx+CA="}},"cgLjaKOq8OfOhtoonmQvWKKvbrMdpxOOztDe4X6q/D8=":{"valueMac":{"type":"Buffer","data":"T6Bzh31HF9vshWbu7zHr/EIkeGTL9phZIVoblAppy9w="}},"yNkPdEnLg4YTJLvRQUVYKgGgJFXPCBn3JCnnBkMqOxo=":{"valueMac":{"type":"Buffer","data":"pxofhiBpPcoM3T7OIBL1UVJOv58rewcB17hlPwmTMAI="}},"z8mU4tYG3Z56pyabr/vk8DFL8z4fqgAdtkXLonsHJmM=":{"valueMac":{"type":"Buffer","data":"T7BpTlm4Ly3LYJezOkhRIHQ4Lw6j+YsvB2dO9PnR7K8="}},"1IUJt7+STRV50zp9mkaSNPAH1PsoKdQ2dlXKx65Z51A=":{"valueMac":{"type":"Buffer","data":"OQouUje7QG3mVM1k7Ed0bOLGaSw1/fqst8v3jO/R3Rw="}},"5djv4Jfqaw4U/rO4VkoiJreu8K2uffgHTqNGXPl0tUM=":{"valueMac":{"type":"Buffer","data":"X5frui0ySq1f2yZXiw9YXKWUaMMEg3IUpNpS4XrzyQw="}},"dCs6SysiLUtSg9uAZvQDnF3Fk/6+iT3nCmf/KIjsCwU=":{"valueMac":{"type":"Buffer","data":"/ih8JwEAtZ5nHs+SyQWUHBnubENlEpdTUNtWEssGdeA="}}}}