{"201226870120@s.whatsapp.net":true,"201032325887@s.whatsapp.net":true,"249912929729@s.whatsapp.net":true,"249912929729:8@s.whatsapp.net":true,"201061371363@s.whatsapp.net":true,"201093938140@s.whatsapp.net":true,"201097617170@s.whatsapp.net":true,"201156684429@s.whatsapp.net":true,"201100359593@s.whatsapp.net":true,"201100359593:7@s.whatsapp.net":true,"201273090559@s.whatsapp.net":true,"201010419321@s.whatsapp.net":true,"212681893791@s.whatsapp.net":true,"212681893791:26@s.whatsapp.net":true,"201067490035@s.whatsapp.net":true,"967735039351@s.whatsapp.net":true,"212630995096@s.whatsapp.net":true,"201030084100@s.whatsapp.net":true,"201289336614@s.whatsapp.net":true,"201289336614:2@s.whatsapp.net":true,"201228485144@s.whatsapp.net":true,"201123976604@s.whatsapp.net":true,"201151271206@s.whatsapp.net":true,"201210309475@s.whatsapp.net":true,"201288757768@s.whatsapp.net":true,"201221794828@s.whatsapp.net":true,"201060547956@s.whatsapp.net":true,"201097968522@s.whatsapp.net":true,"201127519428@s.whatsapp.net":true,"201273166467@s.whatsapp.net":true,"201220597243@s.whatsapp.net":true,"201067596391@s.whatsapp.net":true,"201273621178@s.whatsapp.net":true,"201225737290@s.whatsapp.net":true,"212719482916@s.whatsapp.net":true,"201013538833@s.whatsapp.net":true,"201023523547@s.whatsapp.net":true,"201091189703@s.whatsapp.net":true,"201091189703:70@s.whatsapp.net":true,"201019107955@s.whatsapp.net":true,"201070340234@s.whatsapp.net":true,"212714181550@s.whatsapp.net":true,"201211166591@s.whatsapp.net":true,"201066853397@s.whatsapp.net":true,"201011109121@s.whatsapp.net":true,"201069987299@s.whatsapp.net":true,"966509490096@s.whatsapp.net":true,"201202338776@s.whatsapp.net":true,"201094381952@s.whatsapp.net":true,"201025031653@s.whatsapp.net":true,"201062116363@s.whatsapp.net":true,"201062116363:45@s.whatsapp.net":true,"201062116363:46@s.whatsapp.net":true,"201062116363:47@s.whatsapp.net":true,"201069896941@s.whatsapp.net":true,"963938262917@s.whatsapp.net":true,"201202756166@s.whatsapp.net":true,"201006916071@s.whatsapp.net":true,"201006916071:12@s.whatsapp.net":true,"212625627022@s.whatsapp.net":true,"201224047481@s.whatsapp.net":true,"201026810612@s.whatsapp.net":true,"201128686076@s.whatsapp.net":true,"201281745654@s.whatsapp.net":true,"201204841678@s.whatsapp.net":true,"201205819845@s.whatsapp.net":true,"201113407380@s.whatsapp.net":true,"9647874986925@s.whatsapp.net":true,"201557586322@s.whatsapp.net":true}