[{"senderKeyId":987072323,"senderChainKey":{"iteration":83,"seed":"n9r1uEWRhvVSIoOu8we/32s1h3rJ1+iZcpEfKNJiJ44="},"senderSigningKey":{"public":"BQuxD0jZJqWtwDoxjIkDPpfh6TkMQeIw3jnhAi/HooAL"},"senderMessageKeys":[]},{"senderKeyId":571027982,"senderChainKey":{"iteration":72,"seed":"8CFrRhxzvJ2d/JvoFcPYXoLmJcaWOZHcnImJFo7piBE="},"senderSigningKey":{"public":"BYYYfZKkCZoFq4zPw7DD6Gy3/M6yWVbbgXCjTbR64ld0"},"senderMessageKeys":[]},{"senderKeyId":1085975211,"senderChainKey":{"iteration":41,"seed":"TMkV3o71nH6Fq1pL0Otiw+qAH9fSTVJNcX4amt/Q9uI="},"senderSigningKey":{"public":"Bby2+lWAaLZQMumpQ8I+s+lIINHhNkh42XC+f+4ps9R8"},"senderMessageKeys":[]},{"senderKeyId":1085975211,"senderChainKey":{"iteration":37,"seed":"0mUk4fX8hIaY6Sch3zaLvih7UGDRLTjYSWZPTOWpNww="},"senderSigningKey":{"public":"Bby2+lWAaLZQMumpQ8I+s+lIINHhNkh42XC+f+4ps9R8"}}]