{"201557586322@s.whatsapp.net":true,"967776966077@s.whatsapp.net":true,"967717254835@s.whatsapp.net":true,"966567657506@s.whatsapp.net":true,"249901576600@s.whatsapp.net":true,"249900182009@s.whatsapp.net":true,"249124677546@s.whatsapp.net":true,"213553405871@s.whatsapp.net":true,"212782082028@s.whatsapp.net":true,"212709920834@s.whatsapp.net":true,"212695316068@s.whatsapp.net":true,"212656885507@s.whatsapp.net":true,"212630854092@s.whatsapp.net":true,"212608480706@s.whatsapp.net":true,"212604773109@s.whatsapp.net":true,"201557450438@s.whatsapp.net":true,"201212924023@s.whatsapp.net":true,"201202430897@s.whatsapp.net":true,"201156481480@s.whatsapp.net":true,"201143732059@s.whatsapp.net":true,"201065008217@s.whatsapp.net":true,"201009669005@s.whatsapp.net":true,"14189296563@s.whatsapp.net":true}