[{"senderKeyId":359371157,"senderChainKey":{"iteration":44,"seed":"zkfErBaP8R4/6T3F/oY/MZgbqkYZaFhanDJe4V7HYDA="},"senderSigningKey":{"public":"BYduqDjiD+wSJOEJy55Mn0lNggbyCtbmoW4wSo6VoAtu"},"senderMessageKeys":[{},{}]},{"senderKeyId":2019996630,"senderChainKey":{"iteration":67,"seed":"9MEmAHQqj8O74uA7tKLM3MImUKwjIHDLbJ6QEabrXoc="},"senderSigningKey":{"public":"BcnzKQ110h7WzOTwe6Au5oL4Hey12U7BeSsIPXqR4Ylg"},"senderMessageKeys":[]},{"senderKeyId":1484984261,"senderChainKey":{"iteration":15,"seed":"mWnuGkYbCGmBVog6z9LQVSurdsbaB8dQBPtPfxCEwnQ="},"senderSigningKey":{"public":"BZx4kU+7V7fLKIO2u5tmPAHt379q+ABoCBpadJZUGZ0o"},"senderMessageKeys":[]},{"senderKeyId":1484984261,"senderChainKey":{"iteration":5,"seed":"u4MZ/FfsASemrpV1RgdZ5r+6Y5+jalNd4PNfnnc6jCE="},"senderSigningKey":{"public":"BZx4kU+7V7fLKIO2u5tmPAHt379q+ABoCBpadJZUGZ0o"},"senderMessageKeys":[]}]