[{"senderKeyId":519724456,"senderChainKey":{"iteration":23,"seed":"VgXWDFIyHBWBfdDYg3iVcDINqF05wDrHqAI0aN0tOVo="},"senderSigningKey":{"public":"BV6Oc3VIbLkzRk6DTgCYeNKnoQRn1E3x2MbdiGm0P4pw"},"senderMessageKeys":[]},{"senderKeyId":1432156810,"senderChainKey":{"iteration":21,"seed":"z9lIjLhHNb6LXqQWJK4i3Wp+w+5L9G3g7nVxEKcphrA="},"senderSigningKey":{"public":"BbXGOcdkLk0Nq+SZ1v1n/6s3MIP6c4ezKE5ki5cxyDZ0"},"senderMessageKeys":[]},{"senderKeyId":37328737,"senderChainKey":{"iteration":60,"seed":"5fZo2dFzcK/tUPxyqPdvJ/dcfDPvjWK2JBjAlOgftao="},"senderSigningKey":{"public":"Bc4gILOtaTRCKSNLUxaT/blDiXOscMFzRzK+2H3KP1wX"},"senderMessageKeys":[]}]