[{"senderKeyId":248308159,"senderChainKey":{"iteration":102,"seed":"n4a2onU7mlhCgc1l87oydtLSbE+rke4sbY5RsB32VIE="},"senderSigningKey":{"public":"BYAwv67TFPOPgiHBOQLznTTlMS3W+J41jXFwdWEf7Lsx"},"senderMessageKeys":[]},{"senderKeyId":248308159,"senderChainKey":{"iteration":83,"seed":"RBdL1rH/Z8G5jK+RtbIFEHfflirr0j+geon67oQ4LWg="},"senderSigningKey":{"public":"BYAwv67TFPOPgiHBOQLznTTlMS3W+J41jXFwdWEf7Lsx"},"senderMessageKeys":[]},{"senderKeyId":248308159,"senderChainKey":{"iteration":83,"seed":"RBdL1rH/Z8G5jK+RtbIFEHfflirr0j+geon67oQ4LWg="},"senderSigningKey":{"public":"BYAwv67TFPOPgiHBOQLznTTlMS3W+J41jXFwdWEf7Lsx"},"senderMessageKeys":[]},{"senderKeyId":248308159,"senderChainKey":{"iteration":83,"seed":"RBdL1rH/Z8G5jK+RtbIFEHfflirr0j+geon67oQ4LWg="},"senderSigningKey":{"public":"BYAwv67TFPOPgiHBOQLznTTlMS3W+J41jXFwdWEf7Lsx"},"senderMessageKeys":[]},{"senderKeyId":248308159,"senderChainKey":{"iteration":86,"seed":"ZVvdsYUzI9irxtw20CAjXBdnrST0pswPdUj5nohv2FU="},"senderSigningKey":{"public":"BYAwv67TFPOPgiHBOQLznTTlMS3W+J41jXFwdWEf7Lsx"},"senderMessageKeys":[]}]