[{"senderKeyId":1566029798,"senderChainKey":{"iteration":98,"seed":"K9pgBS1VHAkbwdGMhkRgbXSy/0Dpd28nA/O4OOOwrUk="},"senderSigningKey":{"public":"BSo9/u2CB4A1j8r0APf/2h8yrajF8MkvulW2p8y2UVJR"},"senderMessageKeys":[]},{"senderKeyId":1566029798,"senderChainKey":{"iteration":98,"seed":"K9pgBS1VHAkbwdGMhkRgbXSy/0Dpd28nA/O4OOOwrUk="},"senderSigningKey":{"public":"BSo9/u2CB4A1j8r0APf/2h8yrajF8MkvulW2p8y2UVJR"},"senderMessageKeys":[]},{"senderKeyId":1566029798,"senderChainKey":{"iteration":98,"seed":"K9pgBS1VHAkbwdGMhkRgbXSy/0Dpd28nA/O4OOOwrUk="},"senderSigningKey":{"public":"BSo9/u2CB4A1j8r0APf/2h8yrajF8MkvulW2p8y2UVJR"},"senderMessageKeys":[]},{"senderKeyId":1566029798,"senderChainKey":{"iteration":98,"seed":"K9pgBS1VHAkbwdGMhkRgbXSy/0Dpd28nA/O4OOOwrUk="},"senderSigningKey":{"public":"BSo9/u2CB4A1j8r0APf/2h8yrajF8MkvulW2p8y2UVJR"},"senderMessageKeys":[]},{"senderKeyId":162733397,"senderChainKey":{"iteration":17,"seed":"eaNaKLG8UEWW6fVYp2IWXKnRgwShWow8GlRrFntMyYw="},"senderSigningKey":{"public":"Bf35RzZK1GTUC6Ifq3LggLj+p1paYjAwGhGyiZGIRUxu"},"senderMessageKeys":[]}]