{"_sessions":{"BUE7FaSCQn67c3PwmVD65qXGMyNGZPDZVV29ksmz7tgw":{"registrationId":592821914,"currentRatchet":{"ephemeralKeyPair":{"pubKey":"BUrOXcGX3mGCzNYR88D7Bn/L5ggea3BFx2nV7AdgwZkm","privKey":"aNfgrVjUqwW1Af7lKlUiEMcotHoJLK4QW0sGY0dc5W0="},"lastRemoteEphemeralKey":"BWRJHyrKxs/85DRvWWq1MhC0DSgPPNy1V7diW/SuuE1D","previousCounter":0,"rootKey":"tVXt7AuCaOV68PiolGh/TOqOj69F2vOVKpVTa6li/CI="},"indexInfo":{"baseKey":"BUE7FaSCQn67c3PwmVD65qXGMyNGZPDZVV29ksmz7tgw","baseKeyType":1,"closed":-1,"used":1747219050949,"created":1747219050949,"remoteIdentityKey":"BbY0ukU2hBe+KiZYldrGdRLn1dNMMLe1A5USWPTqTRZY"},"_chains":{"BUrOXcGX3mGCzNYR88D7Bn/L5ggea3BFx2nV7AdgwZkm":{"chainKey":{"counter":0,"key":"xute3GDOQR1O94f/OSgxgZJ4UsN3SMpVA8ASYdOSw2w="},"chainType":1,"messageKeys":{}}},"pendingPreKey":{"signedKeyId":1,"baseKey":"BUE7FaSCQn67c3PwmVD65qXGMyNGZPDZVV29ksmz7tgw","preKeyId":824214}}},"version":"v1"}