{"_sessions":{"Be8zzUTqNSnQbHr0sf4Zt4opqwdVwTm+ILKw6j+TMbx8":{"registrationId":1159703006,"currentRatchet":{"ephemeralKeyPair":{"pubKey":"BSj5TRGqpf09jjUiMKFQv0WPGtuoEB4adPrb1DCjSkAF","privKey":"2LFUYdFOGKH+X26B2R54UVgto5NY7RtwmuFlpXvCOk0="},"lastRemoteEphemeralKey":"BWdx+be9tVDeTvC+AaBNK/LmmuS5W5tEqqcq3sJVgitJ","previousCounter":0,"rootKey":"cCEWtDaUt/cWg8rjc4pU064cLqsXlukk1ZAqZrvnQBk="},"indexInfo":{"baseKey":"Be8zzUTqNSnQbHr0sf4Zt4opqwdVwTm+ILKw6j+TMbx8","baseKeyType":1,"closed":-1,"used":1747219048945,"created":1747219048945,"remoteIdentityKey":"BZjOApBuhejSYE3UsWWGr2XTH+4gz5zikDMa+iMsCacp"},"_chains":{"BSj5TRGqpf09jjUiMKFQv0WPGtuoEB4adPrb1DCjSkAF":{"chainKey":{"counter":0,"key":"GYMXuxXMspULq5uj28aEV9BaDHcq5fxixJci642FYDQ="},"chainType":1,"messageKeys":{}}},"pendingPreKey":{"signedKeyId":3,"baseKey":"Be8zzUTqNSnQbHr0sf4Zt4opqwdVwTm+ILKw6j+TMbx8","preKeyId":9087004}}},"version":"v1"}