{"_sessions":{"BXe0Vw4cJqgpXfKAcrnmC4fORGM82Bcvb6xNOm+ISZ91":{"registrationId":2041128823,"currentRatchet":{"ephemeralKeyPair":{"pubKey":"BTPg16z6+OM7lcf8m8vgQf/XG6tCTxGh9OfgnPSHyUlt","privKey":"MPtmJw/jjMfD2pcAGCLNCTv69OX4yw02TM7F7U5SFlQ="},"lastRemoteEphemeralKey":"BU9yrWINa5+VFeoL5FpSFPKZweSRmpiKGTt6buKXL2oX","previousCounter":0,"rootKey":"sduxcKsZktERTujVWEmNa781FeawWDZ6nJVtt6IGJKI="},"indexInfo":{"baseKey":"BXe0Vw4cJqgpXfKAcrnmC4fORGM82Bcvb6xNOm+ISZ91","baseKeyType":1,"closed":-1,"used":1747219046848,"created":1747219046848,"remoteIdentityKey":"BbufnY7LHufAoW6pAqB8UQJxQUw09Uzp1lRvvo4Jmqct"},"_chains":{"BTPg16z6+OM7lcf8m8vgQf/XG6tCTxGh9OfgnPSHyUlt":{"chainKey":{"counter":0,"key":"Rm8+TbbEHbgY9PG8D10cm9vrMMz47amf7mnLyvFds8A="},"chainType":1,"messageKeys":{}}},"pendingPreKey":{"signedKeyId":5,"baseKey":"BXe0Vw4cJqgpXfKAcrnmC4fORGM82Bcvb6xNOm+ISZ91","preKeyId":15536094}}},"version":"v1"}