{"_sessions":{"BfIEKvn7QmLe/n5GCRQhwU344f77/ul9V/vL0XOPDolj":{"registrationId":2084191281,"currentRatchet":{"ephemeralKeyPair":{"pubKey":"BSocYqisv1hgOD1nXydYpWr106CbDHwuE3G7jGhkoixK","privKey":"mPJP611IN6gA1x5uqOD9IhjHcNv7+CfBvZkIZWE1NnM="},"lastRemoteEphemeralKey":"BT8W7ahn3Y0rgwGYerQ8yQjUqfYHpUN+qqpaQMcEx3ds","previousCounter":0,"rootKey":"mAa+uPKvV/T9G2NTaruKU7YpSop0UA1jgMaCy6GYZ10="},"indexInfo":{"baseKey":"BfIEKvn7QmLe/n5GCRQhwU344f77/ul9V/vL0XOPDolj","baseKeyType":1,"closed":-1,"used":1747219050921,"created":1747219050921,"remoteIdentityKey":"BYpwrzEtw5MSIn+pTAUhzezwvIad0RdiLirCbvI/IqpM"},"_chains":{"BSocYqisv1hgOD1nXydYpWr106CbDHwuE3G7jGhkoixK":{"chainKey":{"counter":0,"key":"LvLNIpdX3QYjxO5bUB1pC7dkZC2R3jC0pSN9vsjIu1c="},"chainType":1,"messageKeys":{}}},"pendingPreKey":{"signedKeyId":6,"baseKey":"BfIEKvn7QmLe/n5GCRQhwU344f77/ul9V/vL0XOPDolj","preKeyId":10046647}}},"version":"v1"}