{"_sessions":{"BQJ5ZFwuPV9XweubYA0qoA1ZfHRw3W/VL+IfsSEX+OZ5":{"registrationId":2607,"currentRatchet":{"ephemeralKeyPair":{"pubKey":"BXgawZSV/kBzKQpiDilbipoDiC3dLX4Er+urVJ0UgctK","privKey":"4HVNZoGsScgYjfqbvOw4k000DBCOYFfUb4q9vznnl1M="},"lastRemoteEphemeralKey":"BXNf1frOIqAH09BrHWjPFf/zrhBgg4+qRvbCtg4SyKct","previousCounter":0,"rootKey":"V1OodEcyJpoCaZ8oiPuH2izOcu3rZW1ah1L4XTZOdMY="},"indexInfo":{"baseKey":"BQJ5ZFwuPV9XweubYA0qoA1ZfHRw3W/VL+IfsSEX+OZ5","baseKeyType":1,"closed":-1,"used":1747207239955,"created":1747207239955,"remoteIdentityKey":"BYuHV0n92nNMsghhnxx38RzoKMXNsOguZyDmUFZKz/gA"},"_chains":{"BXgawZSV/kBzKQpiDilbipoDiC3dLX4Er+urVJ0UgctK":{"chainKey":{"counter":7,"key":"9xmYGZmg62vLZdrAvfGnP+s9UGy1XhiljGS9aaNa+WE="},"chainType":1,"messageKeys":{}}},"pendingPreKey":{"signedKeyId":1,"baseKey":"BQJ5ZFwuPV9XweubYA0qoA1ZfHRw3W/VL+IfsSEX+OZ5","preKeyId":688}}},"version":"v1"}