{"_sessions":{"BR5IAyErye/6fGma4BqNYqxBG73th//HR9Dhp9iLIdFt":{"registrationId":1076759764,"currentRatchet":{"ephemeralKeyPair":{"pubKey":"BTTR0wst31a7rrUYMaszdKziKHQrpG02+Ummn5rHIJ9x","privKey":"kEckqCAKuRDqzdsTFWiz1eqgnxaHg6d2mhGuEV/vOHE="},"lastRemoteEphemeralKey":"BYkT4eqlyiO1n3z8HSdI/m8ySH5tZSp+ZSlCOrWbNB1u","previousCounter":0,"rootKey":"36MCS+J6MEXEN2FN1EQWKg70dgTxQ10bidQGsGbR5FI="},"indexInfo":{"baseKey":"BR5IAyErye/6fGma4BqNYqxBG73th//HR9Dhp9iLIdFt","baseKeyType":1,"closed":-1,"used":1747219050593,"created":1747219050593,"remoteIdentityKey":"BWBVM8ABp26GJnGbQybc3F44orEs9ut8Ozd3OlpTYm47"},"_chains":{"BTTR0wst31a7rrUYMaszdKziKHQrpG02+Ummn5rHIJ9x":{"chainKey":{"counter":0,"key":"M0KfUUSZODML/se1+y5bJ8MVmw3PR70OwVYnL/OYI1c="},"chainType":1,"messageKeys":{}}},"pendingPreKey":{"signedKeyId":1,"baseKey":"BR5IAyErye/6fGma4BqNYqxBG73th//HR9Dhp9iLIdFt","preKeyId":5687471}}},"version":"v1"}