{"_sessions":{"BWR7G7NM+5mp++MNJ/vPcdD9dtfSknlZIz2xC6Hgj0Zw":{"registrationId":971655632,"currentRatchet":{"ephemeralKeyPair":{"pubKey":"BUotvz/cwb55H0o7EDhXGcZzdJsDAJTZ/jKJUv6H+RxT","privKey":"mDKWVNjt2cdlQjvT7gTm9YiL2bEtvUWSJqo+alrHrVQ="},"lastRemoteEphemeralKey":"BYSacOA/JHL/8OcRQ5WhgYrdekAMv7B/NcAzAyZLN59N","previousCounter":0,"rootKey":"ktDyN2vekgyye6U+E6iyio32sCtuum3/PUdx/D/quRA="},"indexInfo":{"baseKey":"BWR7G7NM+5mp++MNJ/vPcdD9dtfSknlZIz2xC6Hgj0Zw","baseKeyType":1,"closed":-1,"used":1747219044806,"created":1747219044806,"remoteIdentityKey":"Bc14JCZs+xojkzXSTm51CZAPI39B2W+OrsL9iAkwftwa"},"_chains":{"BUotvz/cwb55H0o7EDhXGcZzdJsDAJTZ/jKJUv6H+RxT":{"chainKey":{"counter":0,"key":"SojelDZyvnwt62BaaQWljN8YwYu71mRywCp7SCAWTPQ="},"chainType":1,"messageKeys":{}}},"pendingPreKey":{"signedKeyId":1,"baseKey":"BWR7G7NM+5mp++MNJ/vPcdD9dtfSknlZIz2xC6Hgj0Zw","preKeyId":1440}}},"version":"v1"}