{"_sessions":{"BfvZhAgLwFIbBh0gVHAPMY6W1V5nzh2On92VedPFjzA0":{"registrationId":1060003229,"currentRatchet":{"ephemeralKeyPair":{"pubKey":"BSXjcKXzS08+5AqeG4yO3OpOXea0e6syXQqzqyaoQPEj","privKey":"KBzxDRW3Rbb8eTNKprkMOqlfh/UyHIIMYPtRRJinvV4="},"lastRemoteEphemeralKey":"BYjUN8zyPPXcn35DrwdWP6fslw7cwPjWAeEgHZ0Jxc1e","previousCounter":0,"rootKey":"DvWTkRJFdIZC6LJTtpcnndblGVKDl9nP57CJi4xUgwY="},"indexInfo":{"baseKey":"BfvZhAgLwFIbBh0gVHAPMY6W1V5nzh2On92VedPFjzA0","baseKeyType":1,"closed":-1,"used":1747219048905,"created":1747219048905,"remoteIdentityKey":"BfSTTDI8g0VkL+bW1CYOUKV5EblEamuJRpxLA0Od7Sdj"},"_chains":{"BSXjcKXzS08+5AqeG4yO3OpOXea0e6syXQqzqyaoQPEj":{"chainKey":{"counter":0,"key":"eTM/4k5pPx4JG9FaftS8gkAZFxkaSkL52t3v4YIV0LQ="},"chainType":1,"messageKeys":{}}},"pendingPreKey":{"signedKeyId":19,"baseKey":"BfvZhAgLwFIbBh0gVHAPMY6W1V5nzh2On92VedPFjzA0","preKeyId":9882923}}},"version":"v1"}