{"_sessions":{"BSFS5G+NAPWohzbidD1EIOJsIpjBO/t4zjVwv1wgnFtm":{"registrationId":198692031,"currentRatchet":{"ephemeralKeyPair":{"pubKey":"BYJk1X6JGMMF8cUF0ovfZUaQ3hgNBGoX+hOaEZhVuj8u","privKey":"EK7cRVn4GghmVKqbkq0S9DeBxPA+meyNgxWguREWVmM="},"lastRemoteEphemeralKey":"BYyaLWbnE+v/cRCsKbXPxJ4HRgchoL+kQibsiXI68OsW","previousCounter":0,"rootKey":"uDP7Yw9cM0OM3lR4cuYElrMW57WEXhQOLZuFR2WX74k="},"indexInfo":{"baseKey":"BSFS5G+NAPWohzbidD1EIOJsIpjBO/t4zjVwv1wgnFtm","baseKeyType":1,"closed":-1,"used":1747219047053,"created":1747219047053,"remoteIdentityKey":"BYoj8B0OJJtnXTyKw9vWR/yjL3mnSJ61aEsN/9DagGVR"},"_chains":{"BYJk1X6JGMMF8cUF0ovfZUaQ3hgNBGoX+hOaEZhVuj8u":{"chainKey":{"counter":0,"key":"RB8Axaqw4DS9NMztponPNDJurL0hbAm2ZPIsAMj/naU="},"chainType":1,"messageKeys":{}}},"pendingPreKey":{"signedKeyId":0,"baseKey":"BSFS5G+NAPWohzbidD1EIOJsIpjBO/t4zjVwv1wgnFtm"}}},"version":"v1"}