{"_sessions":{"BRSOWdNK3P29TuIAesAI3BvijN1PpKMY2zMO/bWjsmUB":{"registrationId":1327596083,"currentRatchet":{"ephemeralKeyPair":{"pubKey":"BRDhjT+D5OtOavCLkU5TUH8qrm+BqnHNd+Q4nYgP474r","privKey":"yEw8qinZeufBZWT8uoVlri4z1kVlfc06eDyuIzbwkEs="},"lastRemoteEphemeralKey":"BVnIjnZfMIF3tofretXyBysnWLHnSlIaDWI5Q/uNBHZz","previousCounter":0,"rootKey":"wzYGSmFDPNcL5O1fAIaKw2Fdpqlrj+7BH/lq8ZumRbA="},"indexInfo":{"baseKey":"BRSOWdNK3P29TuIAesAI3BvijN1PpKMY2zMO/bWjsmUB","baseKeyType":2,"closed":-1,"used":1747224825761,"created":1747224825761,"remoteIdentityKey":"BSqo9mfcP819Plz+d1CYiVsfV+nVAaFTAKgA/STyfEh6"},"_chains":{"BVnIjnZfMIF3tofretXyBysnWLHnSlIaDWI5Q/uNBHZz":{"chainKey":{"counter":1,"key":"c17B5CBk7ZV1A33EQL4E1pJVvZlxkmhaNRos+0Fi1m8="},"chainType":2,"messageKeys":{}},"BRDhjT+D5OtOavCLkU5TUH8qrm+BqnHNd+Q4nYgP474r":{"chainKey":{"counter":-1,"key":"4VNkHhy2jP3Il2G2SuAgOsh2//JnjztK2lQBi71osfY="},"chainType":1,"messageKeys":{}}}}},"version":"v1"}