{"_sessions":{"BZ9NazaaDTPOJzJIiLQ0iSvzVh77UGrXOnBOr0P36FcU":{"registrationId":331017801,"currentRatchet":{"ephemeralKeyPair":{"pubKey":"BdU05K4U+0wR5N4+RVBSqrBwk/ohDK0bjAYZqZmRcXFW","privKey":"iIa/FZiqrWApGlCe87ve0VB8hn0ATjIp571R8BOpslk="},"lastRemoteEphemeralKey":"BUJRFFLgt8uxPFoog5O3jndSOVpqihn1Kvsoyp1ogdcZ","previousCounter":0,"rootKey":"s+MIVJJ6NiFe9Jb4Os5cG3iJOm/ICZFqQpD12SirO9s="},"indexInfo":{"baseKey":"BZ9NazaaDTPOJzJIiLQ0iSvzVh77UGrXOnBOr0P36FcU","baseKeyType":1,"closed":-1,"used":1747209564371,"created":1747209564371,"remoteIdentityKey":"BdMf0tAEzPiY8np89gOTnDRPGHgH509XP/1cVl7NFJRj"},"_chains":{"BdU05K4U+0wR5N4+RVBSqrBwk/ohDK0bjAYZqZmRcXFW":{"chainKey":{"counter":0,"key":"QzCHlsvLleFhs7Hg0bkIm84KpZQ2sdj1W8sJdO/4gTc="},"chainType":1,"messageKeys":{}}},"pendingPreKey":{"signedKeyId":1,"baseKey":"BZ9NazaaDTPOJzJIiLQ0iSvzVh77UGrXOnBOr0P36FcU"}}},"version":"v1"}