{"_sessions":{"BcYjPUe6WwjM4t3oaNFzH3DFXVimqg6MUoHEGFQO0Ydf":{"registrationId":1334681726,"currentRatchet":{"ephemeralKeyPair":{"pubKey":"BUY6x3gbx78UKPuMN3qY+tg0vSg7OF87PKrCdeCZAkkI","privKey":"yAlfXvz6hirbdAznq7cnlUT4+6JroSGsG8w6yhIHNEo="},"lastRemoteEphemeralKey":"BVXMW9+tC/mrIfhgkggKY7rc01AOgotYBt63jCQs0soX","previousCounter":0,"rootKey":"uZ9TEJ7DXOx4hAl5iQBLAGZIrvea1d9LgF3zxNCtG78="},"indexInfo":{"baseKey":"BcYjPUe6WwjM4t3oaNFzH3DFXVimqg6MUoHEGFQO0Ydf","baseKeyType":1,"closed":-1,"used":1747219047305,"created":1747219047305,"remoteIdentityKey":"BdCTypsVg/pGuHaLlapIItI1+WSd+jZgrBh2AljiobRM"},"_chains":{"BUY6x3gbx78UKPuMN3qY+tg0vSg7OF87PKrCdeCZAkkI":{"chainKey":{"counter":0,"key":"LMUr6c2pjQ+4VH/eb9a66p6xzBZ6+wrfOvrzQmQP5R4="},"chainType":1,"messageKeys":{}}},"pendingPreKey":{"signedKeyId":2,"baseKey":"BcYjPUe6WwjM4t3oaNFzH3DFXVimqg6MUoHEGFQO0Ydf","preKeyId":10486892}}},"version":"v1"}