{"_sessions":{"BfLiYPc7OLA3Lqmj23hAT6MqGXAML2Uplz2ELCSGHfRu":{"registrationId":1396333772,"currentRatchet":{"ephemeralKeyPair":{"pubKey":"BSarAhOgdzaFxgXwoHRLOXqhi4OBNgtSgvLFejtMEkcg","privKey":"uDwvJTFR8q4G2MnMXYWU2A2hVxMIZBPji3Y8DgzrBHQ="},"lastRemoteEphemeralKey":"BYCQYn2z0TVPdo7ooqg3Q845tZ4yoHJwrCSmyVDaerAl","previousCounter":0,"rootKey":"leUFIyBy5+htAuEkWk47MCp2ZcMWoOaDf3abv9GEAsY="},"indexInfo":{"baseKey":"BfLiYPc7OLA3Lqmj23hAT6MqGXAML2Uplz2ELCSGHfRu","baseKeyType":1,"closed":-1,"used":1747219047057,"created":1747219047057,"remoteIdentityKey":"Bdd8xA2+KUw9lMifypa+ZQxAvUPFG6nVGVozgbPv+NhL"},"_chains":{"BSarAhOgdzaFxgXwoHRLOXqhi4OBNgtSgvLFejtMEkcg":{"chainKey":{"counter":0,"key":"h9gpCkzPYKiJmTK9mvJCjQhmNsysI6eg5/1IIs4uQKs="},"chainType":1,"messageKeys":{}}},"pendingPreKey":{"signedKeyId":3,"baseKey":"BfLiYPc7OLA3Lqmj23hAT6MqGXAML2Uplz2ELCSGHfRu","preKeyId":16654105}}},"version":"v1"}