{"_sessions":{"BemQSn3Tomg//LN+JrNAkk626p6reOsDYVVX1z5BE5F1":{"registrationId":389541583,"currentRatchet":{"ephemeralKeyPair":{"pubKey":"BWhU72P9hNlY5ZZTDYOU4thk1hidzYJAjLjIKevfqnx5","privKey":"ALMtGTWjXTBnXpxIRah/U8KYFMnekxaGp4jRgC7Hfkg="},"lastRemoteEphemeralKey":"BUHgRuTGYIXSAIGvGUPR36OkU6yMe/0ulZFyfMkZtmJ4","previousCounter":0,"rootKey":"EToKaXItM2k1dfrKHjxe9mtushzWDcITOMBJqynmsBI="},"indexInfo":{"baseKey":"BemQSn3Tomg//LN+JrNAkk626p6reOsDYVVX1z5BE5F1","baseKeyType":1,"closed":-1,"used":1747229631052,"created":1747229631052,"remoteIdentityKey":"BeuxMChI/vMwZAHd7BNNbrSgYqwpej/9pcZqrsQagzIC"},"_chains":{"BWhU72P9hNlY5ZZTDYOU4thk1hidzYJAjLjIKevfqnx5":{"chainKey":{"counter":0,"key":"ybwdzcC0cm+o3QgYPX1yrJfxwk3Ee8OAlTskmgQm8JQ="},"chainType":1,"messageKeys":{}}},"pendingPreKey":{"signedKeyId":0,"baseKey":"BemQSn3Tomg//LN+JrNAkk626p6reOsDYVVX1z5BE5F1","preKeyId":8132912}}},"version":"v1"}