{"_sessions":{"BbxMhXJiJzb8nmmV2gnyVSmeDqeWt8M/TdzRSxjG6bIY":{"registrationId":998991256,"currentRatchet":{"ephemeralKeyPair":{"pubKey":"BYT4G/LS/ZzhiS604quWwil2uQANl059haNxHyAwxh1k","privKey":"cBgzFqPrV7Z6lxovprStMBZAx9FHyqxTNlDYhunaZ34="},"lastRemoteEphemeralKey":"BcN3+gWvSAU51SKJtUhwgPEY/9LI7DJTraOPwThs+rUx","previousCounter":0,"rootKey":"G4Qn8G3JY4Lm5L98PjaQIT2AaRhA7bf0Mq5B9KyuXSM="},"indexInfo":{"baseKey":"BbxMhXJiJzb8nmmV2gnyVSmeDqeWt8M/TdzRSxjG6bIY","baseKeyType":1,"closed":-1,"used":1747229445090,"created":1747229445090,"remoteIdentityKey":"BbAgXrklRgByen47HsQa4DemYxnL37ikGgGCq2PjRXlE"},"_chains":{"BYT4G/LS/ZzhiS604quWwil2uQANl059haNxHyAwxh1k":{"chainKey":{"counter":2,"key":"CJYyg4YWiHAzQ2Q/A9mCjNAEDCYKhJyCMs/fShewxTM="},"chainType":1,"messageKeys":{}}},"pendingPreKey":{"signedKeyId":8,"baseKey":"BbxMhXJiJzb8nmmV2gnyVSmeDqeWt8M/TdzRSxjG6bIY","preKeyId":691300}}},"version":"v1"}