{"_sessions":{"BVNMSNTCPrC8TG9nywzsB9yQ8KMEnQj/oSTGxDdQbZk2":{"registrationId":890514235,"currentRatchet":{"ephemeralKeyPair":{"pubKey":"BQakR6MPbzashNBMEjalfher3vR0Kk+qMm5DfBYceFB0","privKey":"WLYxxM+7LLYvvXDzZ6KDq952SjM4YEVX06EbPRVIwmU="},"lastRemoteEphemeralKey":"BRPR+iwOIlsAFKlJ5CZCwRoltXxJxHwwwBhFi7HDw/EX","previousCounter":0,"rootKey":"Fr3N4NlAD5O/jMAURUtmVXYj2rfhqjuKu3vha9D51Rs="},"indexInfo":{"baseKey":"BVNMSNTCPrC8TG9nywzsB9yQ8KMEnQj/oSTGxDdQbZk2","baseKeyType":1,"closed":-1,"used":1747229631106,"created":1747229631106,"remoteIdentityKey":"BbnjbEuZOBdeAzAj8QFe6UPClhgXdTcZRfOfb+8qPylk"},"_chains":{"BQakR6MPbzashNBMEjalfher3vR0Kk+qMm5DfBYceFB0":{"chainKey":{"counter":0,"key":"+zYmz62i7bdP64YaAsmB/sHZ5hHbotHGBqCA4IMpJhg="},"chainType":1,"messageKeys":{}}},"pendingPreKey":{"signedKeyId":2,"baseKey":"BVNMSNTCPrC8TG9nywzsB9yQ8KMEnQj/oSTGxDdQbZk2","preKeyId":15830548}}},"version":"v1"}