{"_sessions":{"BcdbjFO1lY0wkLt07bJ4VF2FP/rMQP4rdUT3lOJ/Eop3":{"registrationId":1948411178,"currentRatchet":{"ephemeralKeyPair":{"pubKey":"Bb5tun0dhBS6VlvLGCOHWf8FbrW90VUlsPzdOSwfzn4h","privKey":"kJZ+VvW/i68ZIm9JzXxuwZ+xmj4BxOjbIxYTejwi4lk="},"lastRemoteEphemeralKey":"BcYdc2uyb9o+efICnmBOaIdUsfAQC6eZrAFdpgUlF6ga","previousCounter":0,"rootKey":"VSQZAEQ7E8TNxGgdmowtL/LVqz8ugpAG5m/lYjpkEQ0="},"indexInfo":{"baseKey":"BcdbjFO1lY0wkLt07bJ4VF2FP/rMQP4rdUT3lOJ/Eop3","baseKeyType":1,"closed":-1,"used":1747219048835,"created":1747219048835,"remoteIdentityKey":"BVmpf58cGbcz5oXZKlBFZiLX2igrpU3PbQt48h2dWxcT"},"_chains":{"Bb5tun0dhBS6VlvLGCOHWf8FbrW90VUlsPzdOSwfzn4h":{"chainKey":{"counter":0,"key":"XcrwoUb+AeU5nb7v0JyZEQP6Ntz30iieb9aASzHZFVw="},"chainType":1,"messageKeys":{}}},"pendingPreKey":{"signedKeyId":0,"baseKey":"BcdbjFO1lY0wkLt07bJ4VF2FP/rMQP4rdUT3lOJ/Eop3","preKeyId":2116479}}},"version":"v1"}