{"_sessions":{"BXRC2NWiUfWErXIi1uoVAqOClN3KNbtkTUgOl3PW/pwo":{"registrationId":1968625425,"currentRatchet":{"ephemeralKeyPair":{"pubKey":"Be5y01PuadLqbyIA0VPCNG2cB+NKcYx8PhdMPZ8uF/Ef","privKey":"oGaxrcmb7NxCbEqiEOuDB2lyWX5X1b7p2x//vgsBKXg="},"lastRemoteEphemeralKey":"BZmlUxUPu4x7SbyENo5uGDEb14Ka07fF2ZNa60nEoRp9","previousCounter":0,"rootKey":"jzIFjpDA01exx0zgGWFQ4iiRlrdMOZfV/4COdY8MD2Y="},"indexInfo":{"baseKey":"BXRC2NWiUfWErXIi1uoVAqOClN3KNbtkTUgOl3PW/pwo","baseKeyType":1,"closed":-1,"used":1747219049037,"created":1747219049037,"remoteIdentityKey":"BVZg0QHYGnxUcj7zBapc8I1IC8QvN8v5WYv6EE+lXvFa"},"_chains":{"Be5y01PuadLqbyIA0VPCNG2cB+NKcYx8PhdMPZ8uF/Ef":{"chainKey":{"counter":0,"key":"poTrF2Ewg++Kg330V9Sulq0JGRAAEWYzApa2a0JFaCk="},"chainType":1,"messageKeys":{}}},"pendingPreKey":{"signedKeyId":0,"baseKey":"BXRC2NWiUfWErXIi1uoVAqOClN3KNbtkTUgOl3PW/pwo","preKeyId":8693069}}},"version":"v1"}