{"_sessions":{"BWj+1BksqJpAJYhZdZQuszClh3RZykKBaHz9bIdshU4L":{"registrationId":264799845,"currentRatchet":{"ephemeralKeyPair":{"pubKey":"Bf0ET+Yo69dVcc40DdkBaVWrdKKf0DJ1zsE7aKH3OGEC","privKey":"qBCJtwloQ95sCmb6l/TV3G5gk17pgfw1joiM9btjwlU="},"lastRemoteEphemeralKey":"BelTog7KYSyvfHnxTBqW89nkucYyLQ5qz4mY97dZlzFT","previousCounter":0,"rootKey":"DF4kveWzwfsIL/O28sWo550lKK8W7rHwjHl8JPP1eU4="},"indexInfo":{"baseKey":"BWj+1BksqJpAJYhZdZQuszClh3RZykKBaHz9bIdshU4L","baseKeyType":1,"closed":-1,"used":1747207240026,"created":1747207240026,"remoteIdentityKey":"BZ9li0dTSVKJr7S10PtLIvjhGeysycn2J1+GzuSTvF4o"},"_chains":{"Bf0ET+Yo69dVcc40DdkBaVWrdKKf0DJ1zsE7aKH3OGEC":{"chainKey":{"counter":7,"key":"7Ye5B5G6EinZJVOCNRUpuoTT0kZHgZfXgPbpvbV+jt8="},"chainType":1,"messageKeys":{}}},"pendingPreKey":{"signedKeyId":2,"baseKey":"BWj+1BksqJpAJYhZdZQuszClh3RZykKBaHz9bIdshU4L","preKeyId":4148241}}},"version":"v1"}