{"_sessions":{"BZ3h3bCoy91EqbaZU/kr0A7AaJWkgtg5T6Wg73sWChA7":{"registrationId":398186420,"currentRatchet":{"ephemeralKeyPair":{"pubKey":"BajFb5Ge7SrNbNA5llNJjqn1c3ahDbKAOQmWySXBi+Ij","privKey":"kME0jBm4UKNb/gor03tS74MC1T+h0ODvfiEfdm3iGWA="},"lastRemoteEphemeralKey":"Berw4LznQyVx11o5J0To3IT+BBEmeqBmh0RVFU4jBdZA","previousCounter":0,"rootKey":"jUdSl+a0gUT1hsPhgs+CSUUbIjOP3bqxBObB6yFi/I0="},"indexInfo":{"baseKey":"BZ3h3bCoy91EqbaZU/kr0A7AaJWkgtg5T6Wg73sWChA7","baseKeyType":1,"closed":-1,"used":1747219045063,"created":1747219045063,"remoteIdentityKey":"BSLoCZa4znVEOJLAnI3pokaDjM0ZyWXuUX5hUW2JxPhg"},"_chains":{"BajFb5Ge7SrNbNA5llNJjqn1c3ahDbKAOQmWySXBi+Ij":{"chainKey":{"counter":0,"key":"iNJKXF4B+cc4JnReW+bP4u3ATekKjYWN5vfNPIg+rUc="},"chainType":1,"messageKeys":{}}},"pendingPreKey":{"signedKeyId":3,"baseKey":"BZ3h3bCoy91EqbaZU/kr0A7AaJWkgtg5T6Wg73sWChA7","preKeyId":2503196}}},"version":"v1"}