{"_sessions":{"BZSoFgucI/Wj/YqH/Z7lYlcupM2HU2njD6U/s6Aue3YF":{"registrationId":235194965,"currentRatchet":{"ephemeralKeyPair":{"pubKey":"BR2L4VHI1FCgaKqzH/CRBGy2HJsqw4yB66YOVqzlGgF1","privKey":"gDgeBxlQL5OCC7+jjRTrgaHBz21u8vPQHDQYvllwrEY="},"lastRemoteEphemeralKey":"BcNoVorWyqVoLJ6z9LR+yTOmrO2sdRmn0nBFuzFGCm1i","previousCounter":0,"rootKey":"Qt8Idux1BdLN6yNU1rtbnbNPOt4RRRJlwpo/yRQlUCw="},"indexInfo":{"baseKey":"BZSoFgucI/Wj/YqH/Z7lYlcupM2HU2njD6U/s6Aue3YF","baseKeyType":1,"closed":-1,"used":1747207240096,"created":1747207240096,"remoteIdentityKey":"BTpJF7n5uuu+QC5wfmN1fCpMK6stBR9gGBhQi3GRHXkp"},"_chains":{"BR2L4VHI1FCgaKqzH/CRBGy2HJsqw4yB66YOVqzlGgF1":{"chainKey":{"counter":7,"key":"oQm/XVbR7LaaIrP+X7EFxZBJdamRJWoI0AM4wuw9g4Q="},"chainType":1,"messageKeys":{}}},"pendingPreKey":{"signedKeyId":2,"baseKey":"BZSoFgucI/Wj/YqH/Z7lYlcupM2HU2njD6U/s6Aue3YF","preKeyId":3747703}}},"version":"v1"}