{"_sessions":{"BeRYSkSO1bJFS70C7OGmE39Arij/ts5+oqyS1X53Bw8m":{"registrationId":488943534,"currentRatchet":{"ephemeralKeyPair":{"pubKey":"BVM9ofTgoiLDfcJrz5cNgls+CKjBDFT/uNSdC//83sZM","privKey":"YMMXrPPyRzrMmSweOatVIBI++whdYIuU8Dikx9kTvG0="},"lastRemoteEphemeralKey":"BdXct/oAKyjf9k2nTIN+f/KDrNUKUACybNs6XtICWCZf","previousCounter":0,"rootKey":"RYHvyDXExrDEC+81O3+t4E+rp3Xw0ArxXKn5obvBuWI="},"indexInfo":{"baseKey":"BeRYSkSO1bJFS70C7OGmE39Arij/ts5+oqyS1X53Bw8m","baseKeyType":1,"closed":1747220735539,"used":1747207240008,"created":1747207240008,"remoteIdentityKey":"BR2Ed/6E5TX7rgDHnL44tmkMDP36Fx4f+kOAKwfYn5sW"},"_chains":{"BVM9ofTgoiLDfcJrz5cNgls+CKjBDFT/uNSdC//83sZM":{"chainKey":{"counter":5,"key":"Nb61QZkGKKjHUh9E5BQV2nnpZwQUanPpLM6zshSZRmE="},"chainType":1,"messageKeys":{}}},"pendingPreKey":{"signedKeyId":0,"baseKey":"BeRYSkSO1bJFS70C7OGmE39Arij/ts5+oqyS1X53Bw8m","preKeyId":3493116}},"BThN+tRRkJ+2jCGBwaH6HdBO2mKqOVxRZz/fJxN/i/sD":{"registrationId":488943534,"currentRatchet":{"ephemeralKeyPair":{"pubKey":"BUqm+BwSS4/nIUU2oxTXX89LF1L1wGai4Aa5ujAz1id1","privKey":"gGBoPBHgpSreML+LwsFNjC4WhEzKBzIUopI7DyB87Uw="},"lastRemoteEphemeralKey":"BdXct/oAKyjf9k2nTIN+f/KDrNUKUACybNs6XtICWCZf","previousCounter":0,"rootKey":"Tr0IGDK8h8MxCFrQjQ8MbKwCuj1SJrqy1hZPgWbc44A="},"indexInfo":{"baseKey":"BThN+tRRkJ+2jCGBwaH6HdBO2mKqOVxRZz/fJxN/i/sD","baseKeyType":1,"closed":1747220888627,"used":1747220735537,"created":1747220735537,"remoteIdentityKey":"BR2Ed/6E5TX7rgDHnL44tmkMDP36Fx4f+kOAKwfYn5sW"},"_chains":{"BUqm+BwSS4/nIUU2oxTXX89LF1L1wGai4Aa5ujAz1id1":{"chainKey":{"counter":-1,"key":"+cZo6ESLZOOYldHomXG0wpFSW8eVH6s1keeAV3/jF2Q="},"chainType":1,"messageKeys":{}}},"pendingPreKey":{"signedKeyId":0,"baseKey":"BThN+tRRkJ+2jCGBwaH6HdBO2mKqOVxRZz/fJxN/i/sD","preKeyId":3492667}},"BRQwCn/iiI7EH3+eAUvg2L0Ci7NjIJNdhjyW4WRo4W54":{"registrationId":488943534,"currentRatchet":{"ephemeralKeyPair":{"pubKey":"BZ47nK/U5seMafP+x1kzpphVagIGZ6qi4NLS2Ob7kEZA","privKey":"8Ix2ni0sj6p4mxWelPstBO5nx3QZ20tFZKn5vmzr2Fw="},"lastRemoteEphemeralKey":"BdXct/oAKyjf9k2nTIN+f/KDrNUKUACybNs6XtICWCZf","previousCounter":0,"rootKey":"ijigoHCMAJdCvHLpcPLsrmjl6mIfqiHvhVW/wOG7HqM="},"indexInfo":{"baseKey":"BRQwCn/iiI7EH3+eAUvg2L0Ci7NjIJNdhjyW4WRo4W54","baseKeyType":1,"closed":1747220888851,"used":1747220888626,"created":1747220888626,"remoteIdentityKey":"BR2Ed/6E5TX7rgDHnL44tmkMDP36Fx4f+kOAKwfYn5sW"},"_chains":{"BZ47nK/U5seMafP+x1kzpphVagIGZ6qi4NLS2Ob7kEZA":{"chainKey":{"counter":-1,"key":"dGuvmpfiW97e491DlX/x2uNFsiEME1LgnfyVQd/gTfA="},"chainType":1,"messageKeys":{}}},"pendingPreKey":{"signedKeyId":0,"baseKey":"BRQwCn/iiI7EH3+eAUvg2L0Ci7NjIJNdhjyW4WRo4W54","preKeyId":3493249}},"BbD3k7FM8IAqB5/OB38PVcG8S01KfsjUhYomrGJrf3N+":{"registrationId":488943534,"currentRatchet":{"ephemeralKeyPair":{"pubKey":"BXthS2RnOm5gVkSf59+VQDfAEM3qg0BWL7KWAXPkB3Bb","privKey":"UI/EdS2Wg+XkXfMRK5ChZl1Ko01hYylEuubLMOWk9n8="},"lastRemoteEphemeralKey":"BdXct/oAKyjf9k2nTIN+f/KDrNUKUACybNs6XtICWCZf","previousCounter":0,"rootKey":"fb12EQ+8ecYwLwTdWGrZR5cPjiXhlq//PylejiAAgEs="},"indexInfo":{"baseKey":"BbD3k7FM8IAqB5/OB38PVcG8S01KfsjUhYomrGJrf3N+","baseKeyType":1,"closed":-1,"used":1747220888850,"created":1747220888850,"remoteIdentityKey":"BR2Ed/6E5TX7rgDHnL44tmkMDP36Fx4f+kOAKwfYn5sW"},"_chains":{"BXthS2RnOm5gVkSf59+VQDfAEM3qg0BWL7KWAXPkB3Bb":{"chainKey":{"counter":1,"key":"wWa0tUvId4WTBsL1TNuIc+5jCs/7hnpHS8ZID6SP8A8="},"chainType":1,"messageKeys":{}}},"pendingPreKey":{"signedKeyId":0,"baseKey":"BbD3k7FM8IAqB5/OB38PVcG8S01KfsjUhYomrGJrf3N+","preKeyId":3493357}}},"version":"v1"}