{"_sessions":{"BcyAeRKx/SFNFQOyYeQ9mDV/d1WcOTyuGkdmfbGcQXlS":{"registrationId":1348133226,"currentRatchet":{"ephemeralKeyPair":{"pubKey":"BVFYWROA56htGvZHf4Hz7mvMmxRSOrq32K7nBrXzWC5M","privKey":"KPdNI7P2e51Kbqt4JSltasstDNYUl/Xk/0F/SG0gMlU="},"lastRemoteEphemeralKey":"Bbs64Sk3z1QHsmq2nHOMrkVchUnjshj/4iHqwPfys4F6","previousCounter":0,"rootKey":"X/7X7DQCY4kdVPkEE3jToWeJTPBT8coyy96CyzaGfQI="},"indexInfo":{"baseKey":"BcyAeRKx/SFNFQOyYeQ9mDV/d1WcOTyuGkdmfbGcQXlS","baseKeyType":1,"closed":-1,"used":1747229445112,"created":1747229445112,"remoteIdentityKey":"BQ8EXS3U1umqNeQk39ca/x+7AghYO50Nfrm02K8+4Bdl"},"_chains":{"BVFYWROA56htGvZHf4Hz7mvMmxRSOrq32K7nBrXzWC5M":{"chainKey":{"counter":2,"key":"FIEtWbcsuB3KFm/dMv9XkjsZFptxJ6cH7uozoownNXk="},"chainType":1,"messageKeys":{}}},"pendingPreKey":{"signedKeyId":6,"baseKey":"BcyAeRKx/SFNFQOyYeQ9mDV/d1WcOTyuGkdmfbGcQXlS","preKeyId":8964377}}},"version":"v1"}