{"_sessions":{"BREjUJf6I2avIdiF3WHLC3yA+JFofjVYIQOqf29aPQc3":{"registrationId":1386395986,"currentRatchet":{"ephemeralKeyPair":{"pubKey":"BUd/gx2mttcj42jtyyGdVL6qHO9XXIXR8JyVYl8XUU1+","privKey":"UGh2+MIoDZD6qO/9qDL7+V/ld1A89tVZyh4uV+792E0="},"lastRemoteEphemeralKey":"BfISe7aaCJo5yQI3Kg+8nrLXIf4UAFsIEx1yyLwdGZQQ","previousCounter":0,"rootKey":"y9W/bfG2FUUgKgyvP0Dd5FhFZyCzQotzSmdhNHzEqxs="},"indexInfo":{"baseKey":"BREjUJf6I2avIdiF3WHLC3yA+JFofjVYIQOqf29aPQc3","baseKeyType":2,"closed":-1,"used":1747225591315,"created":1747225591315,"remoteIdentityKey":"BRocPrz5SBmrRLu0PB0o3blfrNQ4lM33kyFfLfr145YO"},"_chains":{"BfISe7aaCJo5yQI3Kg+8nrLXIf4UAFsIEx1yyLwdGZQQ":{"chainKey":{"counter":1,"key":"YwbXuIJ92iaLYFvmYk9mndbmoCErozU2dLdmUn75HZg="},"chainType":2,"messageKeys":{}},"BUd/gx2mttcj42jtyyGdVL6qHO9XXIXR8JyVYl8XUU1+":{"chainKey":{"counter":-1,"key":"FJSioc4uOHhax2SOwHsYtEigC9NWwGuLssFeuIlPH20="},"chainType":1,"messageKeys":{}}}}},"version":"v1"}