{"_sessions":{"BZ/iJjE3YIPz68z0Pemqr4x/fM/9gBmOgcQkXUBJLnoU":{"registrationId":1998506884,"currentRatchet":{"ephemeralKeyPair":{"pubKey":"BcTOduIROMPOw6obvAPUCgXK8ln06VKeF9XQBegQHc4z","privKey":"qM0VTwdc9TYRnqvuXJNtKB/Is4feY7kYDuvdXbsRtkY="},"lastRemoteEphemeralKey":"BatnYFaHkP2bzVMfFKi8yYYNVSdFUfLi1TSfu48ZoaRY","previousCounter":0,"rootKey":"+h4VsGm7+PibMaptG5k6er0Lv4tHXIqN6bGTmJ/EhHg="},"indexInfo":{"baseKey":"BZ/iJjE3YIPz68z0Pemqr4x/fM/9gBmOgcQkXUBJLnoU","baseKeyType":1,"closed":-1,"used":1747219047122,"created":1747219047122,"remoteIdentityKey":"BeTxqOrcln0HnMk+r7ozt8dCqL/DHvp1gVEbMlfiltsB"},"_chains":{"BcTOduIROMPOw6obvAPUCgXK8ln06VKeF9XQBegQHc4z":{"chainKey":{"counter":0,"key":"MzK/Scw+h2wPvmN8rvm1/jwfEpr9kyEjjCu+eXoq+EA="},"chainType":1,"messageKeys":{}}},"pendingPreKey":{"signedKeyId":0,"baseKey":"BZ/iJjE3YIPz68z0Pemqr4x/fM/9gBmOgcQkXUBJLnoU"}}},"version":"v1"}