{"_sessions":{"BcYPC+JDm/qhKVXlKJrLAS2KTU5cUHlaa1BCOrKzQzhl":{"registrationId":2694304,"currentRatchet":{"ephemeralKeyPair":{"pubKey":"BYjH1SBmL34Isx1gt7ugV3APwyVKcyYT0E30crOSVbgs","privKey":"EOHwNhu05omWftOc837DIelm5bShhxHxqSqVDsIXank="},"lastRemoteEphemeralKey":"BVdBnvPbCkA/W1U9i53dVeGtcerodgsYuRdXSYE/rFQ8","previousCounter":0,"rootKey":"wF236Or9hbp9lA4lcp+DcyZHZGaue2B1cVX7+Jy6qq4="},"indexInfo":{"baseKey":"BcYPC+JDm/qhKVXlKJrLAS2KTU5cUHlaa1BCOrKzQzhl","baseKeyType":1,"closed":-1,"used":1747229630976,"created":1747229630976,"remoteIdentityKey":"BUkAQyMgEsTvZHem1ptGQhHv/Slap2fm7XqevBuVFcJ4"},"_chains":{"BYjH1SBmL34Isx1gt7ugV3APwyVKcyYT0E30crOSVbgs":{"chainKey":{"counter":0,"key":"/q1BNZ7dXIphkfCFmVusKS4Q1wyl374CFxJJZU+7MTA="},"chainType":1,"messageKeys":{}}},"pendingPreKey":{"signedKeyId":17,"baseKey":"BcYPC+JDm/qhKVXlKJrLAS2KTU5cUHlaa1BCOrKzQzhl","preKeyId":385130}}},"version":"v1"}