{"_sessions":{"BXZ7mYvcuaKABd9Jy59iPUl7jqMA+HlcMLTa07vjX7Zk":{"registrationId":1641527712,"currentRatchet":{"ephemeralKeyPair":{"pubKey":"BWCPbYx6SCBQGb06xnR2QBH9g+IAgxvVJfStsF9YNURU","privKey":"4JEV8kQzLOmdlbk2ECGu59rNKljv2pmT0UsOqsXsvEk="},"lastRemoteEphemeralKey":"BVlhqlc4nF+dy/j1nyxU9Z7+9lH/0XV1C8Db4KTKWfV0","previousCounter":0,"rootKey":"VhlfplT/mns8QdWNA1tUhI9bXP+/wePGqZyY1tC/8SE="},"indexInfo":{"baseKey":"BXZ7mYvcuaKABd9Jy59iPUl7jqMA+HlcMLTa07vjX7Zk","baseKeyType":1,"closed":-1,"used":1747229631262,"created":1747229631262,"remoteIdentityKey":"BYZJRqCt7+c6y5HuQydp5KTKH6oss38hNvMQsO+u3lMK"},"_chains":{"BWCPbYx6SCBQGb06xnR2QBH9g+IAgxvVJfStsF9YNURU":{"chainKey":{"counter":0,"key":"vNMajJ7okaSGmjVEM1OYKZ+5rkVqF/fItL5LBWkqasc="},"chainType":1,"messageKeys":{}}},"pendingPreKey":{"signedKeyId":1,"baseKey":"BXZ7mYvcuaKABd9Jy59iPUl7jqMA+HlcMLTa07vjX7Zk","preKeyId":962785}}},"version":"v1"}