{"_sessions":{"BUP6KUrxD8Q3n8ZJ3+zMUGBQWURfeoc4r2souxEZycxb":{"registrationId":1284969346,"currentRatchet":{"ephemeralKeyPair":{"pubKey":"BTZAmUGvo4/rzSCxj7FIxmMsFiPxgBfbRkZkcoDz+v16","privKey":"uPVXS27jRQ4eOF1ZegW3Yqe4eNLs7Y7BB/2Se0H+w2g="},"lastRemoteEphemeralKey":"BeMI/lbXer6TekTmyfGuZgRq00XPnE3fCItCA/lozD0q","previousCounter":0,"rootKey":"6ftShZvCyykBmLFi0FIHQJXORVDrzTQWSib8JZe9wlo="},"indexInfo":{"baseKey":"BUP6KUrxD8Q3n8ZJ3+zMUGBQWURfeoc4r2souxEZycxb","baseKeyType":1,"closed":-1,"used":1747219047166,"created":1747219047166,"remoteIdentityKey":"BfDucokX8+T4lLYnAd9go6CGgw5gqp2bXmnIe2AnqBQE"},"_chains":{"BTZAmUGvo4/rzSCxj7FIxmMsFiPxgBfbRkZkcoDz+v16":{"chainKey":{"counter":0,"key":"edNI6uL6ZAVE2UXQ6/5h6EwgeHEczZdsCmQ+GVDfAqo="},"chainType":1,"messageKeys":{}}},"pendingPreKey":{"signedKeyId":1,"baseKey":"BUP6KUrxD8Q3n8ZJ3+zMUGBQWURfeoc4r2souxEZycxb","preKeyId":6389173}}},"version":"v1"}