{"_sessions":{"BYknGqd5Q/Wa7gSpDzAF69C2MpkSKZj1O8wrX6igZwUr":{"registrationId":1491726,"currentRatchet":{"ephemeralKeyPair":{"pubKey":"BRBLdTpHxnwXzlGNSGSreIQqd/RdAsudXZuq5EISFgtE","privKey":"KB7PjBd3BviQHAsmy5UizmedhCHrUvvNA9+aASu9V2A="},"lastRemoteEphemeralKey":"BWwuBvrDLwyk1F9GrDabuwUZxPzuKXFoG0YTnpS7j3th","previousCounter":0,"rootKey":"1jT2tA0c3hOW7uvZN7+Zq3ckhiGN0NH7sUOnp7/8IaE="},"indexInfo":{"baseKey":"BYknGqd5Q/Wa7gSpDzAF69C2MpkSKZj1O8wrX6igZwUr","baseKeyType":1,"closed":-1,"used":1747207240229,"created":1747207240229,"remoteIdentityKey":"BZC2XLtq519W1EYB5nf9KFzy1ah5bLAmDa6mJU4SQkcW"},"_chains":{"BRBLdTpHxnwXzlGNSGSreIQqd/RdAsudXZuq5EISFgtE":{"chainKey":{"counter":7,"key":"0ur18DmwLFbolJ2bnIfl27T75czptdBKbT2/zuWX09Y="},"chainType":1,"messageKeys":{}}},"pendingPreKey":{"signedKeyId":1,"baseKey":"BYknGqd5Q/Wa7gSpDzAF69C2MpkSKZj1O8wrX6igZwUr","preKeyId":6249187}}},"version":"v1"}