{"_sessions":{"BRNCz42+N+qky1/wIpzOwwsOylV75my1639JrNguAclf":{"registrationId":669649120,"currentRatchet":{"ephemeralKeyPair":{"pubKey":"BQ/M4jf7+01IbULudZeF4nhYf0GNAFk+kmY1KEHHoFs9","privKey":"QHiCX0pdBrzWDS6rGtPmHOdZt3W78PTk1bAzoGyUsVY="},"lastRemoteEphemeralKey":"BRsblJ//mIsvVldvER0j++Qssr0Hdywj8nWRZT/+HcFq","previousCounter":0,"rootKey":"4RbauvL8k5s2XxO29msrKlxRds3dP/0gDPzb7fZr5wA="},"indexInfo":{"baseKey":"BRNCz42+N+qky1/wIpzOwwsOylV75my1639JrNguAclf","baseKeyType":1,"closed":-1,"used":1747208182506,"created":1747208182506,"remoteIdentityKey":"BXQ0Ps/rwoCOZz36MUm39stJqr06SBiyoEvFOvKYy684"},"_chains":{"BQ/M4jf7+01IbULudZeF4nhYf0GNAFk+kmY1KEHHoFs9":{"chainKey":{"counter":2,"key":"SMsQFaHbXP73NwEWWNrFo1kWiTjOR6ywuhy9khj8ihE="},"chainType":1,"messageKeys":{}}},"pendingPreKey":{"signedKeyId":0,"baseKey":"BRNCz42+N+qky1/wIpzOwwsOylV75my1639JrNguAclf","preKeyId":2274189}}},"version":"v1"}