{"_sessions":{"BchtEolFDlWCeyFzM636fggYemjOwUPycyAeefNLd+hE":{"registrationId":1167649547,"currentRatchet":{"ephemeralKeyPair":{"pubKey":"Bd0ai6Nm/5E2NAvh/pyLgN4BgAsnh04jjD8/ETNKfesj","privKey":"2JcJfTulCjSTGdZWD8MoP/1AD8hbRJvF0DK9w/zdS2I="},"lastRemoteEphemeralKey":"Bb2Pnz7nmRYwe6rOBnCowtLvdcWB6HR41H0RJ00GxyRT","previousCounter":0,"rootKey":"O9/LHLkgGlEUAmmW8yATdS4WZFVkbk9dzNzXpwtLGvA="},"indexInfo":{"baseKey":"BchtEolFDlWCeyFzM636fggYemjOwUPycyAeefNLd+hE","baseKeyType":1,"closed":-1,"used":1747219050664,"created":1747219050664,"remoteIdentityKey":"Bdbn8Xqq4BiY5fMJ9K4O3KYWIt1u2N4Y8zTvJht5L9Ml"},"_chains":{"Bd0ai6Nm/5E2NAvh/pyLgN4BgAsnh04jjD8/ETNKfesj":{"chainKey":{"counter":0,"key":"VFiiOZfl1l2CpoPx4N4hci72Lj/LIP+ciWkNuJ0xifk="},"chainType":1,"messageKeys":{}}},"pendingPreKey":{"signedKeyId":2,"baseKey":"BchtEolFDlWCeyFzM636fggYemjOwUPycyAeefNLd+hE","preKeyId":10633005}}},"version":"v1"}