{"_sessions":{"BXMd6TaVQlsLjyDa45KMwgnISJOUGX05v2SB98f72oFg":{"registrationId":1068844004,"currentRatchet":{"ephemeralKeyPair":{"pubKey":"BQkNh3sCPNMKFPF16h0R/GO7rXOqih27qPQ5cYucY7cM","privKey":"sJSibY+4wWqega9xXXsP5VggAuHhXgiNJtV0Qe0Ul3o="},"lastRemoteEphemeralKey":"BYcaCeSx7Srgik3ujVutph+5TR1r/3SaWB6nL13sjWBv","previousCounter":0,"rootKey":"Hxz2Ln8vYnpF7hkRoLpLTUnPh+13LRSuVmrCSZiT0v4="},"indexInfo":{"baseKey":"BXMd6TaVQlsLjyDa45KMwgnISJOUGX05v2SB98f72oFg","baseKeyType":1,"closed":-1,"used":1747219047097,"created":1747219047097,"remoteIdentityKey":"BWDiMvlwVl4lEe8y46ABoCvfWS/edtWWRnrhG2jKjO89"},"_chains":{"BQkNh3sCPNMKFPF16h0R/GO7rXOqih27qPQ5cYucY7cM":{"chainKey":{"counter":0,"key":"w3jDHYp8T9V9Y23aDKzcYyG64qYjq8HmmBjVADtBZ10="},"chainType":1,"messageKeys":{}}},"pendingPreKey":{"signedKeyId":1,"baseKey":"BXMd6TaVQlsLjyDa45KMwgnISJOUGX05v2SB98f72oFg"}}},"version":"v1"}