{"_sessions":{"BSq4U0YxeYRXbrHYlRaCpQXYRaROXU17oHQelLuN5D0O":{"registrationId":1500155013,"currentRatchet":{"ephemeralKeyPair":{"pubKey":"Bf+0cTC054c7BKeIQM/bzj4b2cdGNwCZNMYPZ2T3YbIe","privKey":"AORxKRiWX8wO+J5RNznG4SN7Ll5hkkZpafcrPrjlVWk="},"lastRemoteEphemeralKey":"Be+pXAsMTeaZKXo+VgvvK2IF2j6puSr0c8qA1gFr2nct","previousCounter":0,"rootKey":"/GtthGd3yP6b5mMJz+xtTI2wurOPzdpWTHDa6lq+thM="},"indexInfo":{"baseKey":"BSq4U0YxeYRXbrHYlRaCpQXYRaROXU17oHQelLuN5D0O","baseKeyType":1,"closed":-1,"used":1747229631215,"created":1747229631215,"remoteIdentityKey":"BeMaQZOdAHvCmjH6GA5Tpv8oXuKJ87RKIE5PSoljSjdR"},"_chains":{"Bf+0cTC054c7BKeIQM/bzj4b2cdGNwCZNMYPZ2T3YbIe":{"chainKey":{"counter":0,"key":"nObrQw3T7EG96YUeEwG4H4Cy2vViWpLWbJgk0ubXDWE="},"chainType":1,"messageKeys":{}}},"pendingPreKey":{"signedKeyId":1,"baseKey":"BSq4U0YxeYRXbrHYlRaCpQXYRaROXU17oHQelLuN5D0O","preKeyId":3785192}}},"version":"v1"}