{"_sessions":{"BVcxVnaubkDQN4Qcp7xVh8/KdY7VJML4B1vI9ZXHQTx0":{"registrationId":1634200445,"currentRatchet":{"ephemeralKeyPair":{"pubKey":"BcBiXNw4SflZt78cIqza2UFxPi7cqHKZtUVhn5OANb9Y","privKey":"EJMQqRZoKSxcqOdeM+Z03tC1TS+iZEg6mwBw/+Ez1nI="},"lastRemoteEphemeralKey":"BYKNUPGhTLj8CfElF8AtRf2fpMRLNpfF/pVIr3gN6UZd","previousCounter":0,"rootKey":"o2Q08nsoZ0cYabgWZ47h+jc4yRCyAkWrAXnHjKR5hrE="},"indexInfo":{"baseKey":"BVcxVnaubkDQN4Qcp7xVh8/KdY7VJML4B1vI9ZXHQTx0","baseKeyType":1,"closed":-1,"used":1747219047218,"created":1747219047218,"remoteIdentityKey":"BfTScMC+g9ILF3GwbzvHz6BiuAy2HQRgeL/WnKgsN0gH"},"_chains":{"BcBiXNw4SflZt78cIqza2UFxPi7cqHKZtUVhn5OANb9Y":{"chainKey":{"counter":0,"key":"bQApj9i2PAdnN28EIzQROW/cpPMyAJrxlKdGZxF8C1Y="},"chainType":1,"messageKeys":{}}},"pendingPreKey":{"signedKeyId":0,"baseKey":"BVcxVnaubkDQN4Qcp7xVh8/KdY7VJML4B1vI9ZXHQTx0","preKeyId":3213641}}},"version":"v1"}