{"_sessions":{"BSODwDqWbOCrO4KN0jUnbg5juzOJCOdQrpBcpGSkDKhK":{"registrationId":1526139033,"currentRatchet":{"ephemeralKeyPair":{"pubKey":"BT/u5LWNwDSZUjFjP46zYQE25PvzBhydzpMNS9ii0Ix0","privKey":"KIxxtcyrb9uPp7IQAWE9/nlHpyVIzL1oLXaNWkLZfWM="},"lastRemoteEphemeralKey":"BREtz4qvUC3BgWsXpUfxAYvVBuyhWwB1epXIrzhXBWtI","previousCounter":0,"rootKey":"I8oXpFETJLFpO84NaLJGxq0QBhPmKsd+KxUhUFZLPpo="},"indexInfo":{"baseKey":"BSODwDqWbOCrO4KN0jUnbg5juzOJCOdQrpBcpGSkDKhK","baseKeyType":1,"closed":-1,"used":1747229631109,"created":1747229631109,"remoteIdentityKey":"BVRk0VVzpn0d7M33PjNxYskrjKwFZDsERMXFUDbndScK"},"_chains":{"BT/u5LWNwDSZUjFjP46zYQE25PvzBhydzpMNS9ii0Ix0":{"chainKey":{"counter":0,"key":"i0bFYsJYic4WEpU/TB+dH9s2gbmU+/+N2Ao0pxDFkEk="},"chainType":1,"messageKeys":{}}},"pendingPreKey":{"signedKeyId":5,"baseKey":"BSODwDqWbOCrO4KN0jUnbg5juzOJCOdQrpBcpGSkDKhK"}}},"version":"v1"}