{"_sessions":{"BXi7X+ONmYXbLy5+rjL/LRCDXAJI+rRwEM6l7UPj4lZQ":{"registrationId":855346270,"currentRatchet":{"ephemeralKeyPair":{"pubKey":"BUbh5XRr/WQHYji+/57GbFd5l8BPErsEdZfdDxNow79a","privKey":"4CLeDZHwlGFgrEE0NA1dT81WWHwijOO3E7VvIsMx70E="},"lastRemoteEphemeralKey":"Bda22RiTrhW85FoyWvfjm/mSyhAQzX8nKTMvs1Hlr/lE","previousCounter":0,"rootKey":"3LPElEyk0alXwVI9vQTWwsAPZuh5zN8A1xXgipmYXLk="},"indexInfo":{"baseKey":"BXi7X+ONmYXbLy5+rjL/LRCDXAJI+rRwEM6l7UPj4lZQ","baseKeyType":1,"closed":-1,"used":1747207240092,"created":1747207240092,"remoteIdentityKey":"BVb027fFmqvuKHHs1rZ9kaDSM2L2FwayIWiL8xFaKAs+"},"_chains":{"BUbh5XRr/WQHYji+/57GbFd5l8BPErsEdZfdDxNow79a":{"chainKey":{"counter":7,"key":"VQbaByOQOfypoMQaginGbm46ybujivIoZiCk3hBg5FA="},"chainType":1,"messageKeys":{}}},"pendingPreKey":{"signedKeyId":11,"baseKey":"BXi7X+ONmYXbLy5+rjL/LRCDXAJI+rRwEM6l7UPj4lZQ","preKeyId":13760376}}},"version":"v1"}