{"_sessions":{"BZxCAZL8crjjUMT7HvZnt3Kxp/ohnyG1pBl6CqWSTvMf":{"registrationId":1153073816,"currentRatchet":{"ephemeralKeyPair":{"pubKey":"Bf+ac+ISgLHDABOgtgyKFxmOMtqkxfM2xZ4RRind7pgO","privKey":"OFXHtaZBcmEwR0+KctkDk0nd4rrbcUk5JqPzDKhdFks="},"lastRemoteEphemeralKey":"Bcm7wDggQj+LDsMfIaAIrC6pOcb6Q/LL0YcwYCaF4vJd","previousCounter":0,"rootKey":"ExUemXgsbts7nAWvc9vlEixd7zWZ4GaOM+cyrYyZWpM="},"indexInfo":{"baseKey":"BZxCAZL8crjjUMT7HvZnt3Kxp/ohnyG1pBl6CqWSTvMf","baseKeyType":1,"closed":-1,"used":1747229631093,"created":1747229631093,"remoteIdentityKey":"BRnnhcNSsxZiKQ2F4UMQUZuFGmwnyZGZv6+iylvwTz5T"},"_chains":{"Bf+ac+ISgLHDABOgtgyKFxmOMtqkxfM2xZ4RRind7pgO":{"chainKey":{"counter":0,"key":"UDQQk8CcAPq/4uHF05bdgSRJDonwKuVdJCKSrsT7kV4="},"chainType":1,"messageKeys":{}}},"pendingPreKey":{"signedKeyId":28,"baseKey":"BZxCAZL8crjjUMT7HvZnt3Kxp/ohnyG1pBl6CqWSTvMf","preKeyId":392011}}},"version":"v1"}