{"_sessions":{"Bd7/adSuko2qnnZYZ33cjbuW1WMI3KCKOPVlsHbS5agD":{"registrationId":82943744,"currentRatchet":{"ephemeralKeyPair":{"pubKey":"BTcRrFq5JUvAkCKevU9jaq+8sFYK9kyiRX5Yxd3MP+NB","privKey":"2CuFufhXGIbzCpJ6BpmY6CY9qlBA0CGp4KPM5JOUpFY="},"lastRemoteEphemeralKey":"BaMxw4O1F0xMuzNgTYeOaRIYDYdHL5rLPqa58y9GTbx4","previousCounter":0,"rootKey":"v8NwotqTF2We9b1QihyjUgSAp+SSVIcOkanNbv05Nbk="},"indexInfo":{"baseKey":"Bd7/adSuko2qnnZYZ33cjbuW1WMI3KCKOPVlsHbS5agD","baseKeyType":1,"closed":-1,"used":1747209564495,"created":1747209564495,"remoteIdentityKey":"BZXLltqJAzzwzaNb8n2EZIbZf05SQRxh8Qlz+wd+2V1K"},"_chains":{"BTcRrFq5JUvAkCKevU9jaq+8sFYK9kyiRX5Yxd3MP+NB":{"chainKey":{"counter":0,"key":"BonssF/nhKdTBxbQDalXyLhcYzvAapNsqWCQDIEeaqg="},"chainType":1,"messageKeys":{}}},"pendingPreKey":{"signedKeyId":16,"baseKey":"Bd7/adSuko2qnnZYZ33cjbuW1WMI3KCKOPVlsHbS5agD","preKeyId":14183979}}},"version":"v1"}