{"_sessions":{"BR4MCXr4EJE6v6OacEUwn9mC6MtH7zUdmlcY7pZ9hlN4":{"registrationId":664404672,"currentRatchet":{"ephemeralKeyPair":{"pubKey":"BcR65lEUElBine8IkC8lEeZp2bkMHYDQGcoL95ImPRNB","privKey":"eGwu6uqlqbByGc2X/1ByvPTadJdR39DB2zPtPrtT81M="},"lastRemoteEphemeralKey":"BZ3s0oqU6hsGtXUOA2TZz0gRPwlC5kiFOvMuEcKlkBJt","previousCounter":0,"rootKey":"pdA6TxQ0kRpA3SZepJL7435ucmzPy87by8LNExTZl0s="},"indexInfo":{"baseKey":"BR4MCXr4EJE6v6OacEUwn9mC6MtH7zUdmlcY7pZ9hlN4","baseKeyType":1,"closed":-1,"used":1747219049188,"created":1747219049188,"remoteIdentityKey":"BSdDXRTxNJUs+BqSUhn0XMBwq5WbOPp4mAbbuEGLJtwL"},"_chains":{"BcR65lEUElBine8IkC8lEeZp2bkMHYDQGcoL95ImPRNB":{"chainKey":{"counter":0,"key":"YoJ3pJ0cntvgof0O2VfemJu2LHoMx4SU6avlVsLVOE0="},"chainType":1,"messageKeys":{}}},"pendingPreKey":{"signedKeyId":1,"baseKey":"BR4MCXr4EJE6v6OacEUwn9mC6MtH7zUdmlcY7pZ9hlN4","preKeyId":3613778}}},"version":"v1"}