{"_sessions":{"BQaF9EABk4g5JVf1NRm4bSn/kEOmgLkOwAwlLRhF8K8F":{"registrationId":1040164005,"currentRatchet":{"ephemeralKeyPair":{"pubKey":"BZgJ7AomKedkoOFGpzTYyVmuVvPyzL3R5/7GYBy1B386","privKey":"wE+C3dGDDzDzUX4ASSMJOxBz5ie9pnluqQSf03gkymI="},"lastRemoteEphemeralKey":"BfZSd3I2P0TNrYprtbpnJfcMG+u27lND6Pfs5Mf0tRcn","previousCounter":0,"rootKey":"/GgIQE1vNC2ESe17rmRgaETqM6bexe/U69XskKr6FDk="},"indexInfo":{"baseKey":"BQaF9EABk4g5JVf1NRm4bSn/kEOmgLkOwAwlLRhF8K8F","baseKeyType":1,"closed":-1,"used":1747208249723,"created":1747208249723,"remoteIdentityKey":"BQUh7iS5xL0/Kv6hJBWrADYmSoECI9iKar7c5Pa8RaBf"},"_chains":{"BZgJ7AomKedkoOFGpzTYyVmuVvPyzL3R5/7GYBy1B386":{"chainKey":{"counter":0,"key":"bqn7Hhxxek+Zbovjd/X8RFXphjEkPCLApkIRtBvIedA="},"chainType":1,"messageKeys":{}}},"pendingPreKey":{"signedKeyId":10,"baseKey":"BQaF9EABk4g5JVf1NRm4bSn/kEOmgLkOwAwlLRhF8K8F","preKeyId":13114658}}},"version":"v1"}