{"_sessions":{"Bawoyd05n+ZAVT7kWen3xgPtSvbkyV/VEO7r4NvZfsAp":{"registrationId":804774985,"currentRatchet":{"ephemeralKeyPair":{"pubKey":"BS0A0phBSiD+km5iJuHJTRLRUcK7fe9XKrGjoKknUeR3","privKey":"yMFMQ8TRa//BcfZrGC6OpX4er6+UgBaMXwKZiIYgn0M="},"lastRemoteEphemeralKey":"BQYLlXs9KPEmUpXF5MFJO4MDR+w0GHFJZW+6mUG7FFxC","previousCounter":0,"rootKey":"OSyn4O1TO3/ZmfDIP7xQI7iYAlS/qacgz2n76xgXUBs="},"indexInfo":{"baseKey":"Bawoyd05n+ZAVT7kWen3xgPtSvbkyV/VEO7r4NvZfsAp","baseKeyType":1,"closed":-1,"used":1747207240190,"created":1747207240190,"remoteIdentityKey":"BTxwfm5WEBGUFUedHSioxCIW5Bnjs5gCi8uzK5mC9882"},"_chains":{"BS0A0phBSiD+km5iJuHJTRLRUcK7fe9XKrGjoKknUeR3":{"chainKey":{"counter":7,"key":"3E7huCeCjQB4e+MLjtJlUHPOOboO2CyIt275/AKv8/Y="},"chainType":1,"messageKeys":{}}},"pendingPreKey":{"signedKeyId":0,"baseKey":"Bawoyd05n+ZAVT7kWen3xgPtSvbkyV/VEO7r4NvZfsAp","preKeyId":4944147}}},"version":"v1"}