{"_sessions":{"BWIgjOKGnYSnE/MIncNiovgqkSnzLg/NmcGRWL+0f5ha":{"registrationId":224,"currentRatchet":{"ephemeralKeyPair":{"pubKey":"BXyM0igUedysM/NA++4RGXqHvsTFLd+3WVIt2tdMlAoY","privKey":"AJxqnTYPs6XGfkzzcUtH7fatEudOeQnQUOYFWpfX03A="},"lastRemoteEphemeralKey":"BVqQBIP9dvqi56LdJCpIavX6lPpSC4/hdsuorXcbuO1w","previousCounter":0,"rootKey":"dIO3AA1zpYf+ThqeQmSwmajrjXzI0e26SxQ5tuo55FY="},"indexInfo":{"baseKey":"BWIgjOKGnYSnE/MIncNiovgqkSnzLg/NmcGRWL+0f5ha","baseKeyType":1,"closed":-1,"used":1747219044885,"created":1747219044885,"remoteIdentityKey":"BTY8Sdy9VvMx/L9MhRqjR1cu/V4p0FM4Z3pF8mofcB1w"},"_chains":{"BXyM0igUedysM/NA++4RGXqHvsTFLd+3WVIt2tdMlAoY":{"chainKey":{"counter":0,"key":"VtQB5oTsTf9M0HLZzNktWZhtTdfqoue7CA4s+0hlKVQ="},"chainType":1,"messageKeys":{}}},"pendingPreKey":{"signedKeyId":1,"baseKey":"BWIgjOKGnYSnE/MIncNiovgqkSnzLg/NmcGRWL+0f5ha"}}},"version":"v1"}