{"_sessions":{"BaCLHnik4Q0QawGuMT2fd+q0mtO4hI+EvjTxEccunZdV":{"registrationId":1034575218,"currentRatchet":{"ephemeralKeyPair":{"pubKey":"BUe+G2VVu7Z0dW4JYeY/DRHfcyyUW1FMqGzKU8mjZzsa","privKey":"iGShZN22X4Rg/XCVkRnrDJte9YUWqubfSrz4/EZoJlk="},"lastRemoteEphemeralKey":"BduKxUQQ7E//Ak8vg35VRPDyF0ONiAcOJfCFKVv4W7QA","previousCounter":0,"rootKey":"VOBcBlPDdPirdepiRWmScR5SSWoQEWzqlA6FS24o+kQ="},"indexInfo":{"baseKey":"BaCLHnik4Q0QawGuMT2fd+q0mtO4hI+EvjTxEccunZdV","baseKeyType":1,"closed":-1,"used":1747219046968,"created":1747219046968,"remoteIdentityKey":"BUOexldFXojvcyjO78Rn3vDal2tw2RDErHevLnaOK8AO"},"_chains":{"BUe+G2VVu7Z0dW4JYeY/DRHfcyyUW1FMqGzKU8mjZzsa":{"chainKey":{"counter":0,"key":"21/Zwklb5MASDl9SwamaUsQDX6IqtieNy3hK1VNzOEU="},"chainType":1,"messageKeys":{}}},"pendingPreKey":{"signedKeyId":3,"baseKey":"BaCLHnik4Q0QawGuMT2fd+q0mtO4hI+EvjTxEccunZdV","preKeyId":4580350}}},"version":"v1"}