{"_sessions":{"BWy64CAfKuyQfEscBIswFukiz0EEPw9bJBGb21LahAtn":{"registrationId":105160352,"currentRatchet":{"ephemeralKeyPair":{"pubKey":"BfcEQQ2ekJs7mdW7w5hOyrhyOO8P214K5aeijPWK3Sgy","privKey":"oBqv1edVwQd/OBMJC/Jc/ThORb4KFausFCBNhuqY3E8="},"lastRemoteEphemeralKey":"BWxEA7sEW4w5qJvPndP05tuNiBkAkTmO42F+ZEbt8CIA","previousCounter":0,"rootKey":"81v4B34HDIkT1/ET0WO7KmGIkXJz7vbaNT6w9IV5uA0="},"indexInfo":{"baseKey":"BWy64CAfKuyQfEscBIswFukiz0EEPw9bJBGb21LahAtn","baseKeyType":1,"closed":-1,"used":1747207240124,"created":1747207240124,"remoteIdentityKey":"BdBmxWo7Rp4+bpKNE7P7gc45mV08/BnnHCSM9ZJNfKdU"},"_chains":{"BfcEQQ2ekJs7mdW7w5hOyrhyOO8P214K5aeijPWK3Sgy":{"chainKey":{"counter":7,"key":"VvvuB4ksG0G+4oxJUAIpMVYyNWdvFOh4//XGZ92X6SE="},"chainType":1,"messageKeys":{}}},"pendingPreKey":{"signedKeyId":2,"baseKey":"BWy64CAfKuyQfEscBIswFukiz0EEPw9bJBGb21LahAtn","preKeyId":502511}}},"version":"v1"}