{"_sessions":{"BfOuo6WlUd4cV1N46fUqAEfGotVr64ud8K5Do/KWNv5f":{"registrationId":2064777164,"currentRatchet":{"ephemeralKeyPair":{"pubKey":"BTYmCxCTsWJIzbfI1Jx3aKeJGKuwav1HUoLHSUS4s8B4","privKey":"6A1Vrc1R+PwUa1xLXwi8Vc3dixYGXmwuibdLsn4xWlg="},"lastRemoteEphemeralKey":"BcdtApdTKV0xXjGn5LyQPaXbajCIn+fbO7K7BG2cFSBb","previousCounter":0,"rootKey":"RShks6ENEURL9VpLeKjLmR+FjvDlW8Yi8Zwm1jPZj30="},"indexInfo":{"baseKey":"BfOuo6WlUd4cV1N46fUqAEfGotVr64ud8K5Do/KWNv5f","baseKeyType":1,"closed":-1,"used":1747229445180,"created":1747229445180,"remoteIdentityKey":"BRFx5nSOY/Kq/C42PMGxM7QunOwXTCYg1EWIP0DfRt83"},"_chains":{"BTYmCxCTsWJIzbfI1Jx3aKeJGKuwav1HUoLHSUS4s8B4":{"chainKey":{"counter":2,"key":"oC1W3BPisKDYxb6O/qKIaNP2YtFc2IwyFUA+j969+8o="},"chainType":1,"messageKeys":{}}},"pendingPreKey":{"signedKeyId":0,"baseKey":"BfOuo6WlUd4cV1N46fUqAEfGotVr64ud8K5Do/KWNv5f"}}},"version":"v1"}