{"_sessions":{"BReN7TG1q3GeadOfdTgmd4/HBgg56m/fIK0NDuqy5CFk":{"registrationId":2048781292,"currentRatchet":{"ephemeralKeyPair":{"pubKey":"Bd29p127Q8z871ttwh+HMfUinIygQiAKl0zyXE0anzkf","privKey":"EKoOQ8YxtUSM+OAlblk5LeGQjfYZPmod2n7cS5CjeEo="},"lastRemoteEphemeralKey":"BTIqnVa1gpgQf3+paj0jdUJ6I+LpmgH2bFINOrpXs+0s","previousCounter":0,"rootKey":"DuWpLwOlGqD5sWAkbJgbnVPs4BKG6IiY5tal/lFDsOU="},"indexInfo":{"baseKey":"BReN7TG1q3GeadOfdTgmd4/HBgg56m/fIK0NDuqy5CFk","baseKeyType":1,"closed":-1,"used":1747229631164,"created":1747229631164,"remoteIdentityKey":"Be2KXd55fWD5WQEbucTyrleqUJWTDo9vdLOobe6UIpQI"},"_chains":{"Bd29p127Q8z871ttwh+HMfUinIygQiAKl0zyXE0anzkf":{"chainKey":{"counter":0,"key":"mN5YIRXHn4yK5PXdujPb2NjhVsmkYWRvdlDh1RejlSE="},"chainType":1,"messageKeys":{}}},"pendingPreKey":{"signedKeyId":0,"baseKey":"BReN7TG1q3GeadOfdTgmd4/HBgg56m/fIK0NDuqy5CFk","preKeyId":5174436}}},"version":"v1"}