{"_sessions":{"BZxEwY7zrdCQ07O0hjR9Z+taYJ68Ka81KXgs9aYlcjNx":{"registrationId":1375084168,"currentRatchet":{"ephemeralKeyPair":{"pubKey":"BR7bu9xAmyhCMpvSigs5eYUGGlGdkrhu/pCOijqBzChd","privKey":"6McAKFvrA3BEJR+kFt2NB126HEIWR2eBTosCpDYJPGw="},"lastRemoteEphemeralKey":"BRgojI68Wu0sIJPpLLMY5vJpb9RyG5xhhqIgIfdKCUZT","previousCounter":0,"rootKey":"s9a+faN0dJAqFoIAqRaKAx9snbyNXrqpWllMsHCoSR8="},"indexInfo":{"baseKey":"BZxEwY7zrdCQ07O0hjR9Z+taYJ68Ka81KXgs9aYlcjNx","baseKeyType":1,"closed":-1,"used":1747229445236,"created":1747229445236,"remoteIdentityKey":"BVKE1vytTulGLMoXJepaDfxJxQQqFXTsO0OGAzevDAcy"},"_chains":{"BR7bu9xAmyhCMpvSigs5eYUGGlGdkrhu/pCOijqBzChd":{"chainKey":{"counter":2,"key":"d0pItNfbqKtDmSMgpwZrA6z++bhEQSkIiCeLOYBFPRw="},"chainType":1,"messageKeys":{}}},"pendingPreKey":{"signedKeyId":6,"baseKey":"BZxEwY7zrdCQ07O0hjR9Z+taYJ68Ka81KXgs9aYlcjNx","preKeyId":7736772}}},"version":"v1"}