{"_sessions":{"BdAOTTtmS1Q4I16no2tl84GZepG6dUPBXSI9yl8GwyJr":{"registrationId":1090654006,"currentRatchet":{"ephemeralKeyPair":{"pubKey":"BU/7VoD5e+J3qyl6yR6GtKsi5WTSTwZgUCkW/rSZ3Ohc","privKey":"EASWipSdlmo7vXHCnlpVF5D9t9ct0QprHspDmjsNlnY="},"lastRemoteEphemeralKey":"BZI3V8MzRqN1Ekr6BXp9p0rA+sp/getFUZHmfmFxyuku","previousCounter":0,"rootKey":"EEiZwgh94IamDPnHLlYw6bnABxZJEI4Z8nTLpXJnX34="},"indexInfo":{"baseKey":"BdAOTTtmS1Q4I16no2tl84GZepG6dUPBXSI9yl8GwyJr","baseKeyType":1,"closed":-1,"used":1747222182543,"created":1747222182543,"remoteIdentityKey":"BesDDFxI5v4MttQkY2OVIyDJjlzoaNhq0IcgOpog2J1D"},"_chains":{"BU/7VoD5e+J3qyl6yR6GtKsi5WTSTwZgUCkW/rSZ3Ohc":{"chainKey":{"counter":16,"key":"D3FLF6ky/wCDo/APWv8w/sPuO7/RbKcW8AUBOsPXPjI="},"chainType":1,"messageKeys":{}}},"pendingPreKey":{"signedKeyId":10,"baseKey":"BdAOTTtmS1Q4I16no2tl84GZepG6dUPBXSI9yl8GwyJr","preKeyId":6834447}}},"version":"v1"}