{"_sessions":{"BZ43obuJKzZM2wF5qP1EPlIYKLSrLNN+T/vcoSpe3aBw":{"registrationId":2082644785,"currentRatchet":{"ephemeralKeyPair":{"pubKey":"BS1EoaJPou+ACYTaEdjdSOXfCt38wRNFLLUZAy31dyl/","privKey":"YCI9x86EfFKeGmKj8BICPnp1gNOFSCCtgVXVGN8v7Hs="},"lastRemoteEphemeralKey":"BZSWIFR7BWxrmQ7fXJLjdVOyEUc2vNupiJI9g1QU6lwA","previousCounter":0,"rootKey":"3oYeftvmAqHDVlwAQmWmAW/zI90S+qcuJvVQmMKflVo="},"indexInfo":{"baseKey":"BZ43obuJKzZM2wF5qP1EPlIYKLSrLNN+T/vcoSpe3aBw","baseKeyType":1,"closed":-1,"used":1747208182481,"created":1747208182481,"remoteIdentityKey":"BQboO1gWN+jJUN14Qy2hxmsiNewQiYMnaYVFe85P0VVm"},"_chains":{"BS1EoaJPou+ACYTaEdjdSOXfCt38wRNFLLUZAy31dyl/":{"chainKey":{"counter":2,"key":"XBlhZsCKn8pGIXO41nEN+D/uRqPIfijmNOBGeCNgjLk="},"chainType":1,"messageKeys":{}}},"pendingPreKey":{"signedKeyId":6,"baseKey":"BZ43obuJKzZM2wF5qP1EPlIYKLSrLNN+T/vcoSpe3aBw"}}},"version":"v1"}