{"_sessions":{"BeiUtZBN1qFdKrp7YR9hBXNVi/vTqBtRhBlJ7nRhnehI":{"registrationId":717321124,"currentRatchet":{"ephemeralKeyPair":{"pubKey":"BTPv84S/P06j+wqwdHAOSR+F09ABlqQmtyKCNRd1xDtZ","privKey":"4Pvtkx1/EwfuHlqx8QjLuiajpu1lrnO9d/Lkz+q5J2E="},"lastRemoteEphemeralKey":"BXQh9lGN8DvaRX+9GGNqe66XiXVf6mG7vpy0czAQXh8s","previousCounter":0,"rootKey":"KRtr30sprLdpH1BCWUwjXXJ+PLSdSyt4XY8rHiY54EM="},"indexInfo":{"baseKey":"BeiUtZBN1qFdKrp7YR9hBXNVi/vTqBtRhBlJ7nRhnehI","baseKeyType":1,"closed":-1,"used":1747208182625,"created":1747208182625,"remoteIdentityKey":"BfmsoUU/BPfjC6lJwVyDOlzlugT7OhFrHILxc0MsaPtA"},"_chains":{"BTPv84S/P06j+wqwdHAOSR+F09ABlqQmtyKCNRd1xDtZ":{"chainKey":{"counter":2,"key":"tYTb1TI6Oq2um+GMo6urGk9/HEjGEuoA6YH8m0lQejY="},"chainType":1,"messageKeys":{}}},"pendingPreKey":{"signedKeyId":4,"baseKey":"BeiUtZBN1qFdKrp7YR9hBXNVi/vTqBtRhBlJ7nRhnehI","preKeyId":2390279}}},"version":"v1"}