{"_sessions":{"BW8rqDorHbnpi7sihBYwkq4uv9gbLgs88J5GYLJV/2dG":{"registrationId":395115748,"currentRatchet":{"ephemeralKeyPair":{"pubKey":"BcPShCwjBflB1JMzN1U8MAh8Hlh6uMCC/00+69Vmpgct","privKey":"qHRhh8iRqzn46bh5MhyvyS1Xeo2K9JQBtZE7boXVk1Q="},"lastRemoteEphemeralKey":"BZv6BQGMFBDHMAMUPWojCP8EOnDvQbouEdEUuf89flpJ","previousCounter":0,"rootKey":"42qEEMED1L5Qd6kwXCRx0r+/lCKAouoETihUF2MPrAE="},"indexInfo":{"baseKey":"BW8rqDorHbnpi7sihBYwkq4uv9gbLgs88J5GYLJV/2dG","baseKeyType":1,"closed":-1,"used":1747219050620,"created":1747219050620,"remoteIdentityKey":"Bf2HmIxjno6RCE9Xnpgl1KvVAXudY7e3AsZd3/AFmSM6"},"_chains":{"BcPShCwjBflB1JMzN1U8MAh8Hlh6uMCC/00+69Vmpgct":{"chainKey":{"counter":0,"key":"m0h3UkGyZKbE4eiZHHf3sHPgpOuUydw85ywTt37mvac="},"chainType":1,"messageKeys":{}}},"pendingPreKey":{"signedKeyId":4,"baseKey":"BW8rqDorHbnpi7sihBYwkq4uv9gbLgs88J5GYLJV/2dG","preKeyId":4089344}}},"version":"v1"}