{"_sessions":{"BUMa9+v5nLoLJHWOVA+a79mObvf0vSvbodtct57P6QVA":{"registrationId":1441091590,"currentRatchet":{"ephemeralKeyPair":{"pubKey":"BQpWrCPOcTIWSoD+busVMGrykZjVkiVGohRZntAQ479j","privKey":"2LAdbliwS93FGBhNhmp+boQ1OtvIRcapPe/IO/eY2Hc="},"lastRemoteEphemeralKey":"BWLg64lK6jL7WWuXv+Mf8LPD1EbWixqkIVsn8X0TT5p4","previousCounter":0,"rootKey":"0Hx4q4lRl7lXj1MT2fLdH66pq921Qjv/jKr9N0nPGc0="},"indexInfo":{"baseKey":"BUMa9+v5nLoLJHWOVA+a79mObvf0vSvbodtct57P6QVA","baseKeyType":1,"closed":-1,"used":1747219047146,"created":1747219047146,"remoteIdentityKey":"Be0LgXt5pHue/h8ugabSnfs/UQDBKZ6WEXeNFbIRJSUy"},"_chains":{"BQpWrCPOcTIWSoD+busVMGrykZjVkiVGohRZntAQ479j":{"chainKey":{"counter":0,"key":"6+WOAj3no2AWcohcUEHpkkwoxwVa5BtyiJoh8B7Dqqw="},"chainType":1,"messageKeys":{}}},"pendingPreKey":{"signedKeyId":0,"baseKey":"BUMa9+v5nLoLJHWOVA+a79mObvf0vSvbodtct57P6QVA","preKeyId":15099124}}},"version":"v1"}