{"_sessions":{"BZZGX+njAgMmEwliZ+8MpIoAB9+TPznvB5xr0vavV+By":{"registrationId":367868235,"currentRatchet":{"ephemeralKeyPair":{"pubKey":"BSkgsVJuPh9TUjYFblTa6nFVdMkSfkjkGfPzXieuHnN4","privKey":"GL0yzYhvI1u63+rhOxGyWvRmtgE/SzgyxjUIAER8r2U="},"lastRemoteEphemeralKey":"BQJSk+lLsxCoILeea2rzc2PeagCs/cpxIOkQLJ9Ir3pC","previousCounter":0,"rootKey":"3NodTo/IqigQCmp5V9ZTqaXwZVKjjL3zjY5iYJwNvDw="},"indexInfo":{"baseKey":"BZZGX+njAgMmEwliZ+8MpIoAB9+TPznvB5xr0vavV+By","baseKeyType":1,"closed":-1,"used":1747208182469,"created":1747208182469,"remoteIdentityKey":"BZxnuyZzmXQYsIGsGOqe8+Bdcn6AjJ6pkVAECmQtfVkr"},"_chains":{"BSkgsVJuPh9TUjYFblTa6nFVdMkSfkjkGfPzXieuHnN4":{"chainKey":{"counter":2,"key":"ElWziA8p0bCVJQGIb3P+ESgePJFYdqtLPlAvLuMeqrg="},"chainType":1,"messageKeys":{}}},"pendingPreKey":{"signedKeyId":2,"baseKey":"BZZGX+njAgMmEwliZ+8MpIoAB9+TPznvB5xr0vavV+By","preKeyId":5538192}}},"version":"v1"}