{"_sessions":{"BZCHqVSqENm+J4CZciqQWru6R5j5y2mts/WZhCCXN0op":{"registrationId":1594662021,"currentRatchet":{"ephemeralKeyPair":{"pubKey":"Bc/Ux7qqZV26kUd+MSFK+R7aPl9P+a7T6SVTxYlQ+ick","privKey":"0Plrda5vfEGU96rpjh1SDronkvWpHeEDtGfEFMAAMlg="},"lastRemoteEphemeralKey":"BcWHPlod06B4mnzaN+d1mJUh3i0YkLiXUz8YQ0vpNXsR","previousCounter":0,"rootKey":"EMNzQcgC5NpNIx7x+ink13k40WDjMa9pQmV9/2CCaZI="},"indexInfo":{"baseKey":"BZCHqVSqENm+J4CZciqQWru6R5j5y2mts/WZhCCXN0op","baseKeyType":1,"closed":-1,"used":1747219044983,"created":1747219044983,"remoteIdentityKey":"BXO59gM3/jJltJJJkB44ETB9jYzJMpkDAksN9W1pPWJL"},"_chains":{"Bc/Ux7qqZV26kUd+MSFK+R7aPl9P+a7T6SVTxYlQ+ick":{"chainKey":{"counter":0,"key":"Lw8SCgEbEOAkbjkDVtNdppe/UTi9XjQCnfJBj4Tdshs="},"chainType":1,"messageKeys":{}}},"pendingPreKey":{"signedKeyId":1,"baseKey":"BZCHqVSqENm+J4CZciqQWru6R5j5y2mts/WZhCCXN0op","preKeyId":6500769}}},"version":"v1"}