{"_sessions":{"BYSRsggPxVkN/UtHPjyZsTB9VnUuZ73IUj3VS6qGcWRH":{"registrationId":4734629,"currentRatchet":{"ephemeralKeyPair":{"pubKey":"BWuoPMwsoaoOLqh+IU++ie+HUXITwLrx9LH3amRQeF4N","privKey":"cP0dwpZuDJYzZ/SX/BJJ/iPFRKBNzGWDHLonOiNKcnI="},"lastRemoteEphemeralKey":"BczXsFdBmf4Ny13DIfcsfpHDdLBAfTGRTiK9icQibikh","previousCounter":0,"rootKey":"bN7Jcl9TO5xfhEbLSrztgvsH8ygBOFgFtqhlIfoBJRo="},"indexInfo":{"baseKey":"BYSRsggPxVkN/UtHPjyZsTB9VnUuZ73IUj3VS6qGcWRH","baseKeyType":1,"closed":-1,"used":1747219047203,"created":1747219047203,"remoteIdentityKey":"BdWrYm7/nHmg+YLTmQ1m/JvS6vdRv6crGl+MqIla36wa"},"_chains":{"BWuoPMwsoaoOLqh+IU++ie+HUXITwLrx9LH3amRQeF4N":{"chainKey":{"counter":0,"key":"TzoJJA+zizSrrRFwYDbluzOokNTruBmaCmMOZ8RXOCc="},"chainType":1,"messageKeys":{}}},"pendingPreKey":{"signedKeyId":4,"baseKey":"BYSRsggPxVkN/UtHPjyZsTB9VnUuZ73IUj3VS6qGcWRH","preKeyId":886286}}},"version":"v1"}