{"_sessions":{"BZzBYqsY+yDPHhR5zFDcsvwQBne3mMf3iT9KHHGZaHl8":{"registrationId":2145474034,"currentRatchet":{"ephemeralKeyPair":{"pubKey":"Be4lm6BvVwUeWpz+XICiJjF67xcvMoldojrtJGUvnPY0","privKey":"kPUa65T9QKIvmVE+bk8vF2HTG5S2k2Im1+21+3oZDF8="},"lastRemoteEphemeralKey":"BYSwS4PRedwYBYcplJ22geR46JG1JH1h4WZ8dxUB9LgF","previousCounter":0,"rootKey":"2Xg6hsh1M+N17mOoUdiqSQaak8k00kUZM4xrO+U8ey8="},"indexInfo":{"baseKey":"BZzBYqsY+yDPHhR5zFDcsvwQBne3mMf3iT9KHHGZaHl8","baseKeyType":1,"closed":-1,"used":1747219044971,"created":1747219044971,"remoteIdentityKey":"BQ/Fnb2fxC12SLsDampFKI81iHcgEttLNr9nal+KHLIc"},"_chains":{"Be4lm6BvVwUeWpz+XICiJjF67xcvMoldojrtJGUvnPY0":{"chainKey":{"counter":0,"key":"LLZDqVZkzQyk+8gxEvud61NAMopOwJ8S82IGhRClvhg="},"chainType":1,"messageKeys":{}}},"pendingPreKey":{"signedKeyId":1,"baseKey":"BZzBYqsY+yDPHhR5zFDcsvwQBne3mMf3iT9KHHGZaHl8","preKeyId":12040412}}},"version":"v1"}