{"_sessions":{"BS7mfwxzrNtzPmn8GZOd4B0vwgwl7xo6YpDgOaqX3BxM":{"registrationId":1237225263,"currentRatchet":{"ephemeralKeyPair":{"pubKey":"BRMvKTkWSwkbG01o4iqV+7j6pXuYK/M/Asy+TXPS9R1M","privKey":"CJguJRahj/QpWoUhBbTCSkH3GnOU1IDYJkr9HY1eQV4="},"lastRemoteEphemeralKey":"BaxbCSw0C8bq7zaZsaXZtAesNsVpTF8Ndqi9sRxXiD1r","previousCounter":0,"rootKey":"V5yXN1otPgzeEJQgQ7y6E5ElVZmFXQwOcRRnzWQyU1w="},"indexInfo":{"baseKey":"BS7mfwxzrNtzPmn8GZOd4B0vwgwl7xo6YpDgOaqX3BxM","baseKeyType":1,"closed":-1,"used":1747219044987,"created":1747219044987,"remoteIdentityKey":"BUm5pOTyPp05WytdLnEXSLhdq4BFk2HN5/Q3hX/GFe4j"},"_chains":{"BRMvKTkWSwkbG01o4iqV+7j6pXuYK/M/Asy+TXPS9R1M":{"chainKey":{"counter":0,"key":"pOPohDrDUHMm9g2n/xVtAHuzfVFguqH8tYgMv2wme00="},"chainType":1,"messageKeys":{}}},"pendingPreKey":{"signedKeyId":0,"baseKey":"BS7mfwxzrNtzPmn8GZOd4B0vwgwl7xo6YpDgOaqX3BxM","preKeyId":5273873}}},"version":"v1"}