{"_sessions":{"BeiFjHQgLXVLfJdT2aPi7vD/ZCJjVBKrFoYFO7NcocVx":{"registrationId":867932798,"currentRatchet":{"ephemeralKeyPair":{"pubKey":"BYrCVA/RRPetTh04qeBMoxoNCF1McHMKN1tKjwQuugBO","privKey":"YIItUL5WB12ZmiRXl1yqENcEKKoP3PIgiWI6OUFGpHg="},"lastRemoteEphemeralKey":"Bc4fSfbGaBGxYoPekjzbBz65zuO7t5v13tf6G4EYl3Bd","previousCounter":0,"rootKey":"XOdpHYI//qHAQD/Xvl0J8v3ECl7EMMeg8Jz9fXezBe0="},"indexInfo":{"baseKey":"BeiFjHQgLXVLfJdT2aPi7vD/ZCJjVBKrFoYFO7NcocVx","baseKeyType":1,"closed":-1,"used":1747219045039,"created":1747219045039,"remoteIdentityKey":"BaBeS/Qx/4/WhjRwtpqWWu4xQsIzXMDJhgieAha3Vr48"},"_chains":{"BYrCVA/RRPetTh04qeBMoxoNCF1McHMKN1tKjwQuugBO":{"chainKey":{"counter":0,"key":"I07+5gZStQP5/tJ8NTx3A4lQ+a09LmiLhqczMdP9AGk="},"chainType":1,"messageKeys":{}}},"pendingPreKey":{"signedKeyId":12,"baseKey":"BeiFjHQgLXVLfJdT2aPi7vD/ZCJjVBKrFoYFO7NcocVx","preKeyId":12831189}}},"version":"v1"}