{"_sessions":{"BYcp9cgvCKPQktdPbzmkP90xtQyYXouPyP6qEv6fgZpH":{"registrationId":1085167384,"currentRatchet":{"ephemeralKeyPair":{"pubKey":"BQmp9XHXdc23n8Pw1++moyGXRP1hagJ9cAC4lQxZ+DYr","privKey":"+KEPNNm4IaP150+BhVM8F8RVIFZ7PmLiWUSJ508fNmE="},"lastRemoteEphemeralKey":"BfxvEdKznhWTNsl8ueI+oIF09S1jXQ0nA8t1pH807api","previousCounter":0,"rootKey":"h4k9z4BA2we3KlUMdyAbqYr2gVUFU8uQvumstRa38h4="},"indexInfo":{"baseKey":"BYcp9cgvCKPQktdPbzmkP90xtQyYXouPyP6qEv6fgZpH","baseKeyType":1,"closed":-1,"used":1747222182423,"created":1747222182423,"remoteIdentityKey":"BYhs4bRlLaOHZ1cz1r4uAgVHW1aPxmV6lGFsraW4eOJS"},"_chains":{"BQmp9XHXdc23n8Pw1++moyGXRP1hagJ9cAC4lQxZ+DYr":{"chainKey":{"counter":16,"key":"F34jd9cZ77BTteDy+FLQ7GmZo1eBH0j1r3Qpl7z0woY="},"chainType":1,"messageKeys":{}}},"pendingPreKey":{"signedKeyId":1,"baseKey":"BYcp9cgvCKPQktdPbzmkP90xtQyYXouPyP6qEv6fgZpH","preKeyId":6995323}}},"version":"v1"}