{"_sessions":{"BX/suE7qw5zUc5YxLwcXNoFAYLSD2SgM24nc0OODWUop":{"registrationId":1530343522,"currentRatchet":{"ephemeralKeyPair":{"pubKey":"BduXQev/P0bjnwAhToleAqViJPvJ2eTYP+AtqlGF8rxi","privKey":"iE6yy9SlRfxlFdb/8ANIifjSx8Wj2PAZfC8Tk6oI5WU="},"lastRemoteEphemeralKey":"BSYxV+1gpnfwfsXX45Sy3f7YiRPgjUMnHoBQA7etQFZK","previousCounter":0,"rootKey":"laVJHMGMYBQggN/ahetHyCHHsz+mcG23AExE/nWkd/A="},"indexInfo":{"baseKey":"BX/suE7qw5zUc5YxLwcXNoFAYLSD2SgM24nc0OODWUop","baseKeyType":1,"closed":-1,"used":1747219050624,"created":1747219050624,"remoteIdentityKey":"BQX1xTUpsFpNN9qvYfwVlNqhhAk1yoJ/yuehV14tjnwT"},"_chains":{"BduXQev/P0bjnwAhToleAqViJPvJ2eTYP+AtqlGF8rxi":{"chainKey":{"counter":0,"key":"i3/IXZP6IiKbVa+QofAWhgb+uRfQyyPGBbgBMMs1cQ8="},"chainType":1,"messageKeys":{}}},"pendingPreKey":{"signedKeyId":9,"baseKey":"BX/suE7qw5zUc5YxLwcXNoFAYLSD2SgM24nc0OODWUop","preKeyId":15690659}}},"version":"v1"}