{"_sessions":{"Bc5PDRm84F3O9hKpEAPs4Gwtezj2/EoDMwC4qDj7u+c+":{"registrationId":156,"currentRatchet":{"ephemeralKeyPair":{"pubKey":"BZikjIdMQDrsiQ9J3AW07i2qJ9y9WTqOkrCYPVM2OERW","privKey":"uNZ6NBGm6FOzUGIktRRy3KilKduAVOACfV4fb3jKslQ="},"lastRemoteEphemeralKey":"BfIynhy8pzvrzO3rsP0/Rl3ioyw2F3QMqrJESMnrMasD","previousCounter":0,"rootKey":"JfgVjvzOPFBNwnRns329YgMTaF3cT5NFzwQGfrsGLQA="},"indexInfo":{"baseKey":"Bc5PDRm84F3O9hKpEAPs4Gwtezj2/EoDMwC4qDj7u+c+","baseKeyType":1,"closed":-1,"used":1747219044899,"created":1747219044899,"remoteIdentityKey":"BSmC9LRVp7sBDsjJ5Wl1tCu4wNweIEfbk5I+usxnIkBS"},"_chains":{"BZikjIdMQDrsiQ9J3AW07i2qJ9y9WTqOkrCYPVM2OERW":{"chainKey":{"counter":0,"key":"anGeTERjTCAbwbWYS9rZiFx7AJ3Bme5j1dohG7PyFr8="},"chainType":1,"messageKeys":{}}},"pendingPreKey":{"signedKeyId":1,"baseKey":"Bc5PDRm84F3O9hKpEAPs4Gwtezj2/EoDMwC4qDj7u+c+"}}},"version":"v1"}