{"_sessions":{"BZwijFipHkJmrmyGwt/Dvjqbj5F6v8OEtky18oamgaYU":{"registrationId":473245949,"currentRatchet":{"ephemeralKeyPair":{"pubKey":"BZlfDQvWX19ixV54ttQPXkFo+YSN7BXQtN8E8pu9oFAN","privKey":"4PrZPPe9sihnQBngNfgKEZo8klR4nT5mAV7oJg0iDnE="},"lastRemoteEphemeralKey":"BTcRKpDg7xrf2zcmQqqRVmuXmN4wwY3WvM9ilgTNRN0X","previousCounter":0,"rootKey":"IdqgIvndSYm5+k+glE8uXJg9IrRvlr8tUQ/fAkuptsY="},"indexInfo":{"baseKey":"BZwijFipHkJmrmyGwt/Dvjqbj5F6v8OEtky18oamgaYU","baseKeyType":1,"closed":-1,"used":1747219045059,"created":1747219045059,"remoteIdentityKey":"BZPMWtrJLcrAXe1qYHjqwWu9rKeEwwyMwqjJ3sdkwlVR"},"_chains":{"BZlfDQvWX19ixV54ttQPXkFo+YSN7BXQtN8E8pu9oFAN":{"chainKey":{"counter":0,"key":"2+0kPGr68PRvgAnrR4FZNGynheTDKbgNwdgVNa1ZDBk="},"chainType":1,"messageKeys":{}}},"pendingPreKey":{"signedKeyId":3,"baseKey":"BZwijFipHkJmrmyGwt/Dvjqbj5F6v8OEtky18oamgaYU","preKeyId":7269873}}},"version":"v1"}