{"_sessions":{"BbNPtzqE9LlZ29nmarLr0+t9tS7ppCkRPlgwMMejhmQa":{"registrationId":570982641,"currentRatchet":{"ephemeralKeyPair":{"pubKey":"BXZ/ix5Zgu59f6ZERPbwq7qOtDivMrxn450M+CnjNcIJ","privKey":"+P46JER0U6NL04JspE7ebPE+HTwK7oFG+NQC06HiDko="},"lastRemoteEphemeralKey":"BWoP5bWGPCkSutmtqaS22Dj4mdgfi5hd2dAMEsyCKQ4Z","previousCounter":0,"rootKey":"KGnuLpQNOYgzEmAV3aVDoQnWaNwrd9HoKMBpG2n5mRk="},"indexInfo":{"baseKey":"BbNPtzqE9LlZ29nmarLr0+t9tS7ppCkRPlgwMMejhmQa","baseKeyType":1,"closed":-1,"used":1747216483057,"created":1747216483057,"remoteIdentityKey":"Bd3sBHmgMbcRgR57lna3YPunKh/8n3wczjc7NzyzkFoM"},"_chains":{"BXZ/ix5Zgu59f6ZERPbwq7qOtDivMrxn450M+CnjNcIJ":{"chainKey":{"counter":0,"key":"gL8zO3yI+5NhhjJjmrR052J4xauTXGsVcMpLUXgcqeA="},"chainType":1,"messageKeys":{}}},"pendingPreKey":{"signedKeyId":70,"baseKey":"BbNPtzqE9LlZ29nmarLr0+t9tS7ppCkRPlgwMMejhmQa"}}},"version":"v1"}