{"_sessions":{"Bf1SH0nmrALEnZlSE5zioMeTK1AN9VvdIgvNDzueo/p2":{"registrationId":72224913,"currentRatchet":{"ephemeralKeyPair":{"pubKey":"BU3GSb+YQCKQni7IWThEMHfRHVQZUW9GqxAXuzbBURgm","privKey":"6PuLLjOyjJ8m2Up6U1AKYGWfCfdBd7yzj4OpqZRQ8kE="},"lastRemoteEphemeralKey":"Bac6lAXX+x22aNMwvve3ZVtuo+qNzGFDhePjRMyhoq42","previousCounter":0,"rootKey":"kp7XtcQsA/qcIiHOzzVTlmC+GaKUiuohbHRkxtzPYHg="},"indexInfo":{"baseKey":"Bf1SH0nmrALEnZlSE5zioMeTK1AN9VvdIgvNDzueo/p2","baseKeyType":1,"closed":-1,"used":1747229631246,"created":1747229631246,"remoteIdentityKey":"BabaLXeqH0EIcK4/mvLjcqGu69Tb7j1Rl8uPcTMponZx"},"_chains":{"BU3GSb+YQCKQni7IWThEMHfRHVQZUW9GqxAXuzbBURgm":{"chainKey":{"counter":0,"key":"vguzseaDLTfmpn8faqc9qazNWPAyKH1jF2V6YjT7dtk="},"chainType":1,"messageKeys":{}}},"pendingPreKey":{"signedKeyId":1,"baseKey":"Bf1SH0nmrALEnZlSE5zioMeTK1AN9VvdIgvNDzueo/p2"}}},"version":"v1"}