{"_sessions":{"Ba5BMm5PbGVf8ExgzDPv1g4EPgOdnLJdDLWxKX6OqQoW":{"registrationId":2111261170,"currentRatchet":{"ephemeralKeyPair":{"pubKey":"BbqCcIu37U3pa+5IFuxssYHNpKhMeIl/QDirBLsT96lj","privKey":"2GzT5XGlw4VBwonFQbClBgW3SamFLsD4qlHNlIJetmc="},"lastRemoteEphemeralKey":"BQ3cegkHsjtCnUU+F0m6jcjDRpogb947vYy4XvgTlf1m","previousCounter":0,"rootKey":"VxgzlewDKyTdbdE5091eP0ub7fa+SOarXI/xqNDaD/g="},"indexInfo":{"baseKey":"Ba5BMm5PbGVf8ExgzDPv1g4EPgOdnLJdDLWxKX6OqQoW","baseKeyType":1,"closed":-1,"used":1747207240177,"created":1747207240177,"remoteIdentityKey":"BcIZJUbl9IfmSsvqc4Mv5iHNxerxdpTSe9OMQCmXcEI6"},"_chains":{"BbqCcIu37U3pa+5IFuxssYHNpKhMeIl/QDirBLsT96lj":{"chainKey":{"counter":7,"key":"xEpWEw59MDcG5Ep/9X40AUYmTAHMbNkQZJorfHcKj30="},"chainType":1,"messageKeys":{}}},"pendingPreKey":{"signedKeyId":1,"baseKey":"Ba5BMm5PbGVf8ExgzDPv1g4EPgOdnLJdDLWxKX6OqQoW","preKeyId":1262391}}},"version":"v1"}