{"_sessions":{"Bcko8NdMN8QxJZJJ18PfmcvuCXH7bxsL9LUXF6NJOCcI":{"registrationId":119,"currentRatchet":{"ephemeralKeyPair":{"pubKey":"Bafy4TTEfRZcaYTuk3CTllbhmhaLspWHCTBfQFRiCRRU","privKey":"IJYBWJqtM7vsQtVQyHl5WKYGoJAi/Qc9rh4zCETBr1M="},"lastRemoteEphemeralKey":"BTVQSZRyoQdFAblqnzYsyNHSV5H2+NTWRtTP+SqMoU0h","previousCounter":0,"rootKey":"IunmUgOCRp+wYBUaq0XenU73EwdjsJte7L7lW6SrfFQ="},"indexInfo":{"baseKey":"Bcko8NdMN8QxJZJJ18PfmcvuCXH7bxsL9LUXF6NJOCcI","baseKeyType":1,"closed":-1,"used":1747219044836,"created":1747219044836,"remoteIdentityKey":"BTY0vp3b8F/WZDvI57exnfpRM222I6ud88ClHRmfpqp0"},"_chains":{"Bafy4TTEfRZcaYTuk3CTllbhmhaLspWHCTBfQFRiCRRU":{"chainKey":{"counter":0,"key":"6iodEYzU5WmkNK1ESOItrUhf87FQEFQ9Knou/svVhZw="},"chainType":1,"messageKeys":{}}},"pendingPreKey":{"signedKeyId":1,"baseKey":"Bcko8NdMN8QxJZJJ18PfmcvuCXH7bxsL9LUXF6NJOCcI"}}},"version":"v1"}