{"_sessions":{"BXUBMdsW0jI+FAjM8uYRHFmuLc3vRFC2SC1brnqQ6yhb":{"registrationId":56684274,"currentRatchet":{"ephemeralKeyPair":{"pubKey":"BXCZ13seSZSW8PhKNNdickD8l1IoDECkM6NCDb/r+IE0","privKey":"+KngyfRvFd1dtfuzFCId81FmBTKkZXSASfnfwPcYYW0="},"lastRemoteEphemeralKey":"BShoVq+sJQoBN8fZH3lJeFbsWm5KJIBw53uKkFyUPSBf","previousCounter":0,"rootKey":"BFI7VZDDTHa2QENcqljVUsau78IYHxe3zPCRk8TUyaU="},"indexInfo":{"baseKey":"BXUBMdsW0jI+FAjM8uYRHFmuLc3vRFC2SC1brnqQ6yhb","baseKeyType":1,"closed":-1,"used":1747207240076,"created":1747207240076,"remoteIdentityKey":"BU+6Eb9BjniXoiAII5JRk54PWZZrMSEgo5Pv2+yxwww+"},"_chains":{"BXCZ13seSZSW8PhKNNdickD8l1IoDECkM6NCDb/r+IE0":{"chainKey":{"counter":7,"key":"IQjgImaZT51QOEIE9t6YCXoGu0tf3Oj6ZCKXs/VrepU="},"chainType":1,"messageKeys":{}}},"pendingPreKey":{"signedKeyId":7,"baseKey":"BXUBMdsW0jI+FAjM8uYRHFmuLc3vRFC2SC1brnqQ6yhb","preKeyId":9997078}}},"version":"v1"}