{"_sessions":{"BRLC6p+TMQyYzJVBfDDQ3LTMafJRLwtmRo04yD4WiAxz":{"registrationId":170,"currentRatchet":{"ephemeralKeyPair":{"pubKey":"BSQYUI/9T8Pb96AwpVQDnHDQLs4b2Vwm2cOGEk35DkdW","privKey":"2HzP18PudooD4OJeEU23l0jZv7Cl0r9hIK26DV6Z/3U="},"lastRemoteEphemeralKey":"BcNhS9o+QyxMLozB9exVi+kNtdVd9Uts/kna7rm8kW8g","previousCounter":0,"rootKey":"yloAKFG423w8Y1nzJ5btXer4DGEqhq0WbMmJRPw4mBQ="},"indexInfo":{"baseKey":"BRLC6p+TMQyYzJVBfDDQ3LTMafJRLwtmRo04yD4WiAxz","baseKeyType":1,"closed":-1,"used":1747219044790,"created":1747219044790,"remoteIdentityKey":"BX6Yr+dnf6trBdbNsnYlqDFLwgeita/EmBjnlt4+JpR6"},"_chains":{"BSQYUI/9T8Pb96AwpVQDnHDQLs4b2Vwm2cOGEk35DkdW":{"chainKey":{"counter":0,"key":"+QfsgEzYpZKjWUiB9LFaoc74kMLiFvNTGHTiByqSM1Q="},"chainType":1,"messageKeys":{}}},"pendingPreKey":{"signedKeyId":1,"baseKey":"BRLC6p+TMQyYzJVBfDDQ3LTMafJRLwtmRo04yD4WiAxz"}}},"version":"v1"}