{"_sessions":{"BTOxmyUEla+ueh5PWqP5D1fUnSY7OqHNp149PGVU+jtf":{"registrationId":1952147063,"currentRatchet":{"ephemeralKeyPair":{"pubKey":"BRRlY1mHSbwYOQsqYrQDa5ocXn5B4TVVUlzfq32kGY4e","privKey":"CD3nqH8V5UXFgvKAFu7JxY7jbMnMlTmG8obBybhnzWY="},"lastRemoteEphemeralKey":"Bd9a2sXO2PfUqzuFXDgldCTjsrob/27pOSF5XO51uJ9f","previousCounter":0,"rootKey":"6Xo3r5ISv3ZsMXBHNuFsrSMw1KKqNKpOX9JPIUwsYrw="},"indexInfo":{"baseKey":"BTOxmyUEla+ueh5PWqP5D1fUnSY7OqHNp149PGVU+jtf","baseKeyType":1,"closed":-1,"used":1747207240272,"created":1747207240272,"remoteIdentityKey":"BaXna3o5ezDB5OjN8xNz0rMZFp21Cqk6lsKuNDSHGUBy"},"_chains":{"BRRlY1mHSbwYOQsqYrQDa5ocXn5B4TVVUlzfq32kGY4e":{"chainKey":{"counter":7,"key":"YBlndNNRVLYkfk6yCZrOYBJW+rjYCniUEMQf20vHVoQ="},"chainType":1,"messageKeys":{}}},"pendingPreKey":{"signedKeyId":2,"baseKey":"BTOxmyUEla+ueh5PWqP5D1fUnSY7OqHNp149PGVU+jtf","preKeyId":13202332}}},"version":"v1"}