{"_sessions":{"BZdmp3YL0t6OpAE4kGmIwCZ8pUNLKwNXGpdQGF7+xrh0":{"registrationId":557279563,"currentRatchet":{"ephemeralKeyPair":{"pubKey":"BUSqhjvkBWgUuh5QSTq+I4Ml8IVMl5Wc0cikPme+7Nw3","privKey":"yBV2WOiS9Wb9+CTpR4GzmVTh1CgJKbYNYxyKwOwjtFc="},"lastRemoteEphemeralKey":"BbFRMcOVuCWohYCMgGlaURUPKycMwTIViVrc0At5Yqh2","previousCounter":0,"rootKey":"wnCOjBqkeN9VcCuJQrdpe0Lmn59PHi7SmVc6PsdKOCg="},"indexInfo":{"baseKey":"BZdmp3YL0t6OpAE4kGmIwCZ8pUNLKwNXGpdQGF7+xrh0","baseKeyType":1,"closed":-1,"used":1747229631073,"created":1747229631073,"remoteIdentityKey":"BUzW3JqIub6THtwINt5Okn4kkgtgZq7vVquIKR8Gx5Ni"},"_chains":{"BUSqhjvkBWgUuh5QSTq+I4Ml8IVMl5Wc0cikPme+7Nw3":{"chainKey":{"counter":0,"key":"iJmKmBLfqMAAY697LPa1MlFoTQvBqSESs8cDj8umfXU="},"chainType":1,"messageKeys":{}}},"pendingPreKey":{"signedKeyId":3,"baseKey":"BZdmp3YL0t6OpAE4kGmIwCZ8pUNLKwNXGpdQGF7+xrh0","preKeyId":11858527}}},"version":"v1"}