{"_sessions":{"BUtg/YGtb3r6Yl66CXjwgK7n5Z6uoeZC+iuTx+NLDwQ1":{"registrationId":1558177237,"currentRatchet":{"ephemeralKeyPair":{"pubKey":"BdFw201OzfQa4K125w2wdIsMqPRpiQbjiPgvkrTu9CM4","privKey":"OMcEU2P++Hiqln937EUh1xKrJh1HPzYoiIQ7D0vaNVs="},"lastRemoteEphemeralKey":"BUec0TYS8WUzVhcSSsZIMBFPNm7QLSyqWH8AFTnvLPFj","previousCounter":0,"rootKey":"PU4y1EBa95XPjS4Z3U6trLOl81QhdWHCIkCBLzIPuUQ="},"indexInfo":{"baseKey":"BUtg/YGtb3r6Yl66CXjwgK7n5Z6uoeZC+iuTx+NLDwQ1","baseKeyType":1,"closed":-1,"used":1747219050968,"created":1747219050968,"remoteIdentityKey":"Bb+L0Dx746n2WJvnmXZ9VfRruBdBIf8rZyL9WtKHn08H"},"_chains":{"BdFw201OzfQa4K125w2wdIsMqPRpiQbjiPgvkrTu9CM4":{"chainKey":{"counter":1,"key":"VlFYbfcSKBI05W5sbw/vQB0F7QXsssLnrBYYhPNxGNY="},"chainType":1,"messageKeys":{}}},"pendingPreKey":{"signedKeyId":13,"baseKey":"BUtg/YGtb3r6Yl66CXjwgK7n5Z6uoeZC+iuTx+NLDwQ1"}}},"version":"v1"}