{"_sessions":{"BReE0mjpfeefyhTFLJiroXPQ+L1q3YtN8tbXLTRLeWFO":{"registrationId":633496566,"currentRatchet":{"ephemeralKeyPair":{"pubKey":"BXivFO+2QrZWMnSd+Q8037aO1Ajuqz+zeguBT7GZTsR8","privKey":"6Ndv34BdvAE3D47qY+Er15Bc55n0Q5EqKakvec9zPX4="},"lastRemoteEphemeralKey":"BctsDAgRDQnJl2ywaMF0jKaXFsPQ0+UyKn9/d+GIfeJq","previousCounter":0,"rootKey":"Gv64e1eCLnTv3qI48cR6mK8ruOu2S04vIO/YBSXpkvY="},"indexInfo":{"baseKey":"BReE0mjpfeefyhTFLJiroXPQ+L1q3YtN8tbXLTRLeWFO","baseKeyType":1,"closed":-1,"used":1747229445081,"created":1747229445081,"remoteIdentityKey":"BROaBarvPPPtC3GFvs327hpges2Jw8Nth5IplficxotQ"},"_chains":{"BXivFO+2QrZWMnSd+Q8037aO1Ajuqz+zeguBT7GZTsR8":{"chainKey":{"counter":2,"key":"QPUXoQqW7sTwD6yl4YAnnAJ9/6TMkRRM/y/r2IeXkeQ="},"chainType":1,"messageKeys":{}}},"pendingPreKey":{"signedKeyId":7,"baseKey":"BReE0mjpfeefyhTFLJiroXPQ+L1q3YtN8tbXLTRLeWFO","preKeyId":9903579}}},"version":"v1"}