{"_sessions":{"BXCwEwivvCv5x6rxCIYNCdEVkb1BEFIgLe7D3emI5qYy":{"registrationId":1661168060,"currentRatchet":{"ephemeralKeyPair":{"pubKey":"BVb6NOxwba5jgYeJ61iC1D7pxNlkdSwisWTg4VXODnYG","privKey":"wKxwBOxmON13kdMmsdjro5cpIwDUgMwmGXBygox8cXc="},"lastRemoteEphemeralKey":"BWZc4/fjXV/aLlDbGlnh4Qk1dAgJe73dLRTVITIlXkUq","previousCounter":0,"rootKey":"B/UPvNS7U6Ufz952fvxlbc2+lqGGmlRm1zwqcfC9ZKQ="},"indexInfo":{"baseKey":"BXCwEwivvCv5x6rxCIYNCdEVkb1BEFIgLe7D3emI5qYy","baseKeyType":1,"closed":-1,"used":1747208182559,"created":1747208182559,"remoteIdentityKey":"BaSILoG2o7zXKGmBzG6fT3zq1r0kX08Cn59Px8BuXrtx"},"_chains":{"BVb6NOxwba5jgYeJ61iC1D7pxNlkdSwisWTg4VXODnYG":{"chainKey":{"counter":2,"key":"+60wIAMmqVoHqW4azr32NjPX1lyGaMGPqF3EGO/+I9w="},"chainType":1,"messageKeys":{}}},"pendingPreKey":{"signedKeyId":1,"baseKey":"BXCwEwivvCv5x6rxCIYNCdEVkb1BEFIgLe7D3emI5qYy"}}},"version":"v1"}