{"_sessions":{"BcdcBejOlSBBEq/UePCaOaJ6+s5C6lNjpjrqzOERJjUn":{"registrationId":1638119448,"currentRatchet":{"ephemeralKeyPair":{"pubKey":"BVad93fPTi6M+I6pGW2I5OXhv9WYP80LpOL52Z3ZbMtm","privKey":"0NYLDRZUXRhZ1tTgX0/+oqrp3u5hXAIcNtoD/5dmeGE="},"lastRemoteEphemeralKey":"BYgQ0Md0+vFxg8b+HfwYo2gvqetuSeIazuxflYtBQLN5","previousCounter":0,"rootKey":"INcOXFvJoYyqBJXk3Osm/iRJGKDCecz8OFtMx2u5VBs="},"indexInfo":{"baseKey":"BcdcBejOlSBBEq/UePCaOaJ6+s5C6lNjpjrqzOERJjUn","baseKeyType":1,"closed":-1,"used":1747219050945,"created":1747219050945,"remoteIdentityKey":"BXoiMhseg9SkWGV52mpEHo6qzZFkC1tEW5aUisKn8b4U"},"_chains":{"BVad93fPTi6M+I6pGW2I5OXhv9WYP80LpOL52Z3ZbMtm":{"chainKey":{"counter":0,"key":"sgFBBlH8BBCNUE5i6DuMa6FbPCus9joPVX4fdkGVt28="},"chainType":1,"messageKeys":{}}},"pendingPreKey":{"signedKeyId":15,"baseKey":"BcdcBejOlSBBEq/UePCaOaJ6+s5C6lNjpjrqzOERJjUn","preKeyId":7971668}}},"version":"v1"}