{"_sessions":{"BZxZ8Vhg4Ng9M3+eB987hfzO25eh+59WeTXBOddIkSZ5":{"registrationId":2145248541,"currentRatchet":{"ephemeralKeyPair":{"pubKey":"BeuiHnKnfjl44z0OZ6H2jdy+WA0PxAY/mcJuqQo7/RNU","privKey":"sDfMCIROq4p/o2WluyefMsdDp74JfoAFhynjzaXTmVo="},"lastRemoteEphemeralKey":"BaRzyA+FqyBS5MA8RmlM9hbDsJRzTXVVLkeIzOx0Rk5l","previousCounter":0,"rootKey":"ve1CbOfXUq2l0pJAsK5Wvb8s7ZI9tXiVi2txagrmvhE="},"indexInfo":{"baseKey":"BZxZ8Vhg4Ng9M3+eB987hfzO25eh+59WeTXBOddIkSZ5","baseKeyType":1,"closed":1747232007418,"used":1747222182436,"created":1747222182436,"remoteIdentityKey":"BZr1+2XQLaK1R6+gY7SZlIg2ZChgatk/lB3q0zHcdt5Z"},"_chains":{"BeuiHnKnfjl44z0OZ6H2jdy+WA0PxAY/mcJuqQo7/RNU":{"chainKey":{"counter":8,"key":"aaSLOsr8lK44ltQFK0kXaiy1ULlzbdN9C+DHen1VNa4="},"chainType":1,"messageKeys":{}}},"pendingPreKey":{"signedKeyId":10,"baseKey":"BZxZ8Vhg4Ng9M3+eB987hfzO25eh+59WeTXBOddIkSZ5","preKeyId":16127860}},"BXGKCwx0cv7WLHOS2KffKTcQc3l5nSxSywKxBnBI+fhl":{"registrationId":2145248541,"currentRatchet":{"ephemeralKeyPair":{"pubKey":"BXNabzw55+5F1nFd5igY75HwpAQQjN6hpzKUO9mp8mAO","privKey":"wKTBpQ3jHLA4DVkaHC8P95gjWsx4PEv4dX5x0fCciXk="},"lastRemoteEphemeralKey":"BaRzyA+FqyBS5MA8RmlM9hbDsJRzTXVVLkeIzOx0Rk5l","previousCounter":0,"rootKey":"tK4JcHS0POMSNJqE08JnX9YVNIdbLu+orSn+d95mchA="},"indexInfo":{"baseKey":"BXGKCwx0cv7WLHOS2KffKTcQc3l5nSxSywKxBnBI+fhl","baseKeyType":1,"closed":1747232007699,"used":1747232007417,"created":1747232007417,"remoteIdentityKey":"BZr1+2XQLaK1R6+gY7SZlIg2ZChgatk/lB3q0zHcdt5Z"},"_chains":{"BXNabzw55+5F1nFd5igY75HwpAQQjN6hpzKUO9mp8mAO":{"chainKey":{"counter":-1,"key":"kIGPgDeArRZesOyUIt3GkXtpmq5IrEXI75coXayTARE="},"chainType":1,"messageKeys":{}}},"pendingPreKey":{"signedKeyId":10,"baseKey":"BXGKCwx0cv7WLHOS2KffKTcQc3l5nSxSywKxBnBI+fhl","preKeyId":16127879}},"BQVAVEnK1YI/zPgmrSYGvegUoYsGPT9ZMDp+eUA2uOQl":{"registrationId":2145248541,"currentRatchet":{"ephemeralKeyPair":{"pubKey":"BVLVeT4g7BjcyDZW5NRm93p3E2T46bf09Qm5x5MhCCZ5","privKey":"CIKmHupfLd7aKtV5AksfrWAQ7yo+v/8WJ9yseAvi6nw="},"lastRemoteEphemeralKey":"BaRzyA+FqyBS5MA8RmlM9hbDsJRzTXVVLkeIzOx0Rk5l","previousCounter":0,"rootKey":"ZCedPDVIfJFpbyPOZE8/Q6jb/Ql8PcUNStgblRmWh8s="},"indexInfo":{"baseKey":"BQVAVEnK1YI/zPgmrSYGvegUoYsGPT9ZMDp+eUA2uOQl","baseKeyType":1,"closed":1747232007976,"used":1747232007698,"created":1747232007698,"remoteIdentityKey":"BZr1+2XQLaK1R6+gY7SZlIg2ZChgatk/lB3q0zHcdt5Z"},"_chains":{"BVLVeT4g7BjcyDZW5NRm93p3E2T46bf09Qm5x5MhCCZ5":{"chainKey":{"counter":-1,"key":"ADlx03ZUM6Qgn9XDBnzfCLKXl92ZDLuC89MrTJU+TcU="},"chainType":1,"messageKeys":{}}},"pendingPreKey":{"signedKeyId":10,"baseKey":"BQVAVEnK1YI/zPgmrSYGvegUoYsGPT9ZMDp+eUA2uOQl","preKeyId":16127834}},"BZoHcciC0htEwVwpk/tOwtg0p+N/Jz9rViRICXP5wpty":{"registrationId":2145248541,"currentRatchet":{"ephemeralKeyPair":{"pubKey":"Bd/Mt/34exefWa3zc0tFsj6mh1wTgzwSaQEC3ygDkusf","privKey":"IItZT5jRG26XD0EGp2YKdR5zqL5l1xzhsQFXiOaK0kc="},"lastRemoteEphemeralKey":"BaRzyA+FqyBS5MA8RmlM9hbDsJRzTXVVLkeIzOx0Rk5l","previousCounter":0,"rootKey":"UNx1oye/VzwwDNZ8ROIbE0mDo87b7sLccicIG7ahXjo="},"indexInfo":{"baseKey":"BZoHcciC0htEwVwpk/tOwtg0p+N/Jz9rViRICXP5wpty","baseKeyType":1,"closed":1747232008274,"used":1747232007975,"created":1747232007975,"remoteIdentityKey":"BZr1+2XQLaK1R6+gY7SZlIg2ZChgatk/lB3q0zHcdt5Z"},"_chains":{"Bd/Mt/34exefWa3zc0tFsj6mh1wTgzwSaQEC3ygDkusf":{"chainKey":{"counter":-1,"key":"pz+t9rtWhLFdSeKmxVEqWFpeyeBJRhNdk+6vno5MaaM="},"chainType":1,"messageKeys":{}}},"pendingPreKey":{"signedKeyId":10,"baseKey":"BZoHcciC0htEwVwpk/tOwtg0p+N/Jz9rViRICXP5wpty","preKeyId":16128482}},"BbnpcYHqmxQ974v+VfQVE0iP/ksn6lEANOAjQ4/GQlcA":{"registrationId":2145248541,"currentRatchet":{"ephemeralKeyPair":{"pubKey":"BUxxUNQxWzHmzjLikL7ofat76wIuaUyoJOmG9WIS6tAK","privKey":"YPiiXxeIITbyTfbr8uY1Yhp88NsBOOjePhF4PxUUR0g="},"lastRemoteEphemeralKey":"BaRzyA+FqyBS5MA8RmlM9hbDsJRzTXVVLkeIzOx0Rk5l","previousCounter":0,"rootKey":"fg0el8PnOtvqagQ8321GL5Wfa9+f48qTzOppIr3E0Tg="},"indexInfo":{"baseKey":"BbnpcYHqmxQ974v+VfQVE0iP/ksn6lEANOAjQ4/GQlcA","baseKeyType":1,"closed":1747232008566,"used":1747232008273,"created":1747232008273,"remoteIdentityKey":"BZr1+2XQLaK1R6+gY7SZlIg2ZChgatk/lB3q0zHcdt5Z"},"_chains":{"BUxxUNQxWzHmzjLikL7ofat76wIuaUyoJOmG9WIS6tAK":{"chainKey":{"counter":-1,"key":"R0NXusxagOxTvMBR+3uT4yPqAI9aMYkk0PHp82jyeI8="},"chainType":1,"messageKeys":{}}},"pendingPreKey":{"signedKeyId":10,"baseKey":"BbnpcYHqmxQ974v+VfQVE0iP/ksn6lEANOAjQ4/GQlcA","preKeyId":16128527}},"BQ3eA1jkTvo1GsNi5Qi77ZCI1Xg+pmProVQ605cF5dpr":{"registrationId":2145248541,"currentRatchet":{"ephemeralKeyPair":{"pubKey":"BZNvVtlvUnq3tQzD7ZrOcPgPv7p5KrL1UO26SPeCWigE","privKey":"UM2coEKuQm5URFwnrIv9bIRsCB9gm5d1/4/qGQXH8XA="},"lastRemoteEphemeralKey":"BaRzyA+FqyBS5MA8RmlM9hbDsJRzTXVVLkeIzOx0Rk5l","previousCounter":0,"rootKey":"29u5HTsXVWvxDYx93PZA7XARBboydLlHoeudJtdGb3Y="},"indexInfo":{"baseKey":"BQ3eA1jkTvo1GsNi5Qi77ZCI1Xg+pmProVQ605cF5dpr","baseKeyType":1,"closed":1747232008877,"used":1747232008565,"created":1747232008565,"remoteIdentityKey":"BZr1+2XQLaK1R6+gY7SZlIg2ZChgatk/lB3q0zHcdt5Z"},"_chains":{"BZNvVtlvUnq3tQzD7ZrOcPgPv7p5KrL1UO26SPeCWigE":{"chainKey":{"counter":-1,"key":"ckH7YHpv61gxmlRhONa1qK9SgX0Ysk2HD4WhFz/obfc="},"chainType":1,"messageKeys":{}}},"pendingPreKey":{"signedKeyId":10,"baseKey":"BQ3eA1jkTvo1GsNi5Qi77ZCI1Xg+pmProVQ605cF5dpr","preKeyId":16127807}},"BUoj3DN5VP6bAnn+ucMTxStH7llOF5cD4w2bKfnZ+vAG":{"registrationId":2145248541,"currentRatchet":{"ephemeralKeyPair":{"pubKey":"BRaYrDyFqxFShdvhB0isepXsFH/0m97CnwAeSktwrQBp","privKey":"iMlg92L9Wz9jQVJKXFiqep+Ae4LlmMTF/EszCdBUxn4="},"lastRemoteEphemeralKey":"BaRzyA+FqyBS5MA8RmlM9hbDsJRzTXVVLkeIzOx0Rk5l","previousCounter":0,"rootKey":"djYNnexMASxjUWOpIcOSWfDBYEkXqESzyouBbeafSbk="},"indexInfo":{"baseKey":"BUoj3DN5VP6bAnn+ucMTxStH7llOF5cD4w2bKfnZ+vAG","baseKeyType":1,"closed":-1,"used":1747232008876,"created":1747232008876,"remoteIdentityKey":"BZr1+2XQLaK1R6+gY7SZlIg2ZChgatk/lB3q0zHcdt5Z"},"_chains":{"BRaYrDyFqxFShdvhB0isepXsFH/0m97CnwAeSktwrQBp":{"chainKey":{"counter":7,"key":"cIy62LQo+unlr1+3H6da2tbLSCF9lwbDXSsqBaQv0/A="},"chainType":1,"messageKeys":{}}},"pendingPreKey":{"signedKeyId":10,"baseKey":"BUoj3DN5VP6bAnn+ucMTxStH7llOF5cD4w2bKfnZ+vAG","preKeyId":16127795}}},"version":"v1"}