{"_sessions":{"BW49rSVFPWE0caCoGUZCtHvOFwvfQ3RtWYXCII7LMloE":{"registrationId":1337252332,"currentRatchet":{"ephemeralKeyPair":{"pubKey":"BfiSlSGgy2MoWnj/e+K1yUeldBTDdsoWkGTzZzwneqR3","privKey":"6EWq9fj2TKqSUmDkX69S86qjpHZA79sUxNxHFY5/SEM="},"lastRemoteEphemeralKey":"BQZix9uqXLgZdfhwsDg9/MOV6YcScRhuJW29eZpV9lcR","previousCounter":0,"rootKey":"EVD345FEZUvG/NCsbhERjYjXpsVbEj2mWtm3RE1bdd4="},"indexInfo":{"baseKey":"BW49rSVFPWE0caCoGUZCtHvOFwvfQ3RtWYXCII7LMloE","baseKeyType":1,"closed":-1,"used":1747219046976,"created":1747219046976,"remoteIdentityKey":"BTGzAi8djjYBEJwemDfoj3smveel4gDkeH5hqrJhoZwH"},"_chains":{"BfiSlSGgy2MoWnj/e+K1yUeldBTDdsoWkGTzZzwneqR3":{"chainKey":{"counter":0,"key":"ymZmOMJRrhWQM5c43h3Ue0LEE7OHYfer5hmnwxWNy5c="},"chainType":1,"messageKeys":{}}},"pendingPreKey":{"signedKeyId":0,"baseKey":"BW49rSVFPWE0caCoGUZCtHvOFwvfQ3RtWYXCII7LMloE","preKeyId":8743739}}},"version":"v1"}