{"_sessions":{"BZhK0hK8v1rzb0ksNPynaMU36RO1fCSw1puIDG+b1q5Y":{"registrationId":705481069,"currentRatchet":{"ephemeralKeyPair":{"pubKey":"BYrrscrWWUFQMw4a//2EIjSZ4+FToSZ2ov8O37MJrNQI","privKey":"OMTaQFdKsBQsxu/UxSqM3FSGNhKOu5VH64irnVUZSls="},"lastRemoteEphemeralKey":"BQzQzj7SxVFkJ2Y4Bgt5xdFyk+994Ctp5A5EJCEQE+hP","previousCounter":0,"rootKey":"MPMab5EUWZHaMzW2JzkG29Q6HoLKDciyvzIPpUiTMiM="},"indexInfo":{"baseKey":"BZhK0hK8v1rzb0ksNPynaMU36RO1fCSw1puIDG+b1q5Y","baseKeyType":1,"closed":-1,"used":1747229445133,"created":1747229445133,"remoteIdentityKey":"BQpOGRG6To83KYqaTQUC7JdcRGqW/624xvFnU3L1aWpf"},"_chains":{"BYrrscrWWUFQMw4a//2EIjSZ4+FToSZ2ov8O37MJrNQI":{"chainKey":{"counter":2,"key":"bQ0tvQLQORJftgWSnBHFeUVKmHjA8OOAK4HQbcJ7Onc="},"chainType":1,"messageKeys":{}}},"pendingPreKey":{"signedKeyId":16,"baseKey":"BZhK0hK8v1rzb0ksNPynaMU36RO1fCSw1puIDG+b1q5Y","preKeyId":4346142}}},"version":"v1"}