{"_sessions":{"Be4Nwwh++bxqJ7Jz+yjbb4opmPjw4qgkb9iwSjVp7JIf":{"registrationId":617339377,"currentRatchet":{"ephemeralKeyPair":{"pubKey":"BQXy94mYwtCVIy/NhgCIn3b+lLXQKtks6RU+NOGahbQj","privKey":"gIvVMH1TSKvv6Rn+kLsUxAieZ7EpzTD3PS9H92QSe1Y="},"lastRemoteEphemeralKey":"Be5q8wxXwW5jTcv/LxmsspkXna6wMLK8j4BH2hqMKhFy","previousCounter":0,"rootKey":"+1eYBZ+upWYQfXoJJH/HYgad+C9hzUPQWYW5mo+EwLw="},"indexInfo":{"baseKey":"Be4Nwwh++bxqJ7Jz+yjbb4opmPjw4qgkb9iwSjVp7JIf","baseKeyType":1,"closed":-1,"used":1747219044718,"created":1747219044718,"remoteIdentityKey":"Bclt83mEFfu+O8sNQA7pTEd+P1hA8gTs4bCOfCncdOpH"},"_chains":{"BQXy94mYwtCVIy/NhgCIn3b+lLXQKtks6RU+NOGahbQj":{"chainKey":{"counter":0,"key":"0RXkm1Cf98nNao5+cq8TlJaGNx/ZvoyMJI3DF5kzvJo="},"chainType":1,"messageKeys":{}}},"pendingPreKey":{"signedKeyId":0,"baseKey":"Be4Nwwh++bxqJ7Jz+yjbb4opmPjw4qgkb9iwSjVp7JIf","preKeyId":13267261}}},"version":"v1"}