{"_sessions":{"Bav65rAU4sVmOVbQObV7EwZ/PXFDT9c76MsM3e0qBqs/":{"registrationId":2031101012,"currentRatchet":{"ephemeralKeyPair":{"pubKey":"BXqCRWKNifLjLtJpae3Q3XHZdTTJ2V/IXt1MDIDHG6gr","privKey":"AHO2Q+7UqcEnUCubmDk3YR+IWIiI//N92xYjlUC2r1s="},"lastRemoteEphemeralKey":"BTsyBcZALmFx4vKK6T2twJcWHQOeenpPlCi7Hbz9Eu0M","previousCounter":0,"rootKey":"CwaYbaTlw+cv+04tkkjiVlhchrM0tbNMp+y7COiDe7c="},"indexInfo":{"baseKey":"Bav65rAU4sVmOVbQObV7EwZ/PXFDT9c76MsM3e0qBqs/","baseKeyType":1,"closed":-1,"used":1747229445170,"created":1747229445170,"remoteIdentityKey":"BTo/DccD/AJg3M6b5DzGJtOs9jQfvtMXWZ+O2T5VHb96"},"_chains":{"BXqCRWKNifLjLtJpae3Q3XHZdTTJ2V/IXt1MDIDHG6gr":{"chainKey":{"counter":2,"key":"a6mNhm50zetuWzW2VBVbTB1zjvbVwsdeLTFEWeIAFZA="},"chainType":1,"messageKeys":{}}},"pendingPreKey":{"signedKeyId":6311456,"baseKey":"Bav65rAU4sVmOVbQObV7EwZ/PXFDT9c76MsM3e0qBqs/"}}},"version":"v1"}