{"_sessions":{"BbYDQMwh6nQbpO5bbjJbFEpyz8ZR4nlGYbmHTh0t+/I+":{"registrationId":305580211,"currentRatchet":{"ephemeralKeyPair":{"pubKey":"BYerANiBdcPbvcxqRdlgsoLIXSEZi+gI3ebEUTzqsP9y","privKey":"KMBYCSo8Bc5I9HYxg30rAeg7XNK5H9I5Khb6L5PStW4="},"lastRemoteEphemeralKey":"BZgxROwExPP/hjaPyE70VnpMOAsH07NkjsqPnwyzQw5z","previousCounter":0,"rootKey":"m3OWOBTPYQsoWbNo6uvyO0t5xzRO+UCmKdqhJQR63jk="},"indexInfo":{"baseKey":"BbYDQMwh6nQbpO5bbjJbFEpyz8ZR4nlGYbmHTh0t+/I+","baseKeyType":1,"closed":-1,"used":1747229445124,"created":1747229445124,"remoteIdentityKey":"Be9vvbsfnwUwBqoOnfnaJFy8e3AAwtwPOtgkoVpn+z9V"},"_chains":{"BYerANiBdcPbvcxqRdlgsoLIXSEZi+gI3ebEUTzqsP9y":{"chainKey":{"counter":2,"key":"Z72EwCkW/FvAbgXry2TikEPkGhqwBeLZ3JdCbfOKk88="},"chainType":1,"messageKeys":{}}},"pendingPreKey":{"signedKeyId":4,"baseKey":"BbYDQMwh6nQbpO5bbjJbFEpyz8ZR4nlGYbmHTh0t+/I+","preKeyId":13500025}}},"version":"v1"}