{"_sessions":{"BRcIz7czP/aDBi0yljZKGs5zMjOqu4xpvv3E2d30BZh7":{"registrationId":111350698,"currentRatchet":{"ephemeralKeyPair":{"pubKey":"BVOoUIjOfOID1bdI6+G89lVui+LLYujZlaS/4wksnaVh","privKey":"IAFtjU2we7a41jP2RFGOyFXldy5Mx4WFp+0zJfjctGI="},"lastRemoteEphemeralKey":"BViwtd5Xog+YeyprNvn0w/U+hMF6ELan6HCKvEnOIUdf","previousCounter":0,"rootKey":"T0rbkR6JohkXQciucqfAs8wyYTVMuGzGteNbMTbrMl0="},"indexInfo":{"baseKey":"BRcIz7czP/aDBi0yljZKGs5zMjOqu4xpvv3E2d30BZh7","baseKeyType":1,"closed":-1,"used":1747219050633,"created":1747219050633,"remoteIdentityKey":"BbVumj5XFIWg9R3TbpaON/wuPetpKhQKukwWAboEsU83"},"_chains":{"BVOoUIjOfOID1bdI6+G89lVui+LLYujZlaS/4wksnaVh":{"chainKey":{"counter":0,"key":"8OIRa7uOWpugXmj9t9ubcwhFIFj5kwvT7ShjZ7sndLI="},"chainType":1,"messageKeys":{}}},"pendingPreKey":{"signedKeyId":10,"baseKey":"BRcIz7czP/aDBi0yljZKGs5zMjOqu4xpvv3E2d30BZh7","preKeyId":5263446}}},"version":"v1"}