{"_sessions":{"BaqXJH5geE68UcQ6KZLZZ8NL9upaSAF9TvD+kwPvTWQg":{"registrationId":1031372042,"currentRatchet":{"ephemeralKeyPair":{"pubKey":"BUQuTbT9osAZ6cdKRG8Ak2Cr0gQbmVJzyn7n3q5p7vNo","privKey":"iK6aGjFg7WFZxzShhk6rZDa6yissf6w8CF7eRHc3WVY="},"lastRemoteEphemeralKey":"BQCSTWT7oKHqurETsrXYOncfC+LoU5RQi7eMhtLQ+pw1","previousCounter":0,"rootKey":"ytNomzKhb98Oy7Ukn71TTuhcwGkFJZnou7zGYcRlZnA="},"indexInfo":{"baseKey":"BaqXJH5geE68UcQ6KZLZZ8NL9upaSAF9TvD+kwPvTWQg","baseKeyType":1,"closed":-1,"used":1747219044799,"created":1747219044799,"remoteIdentityKey":"BXNQOPfxyhXG8YdwyOD1pI/Wv4YMM6oNhcKCpTEZiWtd"},"_chains":{"BUQuTbT9osAZ6cdKRG8Ak2Cr0gQbmVJzyn7n3q5p7vNo":{"chainKey":{"counter":0,"key":"ZgCaRLLcJEpn3yZTwz56kRxKf2Ncg2E1gaWZ90nq654="},"chainType":1,"messageKeys":{}}},"pendingPreKey":{"signedKeyId":1,"baseKey":"BaqXJH5geE68UcQ6KZLZZ8NL9upaSAF9TvD+kwPvTWQg","preKeyId":2190}}},"version":"v1"}