{"_sessions":{"BRffN8TI9GUdy6QCDuITxhMITd+6yUypLnZFmAbJ5UAW":{"registrationId":1251038007,"currentRatchet":{"ephemeralKeyPair":{"pubKey":"BU/wDnaGSs6Ma2ab9J1i0pSYTM92akiGIpbETd0ftRMz","privKey":"QAEWRILEQck5QATzUTwtKhIeO7MQINIqAE6xlwjkLF0="},"lastRemoteEphemeralKey":"BZfkAgL//aNXJzHZjlNiRkXdfN3pCT616MXVi4D60ohZ","previousCounter":0,"rootKey":"sFoiEmsns8fdKEzFMuN3cbr99Z2jVJmFuA5y41MtVD8="},"indexInfo":{"baseKey":"BRffN8TI9GUdy6QCDuITxhMITd+6yUypLnZFmAbJ5UAW","baseKeyType":1,"closed":-1,"used":1747207240088,"created":1747207240088,"remoteIdentityKey":"BSiiY0WSkuoyeKH1f6N+a60AWEhkOx99alWZQlvkvl9e"},"_chains":{"BU/wDnaGSs6Ma2ab9J1i0pSYTM92akiGIpbETd0ftRMz":{"chainKey":{"counter":7,"key":"TRw6o7oGl3DM++YWg3bRGLe9tCaLx75tu+yTSPTt2IM="},"chainType":1,"messageKeys":{}}},"pendingPreKey":{"signedKeyId":14,"baseKey":"BRffN8TI9GUdy6QCDuITxhMITd+6yUypLnZFmAbJ5UAW","preKeyId":11006475}}},"version":"v1"}