{"_sessions":{"BZ+/3ClqoEfuMC5ADL3F7VZIx5MQ/EXbRwhoUlBnB+o7":{"registrationId":1253148745,"currentRatchet":{"ephemeralKeyPair":{"pubKey":"BVds19XnleGcaa1XojR9a5uxm/OxyYFFsbW5oZNvJHAO","privKey":"IOQ2bDH5h4LH17yYNVdLnn4j23ZpAJUs70E9661ZLF4="},"lastRemoteEphemeralKey":"BaFVmeQrzygjgYPHUR4Cf/yyAm4upo+BxiTn20IArEcI","previousCounter":0,"rootKey":"C4ZP58mYs8xoQ875axo4ainYAib2uVPxlXwpSWYTzck="},"indexInfo":{"baseKey":"BZ+/3ClqoEfuMC5ADL3F7VZIx5MQ/EXbRwhoUlBnB+o7","baseKeyType":1,"closed":-1,"used":1747229631190,"created":1747229631190,"remoteIdentityKey":"BZBQfRXRRAQFEuaGJ53DdDYfm2KLRAGk1gcsGGvMLNlv"},"_chains":{"BVds19XnleGcaa1XojR9a5uxm/OxyYFFsbW5oZNvJHAO":{"chainKey":{"counter":0,"key":"kdthsgJz9xRKK6oJryEYSL8jwHm9frVwW5E9CoAfoeA="},"chainType":1,"messageKeys":{}}},"pendingPreKey":{"signedKeyId":3,"baseKey":"BZ+/3ClqoEfuMC5ADL3F7VZIx5MQ/EXbRwhoUlBnB+o7","preKeyId":13284299}}},"version":"v1"}