{"_sessions":{"BWkcBt4pO7WY6LPk12StkLavW8UWuKlrgXVcVZnw5ttk":{"registrationId":1450500002,"currentRatchet":{"ephemeralKeyPair":{"pubKey":"BXeMJL9WehQH+7rFI5mryfwnIiSPwLxv5nC5SaveoENY","privKey":"MLaSjIkjOrPKbDxTMPEC1HJQHLBuppR9yLuljbH6QmE="},"lastRemoteEphemeralKey":"BS8xglcahfkYwg4jrLWi95xMy8uQCbeyiIj4DhP58SER","previousCounter":0,"rootKey":"y0CfGLhceQrBDrDDKBTg3mHNIpTc2AihZku0oT5Aouw="},"indexInfo":{"baseKey":"BWkcBt4pO7WY6LPk12StkLavW8UWuKlrgXVcVZnw5ttk","baseKeyType":1,"closed":-1,"used":1747219047301,"created":1747219047301,"remoteIdentityKey":"BWPSfAu7AjOgWg2+5Q+WAhA2H1H0o4qx7B1XB9cCrzZe"},"_chains":{"BXeMJL9WehQH+7rFI5mryfwnIiSPwLxv5nC5SaveoENY":{"chainKey":{"counter":0,"key":"KQ9+ORg7jp3CGnvbGpJWoISDvWdwnGsvscGm0fmUgDY="},"chainType":1,"messageKeys":{}}},"pendingPreKey":{"signedKeyId":1,"baseKey":"BWkcBt4pO7WY6LPk12StkLavW8UWuKlrgXVcVZnw5ttk","preKeyId":15572909}}},"version":"v1"}