{"_sessions":{"Bb3oBJbURDOuGeFo6cpSb8z8sYiGVOibeMz9OmJgfss/":{"registrationId":2050134936,"currentRatchet":{"ephemeralKeyPair":{"pubKey":"BQlviQ8gPsiKca/m4i05vBe9/oTZh8d8n6Szx6p00ex/","privKey":"sJdBKFJef9VFPLIpXxHuQYtWLKdmXO76g2X6RlY4wG0="},"lastRemoteEphemeralKey":"BQ96fXN8KWqqU5rZSiL8b2ETnf5qW3J6hY5BWG0wekZ3","previousCounter":0,"rootKey":"6Wt02ynaE2XKy8Hw8NvVOD6fUITbhLMqFURQIKNBcLI="},"indexInfo":{"baseKey":"Bb3oBJbURDOuGeFo6cpSb8z8sYiGVOibeMz9OmJgfss/","baseKeyType":1,"closed":-1,"used":1747222182526,"created":1747222182526,"remoteIdentityKey":"BU8l5vjRa/J9dgqf2QsISGUiNi5HK9YvNsuCbH4BQ7V/"},"_chains":{"BQlviQ8gPsiKca/m4i05vBe9/oTZh8d8n6Szx6p00ex/":{"chainKey":{"counter":16,"key":"5qwiZq43eYRcUoFTnxH2tag8gf/+NSQN34vZPk6/Mzk="},"chainType":1,"messageKeys":{}}},"pendingPreKey":{"signedKeyId":2,"baseKey":"Bb3oBJbURDOuGeFo6cpSb8z8sYiGVOibeMz9OmJgfss/","preKeyId":4562566}}},"version":"v1"}