{"_sessions":{"BdzrTgJH1kLNitpeI0NAljrOLsq4M4JT3HrZuNF7jYlf":{"registrationId":811164839,"currentRatchet":{"ephemeralKeyPair":{"pubKey":"BbbIVImfo1wqLuknZfuPuV/JO2wPTEzVcThML563YzEB","privKey":"SP5+JuHGGO0sNso7Ahh0LDcqZyVpbLFsgelcLXotumM="},"lastRemoteEphemeralKey":"BenwkNuwSmXyQR60BPyoK0y3RjCkD4xk55991BawXh81","previousCounter":0,"rootKey":"6vUBiGIVYoqBdeL1ezQ6f/JhkbN2IzV/0H4ajFyQKrQ="},"indexInfo":{"baseKey":"BdzrTgJH1kLNitpeI0NAljrOLsq4M4JT3HrZuNF7jYlf","baseKeyType":1,"closed":-1,"used":1747209564595,"created":1747209564595,"remoteIdentityKey":"BVRWTtO6jm190quBmmwxQkdyb6Q9P1BU1Q7A6apSaUNv"},"_chains":{"BbbIVImfo1wqLuknZfuPuV/JO2wPTEzVcThML563YzEB":{"chainKey":{"counter":0,"key":"wjUtRLBN1y0tFwPQYHH/fjA2VcWfvqLa+HVfwh54XRE="},"chainType":1,"messageKeys":{}}},"pendingPreKey":{"signedKeyId":3,"baseKey":"BdzrTgJH1kLNitpeI0NAljrOLsq4M4JT3HrZuNF7jYlf","preKeyId":11507220}}},"version":"v1"}