{"_sessions":{"BdgAQmxvp2mE9cWpdNRxTexBgz1tNSkLPKwcXaJEYf9o":{"registrationId":1790275384,"currentRatchet":{"ephemeralKeyPair":{"pubKey":"BXIsB3TC32FMOXmhE22Z1B9+HZ9rdCDfESSojVSzkspf","privKey":"CHCXWQQx4XaBmzkUCKBAV1uzL9XZ8NSGTzWpZnWvYEI="},"lastRemoteEphemeralKey":"BeOdEjeVMp/kePM86WR8IlxZAQy3/RbBGiOj24REEkEC","previousCounter":0,"rootKey":"kXQb/dSAOC6btX9moi8cgYq76ZbP3cereYUVYZsXbts="},"indexInfo":{"baseKey":"BdgAQmxvp2mE9cWpdNRxTexBgz1tNSkLPKwcXaJEYf9o","baseKeyType":1,"closed":-1,"used":1747219050788,"created":1747219050788,"remoteIdentityKey":"BULCBqJ0fKr77VjzYRHb4ShHx6gnpZajbuKwoetufoR9"},"_chains":{"BXIsB3TC32FMOXmhE22Z1B9+HZ9rdCDfESSojVSzkspf":{"chainKey":{"counter":0,"key":"LocdUH8hwvzQQcOi/FpL8MSoaod8ZK0IFyVz7mX5lwM="},"chainType":1,"messageKeys":{}}},"pendingPreKey":{"signedKeyId":43,"baseKey":"BdgAQmxvp2mE9cWpdNRxTexBgz1tNSkLPKwcXaJEYf9o","preKeyId":16199117}}},"version":"v1"}