{"_sessions":{"BcCu/AhNXFZpVgQOSlieBpaYcvyyOcrcMliDh9gSCdNv":{"registrationId":227,"currentRatchet":{"ephemeralKeyPair":{"pubKey":"Bceko8Nppw5uYSfmcroP7cy5wGxcPiYX1IrFf0w3Ekpa","privKey":"GFZyxmzajfn4o/65eX72hMFz2d47Gr3OPKD/EqoVTUA="},"lastRemoteEphemeralKey":"BUnwQke8TVID70CkijOMqQoKxiodL4xqQpxd+UXVGtYf","previousCounter":0,"rootKey":"enZIBDD7WtKjXmAlsouWyf36y8KuQTefFyoeZLi/UuU="},"indexInfo":{"baseKey":"BcCu/AhNXFZpVgQOSlieBpaYcvyyOcrcMliDh9gSCdNv","baseKeyType":1,"closed":-1,"used":1747219044732,"created":1747219044732,"remoteIdentityKey":"Bdosa0KSHEiAaVQOJLp+DCkFcyRaOdf5fJrUwTmxLEI+"},"_chains":{"Bceko8Nppw5uYSfmcroP7cy5wGxcPiYX1IrFf0w3Ekpa":{"chainKey":{"counter":0,"key":"v7tSyNQzGjy4ti6duwvFcExroZg/N3maA3NtCL2LrrI="},"chainType":1,"messageKeys":{}}},"pendingPreKey":{"signedKeyId":1,"baseKey":"BcCu/AhNXFZpVgQOSlieBpaYcvyyOcrcMliDh9gSCdNv"}}},"version":"v1"}