{"_sessions":{"BXspevaJAAMfEMYcyEj3o1BEUgWxGzjDNNBYHjEGAkoA":{"registrationId":1831880572,"currentRatchet":{"ephemeralKeyPair":{"pubKey":"BZInCiSsJD2rr0zPX6ndqq9A5mbPPuFFBXT0rupFIUI5","privKey":"QMq9GXUIGtSKnK2fTWlI3u+aiyiavYlw0B2QBWdCuko="},"lastRemoteEphemeralKey":"Be4eSE+QS/fTKNsA7qQaHjKK1G0V4kLryeLkt3vTAzpy","previousCounter":0,"rootKey":"X2+AyhAvxoXovAIwhAdQi5H2Hc22iB8U+2dkk7lbX/U="},"indexInfo":{"baseKey":"BXspevaJAAMfEMYcyEj3o1BEUgWxGzjDNNBYHjEGAkoA","baseKeyType":1,"closed":-1,"used":1747216482999,"created":1747216482999,"remoteIdentityKey":"BdMxtWbfc+/2+66l77g8TWbOVraI2VGluXU5dhTSDUEH"},"_chains":{"BZInCiSsJD2rr0zPX6ndqq9A5mbPPuFFBXT0rupFIUI5":{"chainKey":{"counter":0,"key":"3uihRBGxeOkvU7Ig9sAf3/RTm9lxnrO6i5j1GBihdIY="},"chainType":1,"messageKeys":{}}},"pendingPreKey":{"signedKeyId":6,"baseKey":"BXspevaJAAMfEMYcyEj3o1BEUgWxGzjDNNBYHjEGAkoA","preKeyId":1291}}},"version":"v1"}