{"_sessions":{"BdHDRWjnALbiCafCJYuCsKrH5tUgO/PCE/TFJoA8mBJi":{"registrationId":1578838119,"currentRatchet":{"ephemeralKeyPair":{"pubKey":"BY02P4dv41YdvVa8kzQVdyc1TI53JKInD5snM9t24W5A","privKey":"EPP+YpBdxGl2EolVPc6L2/KLfgMskSLIzLdknWIMZXI="},"lastRemoteEphemeralKey":"BUQ2L1RUzh+RSbDht3ptKIQdYZUnKVQs1k7KcJGVNjFw","previousCounter":0,"rootKey":"pL0s+zw5kpdJwWzAzbJnXied2N50hNP5lCrhwKk2tdU="},"indexInfo":{"baseKey":"BdHDRWjnALbiCafCJYuCsKrH5tUgO/PCE/TFJoA8mBJi","baseKeyType":1,"closed":-1,"used":1747219047154,"created":1747219047154,"remoteIdentityKey":"BUbbuZi2P0WmCwbFbMkUiJpouTAB373KIg2g343Mpdww"},"_chains":{"BY02P4dv41YdvVa8kzQVdyc1TI53JKInD5snM9t24W5A":{"chainKey":{"counter":0,"key":"DnrzmiHyBX49gRqcTvukMkS3vDH6Zklt9oD28hT53AI="},"chainType":1,"messageKeys":{}}},"pendingPreKey":{"signedKeyId":1,"baseKey":"BdHDRWjnALbiCafCJYuCsKrH5tUgO/PCE/TFJoA8mBJi","preKeyId":16754295}}},"version":"v1"}