{"_sessions":{"BauXE3OYG+FXw/Kp66gJOnjfcYTud7sp1h7MkAh1Gio1":{"registrationId":1558003521,"currentRatchet":{"ephemeralKeyPair":{"pubKey":"BUamZRG4Y64WYOzz18ZH+/XsBEDwmiiHQKEH/JcGtYpH","privKey":"6CO/UhOt5mulbXIaFT2PCuS8Htkxsb9xEhcBGv5VhVY="},"lastRemoteEphemeralKey":"BZR+hsUdha1YLSkPdh9222SpM7/El7s7uaJBnzuiDd5v","previousCounter":0,"rootKey":"Ej1nEDbanxK5oZSrj61i0nWzJk4ZVe4ePp4q1LkNjrk="},"indexInfo":{"baseKey":"BauXE3OYG+FXw/Kp66gJOnjfcYTud7sp1h7MkAh1Gio1","baseKeyType":1,"closed":-1,"used":1747208182684,"created":1747208182684,"remoteIdentityKey":"BasJmQdXw+SkBOFpigXDuTqOKLC7L8j0GmFJvx94YVtV"},"_chains":{"BUamZRG4Y64WYOzz18ZH+/XsBEDwmiiHQKEH/JcGtYpH":{"chainKey":{"counter":2,"key":"OAHV5+Kd286hnfaFX6i7kzUTPa4Arm8kmcD0mUP2Bag="},"chainType":1,"messageKeys":{}}},"pendingPreKey":{"signedKeyId":6,"baseKey":"BauXE3OYG+FXw/Kp66gJOnjfcYTud7sp1h7MkAh1Gio1","preKeyId":4570042}}},"version":"v1"}