{"_sessions":{"Bbr+K/TAjssznXafUY1LInFuutGMQqFOmRNGiY7qs/5j":{"registrationId":157,"currentRatchet":{"ephemeralKeyPair":{"pubKey":"BYxTxkhVbTffAkN7qurIy7QAkaaoDG3/1jQMhTjXcpNW","privKey":"6CWf3Qw13VoEcAw9jpxDKg5xWVtD5TVPBOdcIHEBZHw="},"lastRemoteEphemeralKey":"BSQI5idP7luj1Ekxquvx6AimHgp1QJ0Ynum/6UoV2FgZ","previousCounter":0,"rootKey":"ddU9z3sn5jU5Zl04AZqnavRihSPm6n+3wd9Mpm5v1oM="},"indexInfo":{"baseKey":"Bbr+K/TAjssznXafUY1LInFuutGMQqFOmRNGiY7qs/5j","baseKeyType":1,"closed":-1,"used":1747219044874,"created":1747219044874,"remoteIdentityKey":"BQETUJdxa9xt2OkbECTmbtBWiM7mG8DzhB0b+n/DQysl"},"_chains":{"BYxTxkhVbTffAkN7qurIy7QAkaaoDG3/1jQMhTjXcpNW":{"chainKey":{"counter":0,"key":"+Bu/SoJuqq7gxw9YPbN7tj5cWXmuykgECnJ67ZqpL5M="},"chainType":1,"messageKeys":{}}},"pendingPreKey":{"signedKeyId":1,"baseKey":"Bbr+K/TAjssznXafUY1LInFuutGMQqFOmRNGiY7qs/5j","preKeyId":272}}},"version":"v1"}