{"_sessions":{"Bbl+s5T8PRV334Y5bImUbGY1KVISq5j5ieAs+0Bjf2Ja":{"registrationId":952292367,"currentRatchet":{"ephemeralKeyPair":{"pubKey":"BXc0rp1K3vttLz4+K4nSXqP5X4wk1lQHB1FG1VHKG0BV","privKey":"qDYmSCgnkZtMUXUkevuhVPYaCApL8pJKC5NGcN1WyGk="},"lastRemoteEphemeralKey":"BWFbOgVge+iEYqVWs6/LWg2A6JoRDY9BSKqhpQ0+5fFa","previousCounter":0,"rootKey":"Zc1txe2Sh+LNNSifV0IOtfyhyEDvMh9kLizG5ejXlJI="},"indexInfo":{"baseKey":"Bbl+s5T8PRV334Y5bImUbGY1KVISq5j5ieAs+0Bjf2Ja","baseKeyType":1,"closed":-1,"used":1747219044740,"created":1747219044740,"remoteIdentityKey":"BcfjHev43HTEOb5NN8wgntHIzhef80gcYdTHnJaupj8Y"},"_chains":{"BXc0rp1K3vttLz4+K4nSXqP5X4wk1lQHB1FG1VHKG0BV":{"chainKey":{"counter":0,"key":"W6jjtVIXel51/PPdrivRd2tgEnDenw0tAK5+hz05mis="},"chainType":1,"messageKeys":{}}},"pendingPreKey":{"signedKeyId":1,"baseKey":"Bbl+s5T8PRV334Y5bImUbGY1KVISq5j5ieAs+0Bjf2Ja"}}},"version":"v1"}