{"_sessions":{"BQZL0pxgIzAiRHbG5zRl0+moPO5fhqdsf4/QteOaTFt6":{"registrationId":762686082,"currentRatchet":{"ephemeralKeyPair":{"pubKey":"BezQWjjTjI5fhIwi8ge75i4EY8YSYGkD17NHNd/ruiFZ","privKey":"+EpehhbESUz7Y3ux9CjRKcz12XNJ275bJat4YBa/KGI="},"lastRemoteEphemeralKey":"BYGf3TtIjStDbmAWLg3XqHrFmYNX09laNEBtv4KXpyd1","previousCounter":0,"rootKey":"AANkrcP+JwbH9wJ5pGgHigQR25mVe3T2uUoDES4WdwA="},"indexInfo":{"baseKey":"BQZL0pxgIzAiRHbG5zRl0+moPO5fhqdsf4/QteOaTFt6","baseKeyType":1,"closed":-1,"used":1747219044832,"created":1747219044832,"remoteIdentityKey":"BSQUSDjNB5KSpfetqjGvUGzcJlWiPP2BskJ0IihuySBc"},"_chains":{"BezQWjjTjI5fhIwi8ge75i4EY8YSYGkD17NHNd/ruiFZ":{"chainKey":{"counter":0,"key":"3cW85g7OQJWUVaAUn/44pgPFN4WUWfwE80989bTOIoo="},"chainType":1,"messageKeys":{}}},"pendingPreKey":{"signedKeyId":1,"baseKey":"BQZL0pxgIzAiRHbG5zRl0+moPO5fhqdsf4/QteOaTFt6","preKeyId":12605415}}},"version":"v1"}