{"_sessions":{"BaS8O98qBv5nXgwY4bWKe02q21h88h1nANLIzvjpccxf":{"registrationId":370910874,"currentRatchet":{"ephemeralKeyPair":{"pubKey":"BWI8ZdBLemXqo+aDNeWOvt9Lrx8fBtN0D0vuzUJu/2tc","privKey":"4P2fDUHeoJOk1vUJXefenWEp7pzc+QxKicaG/Ou8QEg="},"lastRemoteEphemeralKey":"BWr0jCAAqSaM4Ji74ua+Gy/2lqiY7GHco4zBnuFzAXdW","previousCounter":0,"rootKey":"NMW/1SovD+daBMl7ootUOrJru8a+CCVUKMt7k0qfavo="},"indexInfo":{"baseKey":"BaS8O98qBv5nXgwY4bWKe02q21h88h1nANLIzvjpccxf","baseKeyType":1,"closed":-1,"used":1747229631148,"created":1747229631148,"remoteIdentityKey":"BawfoTK30h4/9SyNMN7fLMJjoacjLXVd5PDQcIwuj6gg"},"_chains":{"BWI8ZdBLemXqo+aDNeWOvt9Lrx8fBtN0D0vuzUJu/2tc":{"chainKey":{"counter":0,"key":"GpBDUFSQcnz5f1ZBI5eKNjQfgrkFtgezVEjn17NJ7N8="},"chainType":1,"messageKeys":{}}},"pendingPreKey":{"signedKeyId":0,"baseKey":"BaS8O98qBv5nXgwY4bWKe02q21h88h1nANLIzvjpccxf","preKeyId":454518}}},"version":"v1"}