{"_sessions":{"BaFsm9qqc7TsTJR5eLrwYmXExyVrucRinXV8hQocnyhT":{"registrationId":582304846,"currentRatchet":{"ephemeralKeyPair":{"pubKey":"BY9oKZNBDxpoGHKGJOOpKsEXQdKjzEI7ad22YZFp7Rci","privKey":"8LrI/RhkcK+EGqXMxt9WapzAf2cNdSjknlXHhgCJ/Uw="},"lastRemoteEphemeralKey":"BVwGpXrovFQoazJajRh0IT03uBMqU2seBcYtIbQR9ycv","previousCounter":0,"rootKey":"o/FufjRDXEi8K/bao/xtmsAH6/wZSCcdYmvEDn8e6YA="},"indexInfo":{"baseKey":"BaFsm9qqc7TsTJR5eLrwYmXExyVrucRinXV8hQocnyhT","baseKeyType":1,"closed":-1,"used":1747209564541,"created":1747209564541,"remoteIdentityKey":"BQXFUy36hceO+DYLAKpKZKLLhB7zKLqvYFy9ctT7/WIn"},"_chains":{"BY9oKZNBDxpoGHKGJOOpKsEXQdKjzEI7ad22YZFp7Rci":{"chainKey":{"counter":0,"key":"tqPu3uqSyFPXDdMrHn0PbtiWh8J876fncnHTNwBzfjU="},"chainType":1,"messageKeys":{}}},"pendingPreKey":{"signedKeyId":13,"baseKey":"BaFsm9qqc7TsTJR5eLrwYmXExyVrucRinXV8hQocnyhT","preKeyId":14828731}}},"version":"v1"}