{"_sessions":{"Bad33gmqZKZdiofE/YGkTYObkhEJxdvXLgT/HLeq6Xch":{"registrationId":1054847728,"currentRatchet":{"ephemeralKeyPair":{"pubKey":"Bc9UxFGugavTt6W6a087aSLtEAmxj2TqYKGKPlM8za9H","privKey":"8Pvcy8ZmTT9YlqR72h+dw9lHPrB+x5ZuTGKYxmqFb30="},"lastRemoteEphemeralKey":"BVEFvkG/44zJtwmIe88oTpcUMhon4WvWphLkV6sl+ZBd","previousCounter":0,"rootKey":"rkkiHDLm1c/biCsp7Rql4WJgRY7tNxe9Bx08jKGvJ94="},"indexInfo":{"baseKey":"Bad33gmqZKZdiofE/YGkTYObkhEJxdvXLgT/HLeq6Xch","baseKeyType":1,"closed":-1,"used":1747219048960,"created":1747219048960,"remoteIdentityKey":"BfpAHhZG3SK0CwcDlFKY0ypB5gaM1k55iLJdbjoWfZhc"},"_chains":{"Bc9UxFGugavTt6W6a087aSLtEAmxj2TqYKGKPlM8za9H":{"chainKey":{"counter":0,"key":"3ct2CrzTtx3prxkIvefE30aIGkK1MIfJtEXNlhSQUbk="},"chainType":1,"messageKeys":{}}},"pendingPreKey":{"signedKeyId":0,"baseKey":"Bad33gmqZKZdiofE/YGkTYObkhEJxdvXLgT/HLeq6Xch"}}},"version":"v1"}