{"_sessions":{"Bf5PmJluPtju7kawHGs/j+F+/Gb5bpuOa+KkmWeLz2NT":{"registrationId":1719944906,"currentRatchet":{"ephemeralKeyPair":{"pubKey":"Bbu01VdFDmuwqv2vQZrhyRGgqX8bXntOtJEBq8k/mT8h","privKey":"sFRNlfM1OgKVTlsZYY1di5YuXvniwRcKhVO3HsvJHEY="},"lastRemoteEphemeralKey":"BeomoUvwR7NC5EGdBfxmylofDxJwHXBxNflsE0kpIUpC","previousCounter":0,"rootKey":"KVG8wEde/w2qxuqOsDTjVUHNcUmvlBHbNs3GAuz87jM="},"indexInfo":{"baseKey":"Bf5PmJluPtju7kawHGs/j+F+/Gb5bpuOa+KkmWeLz2NT","baseKeyType":2,"closed":-1,"used":1747218666056,"created":1747218666056,"remoteIdentityKey":"BfScM8zE6K2SoimHmPjm2IshxEePbILg7e52kBBeTqYn"},"_chains":{"BeomoUvwR7NC5EGdBfxmylofDxJwHXBxNflsE0kpIUpC":{"chainKey":{"counter":1,"key":"26+MbiH6zu6G9BP08PJdLgm57emkkBMwa6piWFzj1Ww="},"chainType":2,"messageKeys":{"0":"9LWii/9EVIXDSRVaFVi2tNXD37Ld4hApSwu77U1VRNY="}},"Bbu01VdFDmuwqv2vQZrhyRGgqX8bXntOtJEBq8k/mT8h":{"chainKey":{"counter":-1,"key":"dNuwD7YkyprhV1KQpOQJOIZiWRQFNYLB8sO9HrrySJ8="},"chainType":1,"messageKeys":{}}}}},"version":"v1"}