{"_sessions":{"BUS7JEje6xrfapOv3BzW1lLBzKii0xSB/6DskKIoxYxA":{"registrationId":1836447548,"currentRatchet":{"ephemeralKeyPair":{"pubKey":"BTWVBkqGnbY+aVBCmPFUISZ316xTqagT839PH4DQpNI0","privKey":"KP9ppSwQRLa4+V3pYzj9ZVASkYLtKRwONS3v0KGNw0g="},"lastRemoteEphemeralKey":"BeieTKCnIQijAuOnNLJeRtChekZyI8oKG8lYnMBmWLcS","previousCounter":0,"rootKey":"6DMqgJe2G8s7GWxYvyqiUmoB8iw6nZdfYINEZ1lnumw="},"indexInfo":{"baseKey":"BUS7JEje6xrfapOv3BzW1lLBzKii0xSB/6DskKIoxYxA","baseKeyType":1,"closed":-1,"used":1747219046889,"created":1747219046889,"remoteIdentityKey":"BY+8aUgDRnGSZ12cEUpZWsS8mJmI44LUFkUZH7U9cDxT"},"_chains":{"BTWVBkqGnbY+aVBCmPFUISZ316xTqagT839PH4DQpNI0":{"chainKey":{"counter":0,"key":"dMA1oPHf8oyLQ0y0cTBYW3N0cJdG8LTm99Bwn3rNA4Q="},"chainType":1,"messageKeys":{}}},"pendingPreKey":{"signedKeyId":1,"baseKey":"BUS7JEje6xrfapOv3BzW1lLBzKii0xSB/6DskKIoxYxA","preKeyId":15705761}}},"version":"v1"}