{"_sessions":{"BWg/PEGAUDxaYa5FX4/J9m7/NTvqmZg247ACHPVOCO9H":{"registrationId":20,"currentRatchet":{"ephemeralKeyPair":{"pubKey":"BQB95t/2Hh40UtAzFHwQZJ0F33jQWfBwn4+Hca5HwKhn","privKey":"WOTb54ZyytmCLyU23sZsX50nvrpIiZ+bh6/WxzcnMFk="},"lastRemoteEphemeralKey":"BegBNjMei44Qw3bv5kelPMW9XzF3vpeoQGdsF1yJYxsj","previousCounter":0,"rootKey":"MphpjQ2Ny/xQq6fFulrJUQKM/vm+SIUTq6GiRvnyK2A="},"indexInfo":{"baseKey":"BWg/PEGAUDxaYa5FX4/J9m7/NTvqmZg247ACHPVOCO9H","baseKeyType":1,"closed":-1,"used":1747209564408,"created":1747209564408,"remoteIdentityKey":"Bbv9mfnIjfVATclB3v5Jl+pkhV326tckn2wXhb/vzC5V"},"_chains":{"BQB95t/2Hh40UtAzFHwQZJ0F33jQWfBwn4+Hca5HwKhn":{"chainKey":{"counter":0,"key":"+Q6TraowDi20Yi9TO0kWfMRN2vIv78E3qmAYIFMGWsE="},"chainType":1,"messageKeys":{}}},"pendingPreKey":{"signedKeyId":1,"baseKey":"BWg/PEGAUDxaYa5FX4/J9m7/NTvqmZg247ACHPVOCO9H"}}},"version":"v1"}