{"_sessions":{"BWB9nITmKYToYjRNs29xnMDUtEI0JIOB5i9O4h49yV4R":{"registrationId":833761585,"currentRatchet":{"ephemeralKeyPair":{"pubKey":"BW64MZ5xrlEte4GHoZl4mr8pKYTYM8hdqQI7Hwlz+7tL","privKey":"YCopeIeddpfg+jni/q1eZiF1THKKC+B2ep/D4xwQ8Vc="},"lastRemoteEphemeralKey":"BeM1IwZg3Kjuv/OnS5uEH2DXNwA9QlNIkQsZUuxhPXp2","previousCounter":0,"rootKey":"mA06INKGbssYYECVEi14yOm9080+Fk9KLaQXQauEwDE="},"indexInfo":{"baseKey":"BWB9nITmKYToYjRNs29xnMDUtEI0JIOB5i9O4h49yV4R","baseKeyType":1,"closed":1747222603032,"used":1747218752205,"created":1747218752205,"remoteIdentityKey":"BVzwKZYaH+RIyM30K017QrNJiWnJtvcz6FbsSTXpFeUF"},"_chains":{"BW64MZ5xrlEte4GHoZl4mr8pKYTYM8hdqQI7Hwlz+7tL":{"chainKey":{"counter":7,"key":"0vTfDS6GUoulAoesIfffARQh0JL2FBUdKtKUCihQp4k="},"chainType":1,"messageKeys":{}}},"pendingPreKey":{"signedKeyId":13,"baseKey":"BWB9nITmKYToYjRNs29xnMDUtEI0JIOB5i9O4h49yV4R","preKeyId":15892733}},"BYMr53Mn2BJ3lYSnbtRVnvlH423M4Hb0ZRMg5KuKwz0D":{"registrationId":833761585,"currentRatchet":{"ephemeralKeyPair":{"pubKey":"BWEIFQmL4NSNC1EvSaW6Q0dqHqIanHuyKaweFq9Y5n4y","privKey":"KEwRznG+DFQrn3UEy8Qv1FGFeT7Dl62/1bNF3Ah9oU0="},"lastRemoteEphemeralKey":"BeM1IwZg3Kjuv/OnS5uEH2DXNwA9QlNIkQsZUuxhPXp2","previousCounter":0,"rootKey":"hekWtqTEw4zHKoz15SbQEysNJQj6a/pEFo/pMj50jEY="},"indexInfo":{"baseKey":"BYMr53Mn2BJ3lYSnbtRVnvlH423M4Hb0ZRMg5KuKwz0D","baseKeyType":1,"closed":-1,"used":1747222603029,"created":1747222603029,"remoteIdentityKey":"BVzwKZYaH+RIyM30K017QrNJiWnJtvcz6FbsSTXpFeUF"},"_chains":{"BWEIFQmL4NSNC1EvSaW6Q0dqHqIanHuyKaweFq9Y5n4y":{"chainKey":{"counter":-1,"key":"vluEkrLoX8CbPy2Df+amvzQAYb7Ml4//051wd0pjbSk="},"chainType":1,"messageKeys":{}}},"pendingPreKey":{"signedKeyId":13,"baseKey":"BYMr53Mn2BJ3lYSnbtRVnvlH423M4Hb0ZRMg5KuKwz0D","preKeyId":15892773}}},"version":"v1"}