{"_sessions":{"BRY2MwFp7r/9FUy/R7DkHLj7EeVG07yMqrRTZDrX8oY+":{"registrationId":453206638,"currentRatchet":{"ephemeralKeyPair":{"pubKey":"BUCWo501EMTck5yUFyDkLAFr6Bs511/MNPfOmD1oBa1a","privKey":"aK4MSPHwvbBC0HtgR98jvgS+6+mACQ1YsQqlQT6/Emc="},"lastRemoteEphemeralKey":"BQm/VwComWO/BExejx7fU74qtLY+0wJjanVAS6Qt5I5r","previousCounter":0,"rootKey":"Nj9UgZYVV7nEXihJU8C3tPww5UUtACNjtSQBjV3QJZE="},"indexInfo":{"baseKey":"BRY2MwFp7r/9FUy/R7DkHLj7EeVG07yMqrRTZDrX8oY+","baseKeyType":1,"closed":-1,"used":1747216483082,"created":1747216483082,"remoteIdentityKey":"BUUXarWsclcVI1i+AwSp0voh4w0ziDF8wwgUvbV6WoBg"},"_chains":{"BUCWo501EMTck5yUFyDkLAFr6Bs511/MNPfOmD1oBa1a":{"chainKey":{"counter":0,"key":"XoVNFJWZW642yDfO8n3EUhjgiDNxNk5bfvCqzLwVrU8="},"chainType":1,"messageKeys":{}}},"pendingPreKey":{"signedKeyId":55,"baseKey":"BRY2MwFp7r/9FUy/R7DkHLj7EeVG07yMqrRTZDrX8oY+","preKeyId":7672150}}},"version":"v1"}