{"_sessions":{"BZUJN8iIEwQmQHe1tgpLy36uta2IZJW+H5S2Y9majHk8":{"registrationId":1805267416,"currentRatchet":{"ephemeralKeyPair":{"pubKey":"Bad4XvKhfwNZj+XspDL9uu2Gg67SJkPCSoUvQj/hDg1h","privKey":"UO0TRfNuq3jn4PkZxU1r/hVanb6pvsDsAjTdlbteHXs="},"lastRemoteEphemeralKey":"BYbtUWLOxqYUy8eYPxveSVxd6eXHkkGTAHipMcXdUSQ3","previousCounter":0,"rootKey":"zPVl4Dp9Tq+b5OVEAS7xWRImgGUkVohzCvyQVMoSvog="},"indexInfo":{"baseKey":"BZUJN8iIEwQmQHe1tgpLy36uta2IZJW+H5S2Y9majHk8","baseKeyType":2,"closed":-1,"used":1747220787033,"created":1747220787033,"remoteIdentityKey":"BQqvTcedgKCFZhobAethsLwMJwvFwkcB0UPdrwcOwFtk"},"_chains":{"BYbtUWLOxqYUy8eYPxveSVxd6eXHkkGTAHipMcXdUSQ3":{"chainKey":{"counter":0,"key":"O3oWYXtZCiXR5IB29DQUZSb9WzOUorVjHqwom6B7KQg="},"chainType":2,"messageKeys":{}},"Bad4XvKhfwNZj+XspDL9uu2Gg67SJkPCSoUvQj/hDg1h":{"chainKey":{"counter":0,"key":"wPo4vvPsbVY59Fzu+cOy95E1FDQki9zy7HvsBbctHWE="},"chainType":1,"messageKeys":{}}}}},"version":"v1"}