{"_sessions":{"BWHYBc/9W1nIiD9IbfLamdxZ1u1XxssBmnJ5hfjWv1wK":{"registrationId":1145621334,"currentRatchet":{"ephemeralKeyPair":{"pubKey":"BV5OD+/BZXnM4AU2ziBcKLJOlDpZEvQhptuOaLvM9Qw4","privKey":"WBxSYkD1LFe8cCgrKZg+cWiJgNe2LW/kkkF6Tocs5ks="},"lastRemoteEphemeralKey":"BbVuH5l+WQec0ZaI8moT+n2LHGdcgwfSTSrlYsup8TR+","previousCounter":0,"rootKey":"JJTUJXomKwIEMUddOLGVI4SnVJJLjZ/4YvgE2wxTqcU="},"indexInfo":{"baseKey":"BWHYBc/9W1nIiD9IbfLamdxZ1u1XxssBmnJ5hfjWv1wK","baseKeyType":2,"closed":-1,"used":1747233133365,"created":1747233133365,"remoteIdentityKey":"BS3hUcRHLI9RGZ8Xx0aTTpLP4Pyt+eYL8Izv9FgAFz9Z"},"_chains":{"BbVuH5l+WQec0ZaI8moT+n2LHGdcgwfSTSrlYsup8TR+":{"chainKey":{"counter":0,"key":"blJlKPbhNjP2sI/HbL2zMXm68ig8Vc4wMCvWd9UvpBg="},"chainType":2,"messageKeys":{}},"BV5OD+/BZXnM4AU2ziBcKLJOlDpZEvQhptuOaLvM9Qw4":{"chainKey":{"counter":-1,"key":"OVgXDJWGN9cxpz0G+EmdD09lWEVTiL0FZDFzFxz6sWs="},"chainType":1,"messageKeys":{}}}}},"version":"v1"}