{"_sessions":{"BQbTGS3IrtIDW6Aep+3FE0Dhcion2Fk09QiFLYR79EZ5":{"registrationId":1522306915,"currentRatchet":{"ephemeralKeyPair":{"pubKey":"BRdHTBZrmbnSepNFEMgKWV2OSpkgxfcy7oCXcv7mkr1I","privKey":"4Kn3hMw5Gspxxf/qU+4JC7xadRC9hMbdlvWuWAmlNn8="},"lastRemoteEphemeralKey":"BSGNl9eWfsnVSLtbuq6L9ALjsBGK2JcOaFW2w4IIQWQA","previousCounter":0,"rootKey":"w3giHSm33Fp5TBEzFSF4cGV96TppU1YalZyZLGDn0YU="},"indexInfo":{"baseKey":"BQbTGS3IrtIDW6Aep+3FE0Dhcion2Fk09QiFLYR79EZ5","baseKeyType":1,"closed":-1,"used":1747208182658,"created":1747208182658,"remoteIdentityKey":"BQ4l78/aaLmJsMg8xxeXkEGXH8ZS1fzcOyTaCaI2o7kN"},"_chains":{"BRdHTBZrmbnSepNFEMgKWV2OSpkgxfcy7oCXcv7mkr1I":{"chainKey":{"counter":2,"key":"WnbNuST0/zfvkVdjYZDC46fTzZEdwnawNxeGZ/ulTLg="},"chainType":1,"messageKeys":{}}},"pendingPreKey":{"signedKeyId":4,"baseKey":"BQbTGS3IrtIDW6Aep+3FE0Dhcion2Fk09QiFLYR79EZ5","preKeyId":4549615}}},"version":"v1"}