{"_sessions":{"BYrM5wB4RMMrLGuycljnGUKOpL4KhimoCZuv6s/eIM0o":{"registrationId":1728566863,"currentRatchet":{"ephemeralKeyPair":{"pubKey":"BdL9gCmSMhKKMnt4BVg6XAZZ7SpidNmP9nm0fUnodHFB","privKey":"WO2UypH/BSY/OKzsMmiASGpZ1bJ9yEpdT/DnGHkS3k8="},"lastRemoteEphemeralKey":"BWPIT2iP8kJu6iFRsfAYvx/7AnpH7zpJ5kiv8+liE6Jo","previousCounter":0,"rootKey":"gBhiYrvNiwc5ejSyzECcndZmbfd6phicYK+F+QaArIQ="},"indexInfo":{"baseKey":"BYrM5wB4RMMrLGuycljnGUKOpL4KhimoCZuv6s/eIM0o","baseKeyType":1,"closed":-1,"used":1747229631102,"created":1747229631102,"remoteIdentityKey":"BboM1pxtHLisNV1/mzkXh66o8qCnH0KucDh3SyufMiIU"},"_chains":{"BdL9gCmSMhKKMnt4BVg6XAZZ7SpidNmP9nm0fUnodHFB":{"chainKey":{"counter":0,"key":"aScCtfamDd3WvAMpK0nk68JEU+M4SrNglEdsiG5NsEU="},"chainType":1,"messageKeys":{}}},"pendingPreKey":{"signedKeyId":6,"baseKey":"BYrM5wB4RMMrLGuycljnGUKOpL4KhimoCZuv6s/eIM0o","preKeyId":6601168}}},"version":"v1"}