{"_sessions":{"BRZ+I4AXLcN7FOI7/WnE1muLvheBJSvsnHtLo1kxDqVJ":{"registrationId":454080103,"currentRatchet":{"ephemeralKeyPair":{"pubKey":"BRTC96K4ADYm+A6SFrm3UwCClK5LNSvcMQT3agE01wIK","privKey":"2NiT6n5ffhtmdFElpqX5k7RaDsxUYjVerjE63gDAUnY="},"lastRemoteEphemeralKey":"BWNxoORy6LO2Oiy+et9oHiKGRt3BJutgutd42AfAUU8x","previousCounter":0,"rootKey":"x5m8ne+0Y2OEga26KEMkXxt7aNyDRhUVCMJtmotwmh0="},"indexInfo":{"baseKey":"BRZ+I4AXLcN7FOI7/WnE1muLvheBJSvsnHtLo1kxDqVJ","baseKeyType":1,"closed":-1,"used":1747219051143,"created":1747219051143,"remoteIdentityKey":"BdwqlIRgNo6zeAwRnUGWsGzuML9k/dyf133VN7IAn/8s"},"_chains":{"BRTC96K4ADYm+A6SFrm3UwCClK5LNSvcMQT3agE01wIK":{"chainKey":{"counter":0,"key":"JMJhpWsyIzn/rzR4Cj4DGRkxjhzMPFTEykeSheqSYAc="},"chainType":1,"messageKeys":{}}},"pendingPreKey":{"signedKeyId":17,"baseKey":"BRZ+I4AXLcN7FOI7/WnE1muLvheBJSvsnHtLo1kxDqVJ","preKeyId":16283680}}},"version":"v1"}