{"_sessions":{"BaJlZ3KMnzc1Bw5ai6KB7n/lgQy6vXFkCYCqdWN2MwEX":{"registrationId":1367923625,"currentRatchet":{"ephemeralKeyPair":{"pubKey":"BQwWstzXBBh4DpCYtoja1GPliO4BzJOXEnZAxGlNWGNH","privKey":"GCYnuAUYyz7JDx25dH7fLB3RkDsmcAwQYcbwyegE8Vo="},"lastRemoteEphemeralKey":"BZO5MyhV/bl/oOJvJbbYJ5gwi2wzfvcy+88xZvlU0shs","previousCounter":0,"rootKey":"NT8w6AN8elrecVRKp1LrCOiUl3UI53q0ep0SMP9yTuI="},"indexInfo":{"baseKey":"BaJlZ3KMnzc1Bw5ai6KB7n/lgQy6vXFkCYCqdWN2MwEX","baseKeyType":1,"closed":-1,"used":1747219047049,"created":1747219047049,"remoteIdentityKey":"BYgA6LHny5ABc9I81y3jppINOZuQazByhf9F4O9rqiYu"},"_chains":{"BQwWstzXBBh4DpCYtoja1GPliO4BzJOXEnZAxGlNWGNH":{"chainKey":{"counter":0,"key":"Hey0wXpnRGJ01Jti/74yZ1Neony55iuAPUBr7ni9xeA="},"chainType":1,"messageKeys":{}}},"pendingPreKey":{"signedKeyId":3,"baseKey":"BaJlZ3KMnzc1Bw5ai6KB7n/lgQy6vXFkCYCqdWN2MwEX","preKeyId":581585}}},"version":"v1"}