{"_sessions":{"BZY7A7meo7rVPdk3gV/me+x89vldKPq17jR+ZG42IJcQ":{"registrationId":211743359,"currentRatchet":{"ephemeralKeyPair":{"pubKey":"BeNTSobI/BpCKDtTsxNIWbdM16kKphb+SEJ+mhzklS5e","privKey":"4GZe5ju64Z/cGAOLmkf9YtpUJlmAArHqlaUFrP+1R0Y="},"lastRemoteEphemeralKey":"BZ4PxnhKBqYKbHHiA6zCLWhOn8CxOLPyN0Uni9KonMNQ","previousCounter":0,"rootKey":"aYCKR68MGU6msyvuQzhC30SjKBF8TGER3LW2TZhXqGo="},"indexInfo":{"baseKey":"BZY7A7meo7rVPdk3gV/me+x89vldKPq17jR+ZG42IJcQ","baseKeyType":1,"closed":-1,"used":1747229630944,"created":1747229630944,"remoteIdentityKey":"BW9/1VytNgZuOaQQiBI7Ed3jNhWuiwLmrnG3Wg9ikaIb"},"_chains":{"BeNTSobI/BpCKDtTsxNIWbdM16kKphb+SEJ+mhzklS5e":{"chainKey":{"counter":0,"key":"tDSbDmBOB/EGkV4/NoIZiErWfiPbAYUYyF+yF48fLvM="},"chainType":1,"messageKeys":{}}},"pendingPreKey":{"signedKeyId":7,"baseKey":"BZY7A7meo7rVPdk3gV/me+x89vldKPq17jR+ZG42IJcQ"}}},"version":"v1"}