{"_sessions":{"BbxsWfwWGh052FCdTlYi7sld1l/8/D7x3vx6etv6gpU9":{"registrationId":536797463,"currentRatchet":{"ephemeralKeyPair":{"pubKey":"BYxJrEHvTAjQRX89FNQf63YOgGnttchonSxDgFPgtI1n","privKey":"ONmL5H4AcGnYVATgPoQL2lTzDefYXR1IFGnL0zsYVk8="},"lastRemoteEphemeralKey":"BTOE0qF4ze6CFRTC05SqFrQxXOYt5VLgbsxQnxHtbPEl","previousCounter":0,"rootKey":"C8/4u2p/WfsstCwCNalTmafO2QWZN/QEVrrJJL704no="},"indexInfo":{"baseKey":"BbxsWfwWGh052FCdTlYi7sld1l/8/D7x3vx6etv6gpU9","baseKeyType":1,"closed":-1,"used":1747219050867,"created":1747219050867,"remoteIdentityKey":"BTk3jOQMXbVYEaalMDGrqZND8tlr2dxUqLPr7dc5vnFh"},"_chains":{"BYxJrEHvTAjQRX89FNQf63YOgGnttchonSxDgFPgtI1n":{"chainKey":{"counter":0,"key":"HIcpMj4zH6ABYal2rCllJf054vWFonZW6o/zPq+V4xY="},"chainType":1,"messageKeys":{}}},"pendingPreKey":{"signedKeyId":1,"baseKey":"BbxsWfwWGh052FCdTlYi7sld1l/8/D7x3vx6etv6gpU9","preKeyId":204153}}},"version":"v1"}