{"_sessions":{"BXeRFOeklZOQtJyZlz7VwEiqWJRIx+dc2mZrtrtqAF52":{"registrationId":627599848,"currentRatchet":{"ephemeralKeyPair":{"pubKey":"BTxT3CPHLiBXiI6ZkAcpatXRdWs/0UtbqjDm6jyb6/hv","privKey":"GCVAAq/nIIimJYqN3mNaXPmUeS9ZUEsVMANyOz+I2V4="},"lastRemoteEphemeralKey":"BRlD7bzU/EGSrc8XFAEr6yLpdnKAq7LkHckpfHYDFFwn","previousCounter":0,"rootKey":"xAWJI9KrXAJrYU2lSBv9iDLzcSDRKSeinyxvwPW5YHw="},"indexInfo":{"baseKey":"BXeRFOeklZOQtJyZlz7VwEiqWJRIx+dc2mZrtrtqAF52","baseKeyType":2,"closed":1747231738596,"used":1747222642635,"created":1747222642635,"remoteIdentityKey":"Bag+qUw3443AxRiAxrKzyuJi/CMaYM6RuuT4OE1lUQkp"},"_chains":{"BRlD7bzU/EGSrc8XFAEr6yLpdnKAq7LkHckpfHYDFFwn":{"chainKey":{"counter":1,"key":"56H7S/PqzcESAEyhbvZ/1Aw4xUSQbc+ctDbFJk+kCbU="},"chainType":2,"messageKeys":{}},"BTxT3CPHLiBXiI6ZkAcpatXRdWs/0UtbqjDm6jyb6/hv":{"chainKey":{"counter":-1,"key":"JjZ7+4M21ftQQwNrtT0PWvBKGinm3Ugly1PcG5IRYpY="},"chainType":1,"messageKeys":{}}}},"BbeMwERRuAOaqidJEnQwNRnbGx+So+M+/D7P/e2H1DYJ":{"registrationId":627599848,"currentRatchet":{"ephemeralKeyPair":{"pubKey":"BUsh4IgYrvA+AAh0d6X2LSQsg2RHwOkTRhv+8aLsfuFm","privKey":"KHZmwHkLQgZg5UERFy7/7VpMkrgb2Z8j2ywpoxfuumA="},"lastRemoteEphemeralKey":"Bfbnkpgh8jFuCXnKugBdtPFW3yzbmX4qvH8dneOooE8r","previousCounter":0,"rootKey":"pEqpSqf73gP/5l8PUZgcwH978p8aUKinSIrHG0LDbpg="},"indexInfo":{"baseKey":"BbeMwERRuAOaqidJEnQwNRnbGx+So+M+/D7P/e2H1DYJ","baseKeyType":2,"closed":1747231744113,"used":1747231738599,"created":1747231738599,"remoteIdentityKey":"Bag+qUw3443AxRiAxrKzyuJi/CMaYM6RuuT4OE1lUQkp"},"_chains":{"Bfbnkpgh8jFuCXnKugBdtPFW3yzbmX4qvH8dneOooE8r":{"chainKey":{"counter":0,"key":"/LGAfoksbPxOHYTIfUx5XCua+XF/PAut6W1HjyG1Ijs="},"chainType":2,"messageKeys":{}},"BUsh4IgYrvA+AAh0d6X2LSQsg2RHwOkTRhv+8aLsfuFm":{"chainKey":{"counter":-1,"key":"U14oGhVN0ulN9mIx1jHP39vbPkIBaV4lALCfwEyb2kc="},"chainType":1,"messageKeys":{}}}},"BeTtlzPy75mV/D9mFh+RhT/2IQVFNGALiExTLj4ruCNU":{"registrationId":627599848,"currentRatchet":{"ephemeralKeyPair":{"pubKey":"BV+pDANqF0fKYa8Z36o24AMUkM0Jwc2OBhkXeAeEclQP","privKey":"qDCgQFrOr2RbGZNo7IwetnCu4+gTeWn+pvAQFi+bhWY="},"lastRemoteEphemeralKey":"BQJgEmGBiGpThKweWgGyBZ7b0gR5o6kKPr2qvnBu6DlY","previousCounter":0,"rootKey":"khIAHUqSGie+Fb59xddplDaOHeL/zb8synQ3ReQ4Z7k="},"indexInfo":{"baseKey":"BeTtlzPy75mV/D9mFh+RhT/2IQVFNGALiExTLj4ruCNU","baseKeyType":2,"closed":-1,"used":1747231744116,"created":1747231744116,"remoteIdentityKey":"Bag+qUw3443AxRiAxrKzyuJi/CMaYM6RuuT4OE1lUQkp"},"_chains":{"BQJgEmGBiGpThKweWgGyBZ7b0gR5o6kKPr2qvnBu6DlY":{"chainKey":{"counter":0,"key":"eSoxhRx9WOyyFke1u27horWFIAWhKvwzpyU6+Lb0uI8="},"chainType":2,"messageKeys":{}},"BV+pDANqF0fKYa8Z36o24AMUkM0Jwc2OBhkXeAeEclQP":{"chainKey":{"counter":-1,"key":"lc0WMuNd6WJYyEhenGmN3QG/Q2gNisccvy/UPqzI7fI="},"chainType":1,"messageKeys":{}}}}},"version":"v1"}