{"_sessions":{"BTzbZxcCLB+hFLC3NUNaJU6c/Cv52ov/ycBB4Fx1LgNG":{"registrationId":124515773,"currentRatchet":{"ephemeralKeyPair":{"pubKey":"Bch3gFcGxp28y48x5CAdfWfApngP+ymXtt5S3H+DTDsF","privKey":"SJDnPn811d6MmJ4VHAplaXT1C3wZFbPYm1aREgKopls="},"lastRemoteEphemeralKey":"BRS19HCUtDYq1SbNrMOrRXruNd1/A3QdJ5ul2cF5Lqcl","previousCounter":0,"rootKey":"diDLy0xJ8s4WxrBsqyQbZfFX32xNLRJS2lsX7TYnBjo="},"indexInfo":{"baseKey":"BTzbZxcCLB+hFLC3NUNaJU6c/Cv52ov/ycBB4Fx1LgNG","baseKeyType":1,"closed":-1,"used":1747208249719,"created":1747208249719,"remoteIdentityKey":"BYnsZOD4/cEjoN5iyrL/qlJ8ADqx0TUZteIlXl0dHwFL"},"_chains":{"Bch3gFcGxp28y48x5CAdfWfApngP+ymXtt5S3H+DTDsF":{"chainKey":{"counter":0,"key":"0Tvq7J3/ny8ZtjRQWUvV43Fc0o+BuVyZnEYr1tkzXrQ="},"chainType":1,"messageKeys":{}}},"pendingPreKey":{"signedKeyId":5356759,"baseKey":"BTzbZxcCLB+hFLC3NUNaJU6c/Cv52ov/ycBB4Fx1LgNG","preKeyId":992}}},"version":"v1"}