{"_sessions":{"BUWRSaZRPhVMrQ7DoelSLdSdWkvu8aO26/HhRgQIjTxU":{"registrationId":1655565697,"currentRatchet":{"ephemeralKeyPair":{"pubKey":"Bfe1E5M36KpyCajV9RUEhrqGIeRofuFPDR+ivnbni0gd","privKey":"6KGlUVL+RFIA101kRgYQYj1dIuirKX+RPOMPcaIqB10="},"lastRemoteEphemeralKey":"BSDYk7ZG7t+ySzd+dtyH8IdB2nrlLpIdo/nHd+FEuiQ4","previousCounter":0,"rootKey":"Hv7Nh0U7eIW9FL8I/aXNGG/3xS1DRJPRQ3ryToXynWs="},"indexInfo":{"baseKey":"BUWRSaZRPhVMrQ7DoelSLdSdWkvu8aO26/HhRgQIjTxU","baseKeyType":1,"closed":-1,"used":1747207240289,"created":1747207240289,"remoteIdentityKey":"BZkrC0WBn8zIAdssqvk+oDE1FOMAfzw5D3+Qb9HgWwdh"},"_chains":{"Bfe1E5M36KpyCajV9RUEhrqGIeRofuFPDR+ivnbni0gd":{"chainKey":{"counter":7,"key":"hp8rpYypYim0/w5fYDRImTYJJqZu5vhzVY/ixIyQ7dg="},"chainType":1,"messageKeys":{}}},"pendingPreKey":{"signedKeyId":8983378,"baseKey":"BUWRSaZRPhVMrQ7DoelSLdSdWkvu8aO26/HhRgQIjTxU","preKeyId":26375}}},"version":"v1"}