{"_sessions":{"BSU2bl5dTMH9u3CH6yCtwHAEqNkg9jbLAdV2RlsYWm0Y":{"registrationId":360996648,"currentRatchet":{"ephemeralKeyPair":{"pubKey":"BTTEECL+1apnX+e+OuoojVMnNt9F+zoIwayDBI4ivCR5","privKey":"SAAfrTkfP22RlkCVEkfDl31O0Ir5hDl63gVVIUSevl4="},"lastRemoteEphemeralKey":"BVfeOcIePlSvkvP2n2eXtulUOR1B0xx/jaDe/gS17JAm","previousCounter":0,"rootKey":"IqweVgryh43kktwqKPIxEoZndg6rFwa6sQUa9lvTl3A="},"indexInfo":{"baseKey":"BSU2bl5dTMH9u3CH6yCtwHAEqNkg9jbLAdV2RlsYWm0Y","baseKeyType":1,"closed":-1,"used":1747216483086,"created":1747216483086,"remoteIdentityKey":"BW3Y+RpxgcdIw8UI5wbve0So1OxHLGKaeTD1tTFrAdsU"},"_chains":{"BTTEECL+1apnX+e+OuoojVMnNt9F+zoIwayDBI4ivCR5":{"chainKey":{"counter":0,"key":"sLFHHhEFZZMtpPtiqhPrABc2Sescund0GqTotrl+e/M="},"chainType":1,"messageKeys":{}}},"pendingPreKey":{"signedKeyId":0,"baseKey":"BSU2bl5dTMH9u3CH6yCtwHAEqNkg9jbLAdV2RlsYWm0Y","preKeyId":14605849}}},"version":"v1"}