{"_sessions":{"BYATXXYG5xGKvV0rZt6/xK7syvLY9o38pkQrD4IoYj91":{"registrationId":754637370,"currentRatchet":{"ephemeralKeyPair":{"pubKey":"BWjFC471w4CdbHqTlqppYJJiLIC/NzQh7hnOtkBs/TU/","privKey":"mGt8Hxvl+ggB/tFXUEe+XUXatAcSTrUkoNLKAvZZ5k0="},"lastRemoteEphemeralKey":"Bbqidz2ba1VJxA2dRRkMwcpo5aAEF1O1+uLwcHEiF5kn","previousCounter":0,"rootKey":"LZ+/jRnJPYQArcN0FuxC2EAzV3F+XYRMFiEAni24v6g="},"indexInfo":{"baseKey":"BYATXXYG5xGKvV0rZt6/xK7syvLY9o38pkQrD4IoYj91","baseKeyType":1,"closed":-1,"used":1747219044843,"created":1747219044843,"remoteIdentityKey":"BbSD07BugIoc8aHbq0OZe7nQ+cyLOH96yMg6inb+lc4f"},"_chains":{"BWjFC471w4CdbHqTlqppYJJiLIC/NzQh7hnOtkBs/TU/":{"chainKey":{"counter":0,"key":"iBn5Jss5ocry3QRUMRLPh4zxpTzrng3UMKoduHjnq64="},"chainType":1,"messageKeys":{}}},"pendingPreKey":{"signedKeyId":0,"baseKey":"BYATXXYG5xGKvV0rZt6/xK7syvLY9o38pkQrD4IoYj91","preKeyId":1163732}}},"version":"v1"}