{"_sessions":{"Bep+4RtWFSpmGAyhsxvb1TlueXtJ17fx60jHZlCNvNh6":{"registrationId":327287043,"currentRatchet":{"ephemeralKeyPair":{"pubKey":"BYp/eymehqpe0gZMqw4P31oJqa+M79zXJLhLnAPBECgr","privKey":"+LPbQKbYTBy+31gaOXARO12cMv9Olbd6VWsrq+Eyl3U="},"lastRemoteEphemeralKey":"BZSp2vR/KYBVZytZJes57LT6JJBfuyRp4oy8Y7RC7nlH","previousCounter":0,"rootKey":"ARYePczQQN+hq75p6bg7JSmCEJdvX20ToPo+32FYkGE="},"indexInfo":{"baseKey":"Bep+4RtWFSpmGAyhsxvb1TlueXtJ17fx60jHZlCNvNh6","baseKeyType":1,"closed":-1,"used":1747207239976,"created":1747207239976,"remoteIdentityKey":"Bfu+KHnGqcLHmLnfi7rcIowWER6p3wjHztDrX61xtK5t"},"_chains":{"BYp/eymehqpe0gZMqw4P31oJqa+M79zXJLhLnAPBECgr":{"chainKey":{"counter":7,"key":"vIWFvqfoNsqfy/RvSz58Q4Khm36PgtA8ijwrE2oGmAw="},"chainType":1,"messageKeys":{}}},"pendingPreKey":{"signedKeyId":1,"baseKey":"Bep+4RtWFSpmGAyhsxvb1TlueXtJ17fx60jHZlCNvNh6","preKeyId":8060}}},"version":"v1"}