{"_sessions":{"BZIHfx/n8869SDgQpP1XoHRRnRTHB7aUe79+HEAgSHcG":{"registrationId":342071069,"currentRatchet":{"ephemeralKeyPair":{"pubKey":"BazUc0RNsbsLKUZL4TUV/Rir5zQlMgbW/5+quhMrAjRc","privKey":"EOlzCvxHeZzqymofsvbrHGYXOWCpx694kGM6EjGNanA="},"lastRemoteEphemeralKey":"BbKx1HourlH6XhLVnmhgzKGrQg1yZK8O0B6bRByYB7MN","previousCounter":0,"rootKey":"vZSX+qYImEGK7Szf0hZviKtdPUNIMvqsO6Oajxg1Xhw="},"indexInfo":{"baseKey":"BZIHfx/n8869SDgQpP1XoHRRnRTHB7aUe79+HEAgSHcG","baseKeyType":1,"closed":-1,"used":1747219049113,"created":1747219049113,"remoteIdentityKey":"BZ7CuSqO4DV55JyZASrCRJIG2kmaTvh8tUADakuaMsZC"},"_chains":{"BazUc0RNsbsLKUZL4TUV/Rir5zQlMgbW/5+quhMrAjRc":{"chainKey":{"counter":0,"key":"iTn8y0YkcwRDXnip3cEF2BTfTf7nqniz19xaPLLKjNE="},"chainType":1,"messageKeys":{}}},"pendingPreKey":{"signedKeyId":1,"baseKey":"BZIHfx/n8869SDgQpP1XoHRRnRTHB7aUe79+HEAgSHcG","preKeyId":939621}}},"version":"v1"}