{"_sessions":{"BQjAUd1uurH/rz9r1lMyHL3Ic8h6Fo34Ct8IXM7y2UJX":{"registrationId":1554934612,"currentRatchet":{"ephemeralKeyPair":{"pubKey":"BaireUKVK7+vrN3zcB4leNdUY4FldmkaGYo21xoA+DcA","privKey":"eJIpv/1rRU+QicFbPGG2XkDmLEABao4nSIb3EeCSuU0="},"lastRemoteEphemeralKey":"BYqLPq+cgMuinBGn/yWBOdYjE6h1pREG0MLYpebGS4ZB","previousCounter":0,"rootKey":"0xnERPCY6bf5nakOIikHHE3XmBy1QQcYSgAbyOItwBU="},"indexInfo":{"baseKey":"BQjAUd1uurH/rz9r1lMyHL3Ic8h6Fo34Ct8IXM7y2UJX","baseKeyType":1,"closed":-1,"used":1747219050612,"created":1747219050612,"remoteIdentityKey":"BT3dFqTyhnDtAKk2kFHuVZgCbVJJWvL6EfK4a2Ed5Fs6"},"_chains":{"BaireUKVK7+vrN3zcB4leNdUY4FldmkaGYo21xoA+DcA":{"chainKey":{"counter":0,"key":"XNjF+l2p/lD+ZSOCFiY5KccMjSHv/xt9lssqOiU8mP8="},"chainType":1,"messageKeys":{}}},"pendingPreKey":{"signedKeyId":19,"baseKey":"BQjAUd1uurH/rz9r1lMyHL3Ic8h6Fo34Ct8IXM7y2UJX"}}},"version":"v1"}