{"_sessions":{"Bdo1auw8vquOKS4ucZlYJCJAXhzGCu3dYDfWOygbqSZ2":{"registrationId":2029552659,"currentRatchet":{"ephemeralKeyPair":{"pubKey":"BcO1prn3RUNO6u1pWBOEHN6SDsFdVYYScW1ffV/jiXVp","privKey":"QFEFJpLjmafxUrb+gGNHkRuzxHUpkzE0YIcc5t2WLG0="},"lastRemoteEphemeralKey":"BbGBybxWboQ5JL8qiy4T6ZVxwDKJK3mjuIHP8vJCuwoQ","previousCounter":0,"rootKey":"YkSCGXJq4PayzRFpD5C3pMRbS0JCUjNpLj1J0DtiQzg="},"indexInfo":{"baseKey":"Bdo1auw8vquOKS4ucZlYJCJAXhzGCu3dYDfWOygbqSZ2","baseKeyType":1,"closed":-1,"used":1747208182541,"created":1747208182541,"remoteIdentityKey":"BVTOsyBj4ynJ84Cv2YLsHUSzxmcaKXDcVRaCTGvUXr9P"},"_chains":{"BcO1prn3RUNO6u1pWBOEHN6SDsFdVYYScW1ffV/jiXVp":{"chainKey":{"counter":1,"key":"I7ye1+AepJAVjjnBArYO53giY8YjXeKoxcBdFDFN/+Y="},"chainType":1,"messageKeys":{}}},"pendingPreKey":{"signedKeyId":0,"baseKey":"Bdo1auw8vquOKS4ucZlYJCJAXhzGCu3dYDfWOygbqSZ2"}}},"version":"v1"}