{"_sessions":{"BQXaAuvwDcErl3iwb0qGzFmX+mlKuuehOkJ0aLdrqdF6":{"registrationId":989389045,"currentRatchet":{"ephemeralKeyPair":{"pubKey":"Bf7yU99Atl3En0CEwSrxcDLNP+Q+J9WyMRkqBWRDQSZ3","privKey":"2AVWUnCPhm432txJSazQk/WsQPiS6MakvB3UFiWxTWU="},"lastRemoteEphemeralKey":"BYlFe+uh0/CuddGh3F1XmLuJIAhPuL3gjWMja8cuR38X","previousCounter":0,"rootKey":"1RXP7+7mg2uu3tlPLYZpzZGOzjuykk9byCb9DR8IcmI="},"indexInfo":{"baseKey":"BQXaAuvwDcErl3iwb0qGzFmX+mlKuuehOkJ0aLdrqdF6","baseKeyType":1,"closed":1747229631302,"used":1747229629285,"created":1747229629285,"remoteIdentityKey":"BbXsUyj7Y3g7BZw/xWPEys1f2SewiCYH2TlkXUB43KsY"},"_chains":{"Bf7yU99Atl3En0CEwSrxcDLNP+Q+J9WyMRkqBWRDQSZ3":{"chainKey":{"counter":0,"key":"r943jKvGUaKvLSk68KxHJVd7/GDrZ7SzoW8Lpb6SwNs="},"chainType":1,"messageKeys":{}}},"pendingPreKey":{"signedKeyId":15,"baseKey":"BQXaAuvwDcErl3iwb0qGzFmX+mlKuuehOkJ0aLdrqdF6","preKeyId":11926102}},"BRVEq4J6IpIOay94dDRpfifwKmiOn2ypACBlK3tQYqZB":{"registrationId":989389045,"currentRatchet":{"ephemeralKeyPair":{"pubKey":"BU/ld9H7RHpuJWj7EW+zbrYmPncvoBdEAhW54laR7Ahn","privKey":"KLcz7X6FNFLYPrd+mXWh4HcbMYyePaFqbVVzQ45pt04="},"lastRemoteEphemeralKey":"BYlFe+uh0/CuddGh3F1XmLuJIAhPuL3gjWMja8cuR38X","previousCounter":0,"rootKey":"JyKUPfFYzFsWe61ESU2lBRsPLNDFuVYTJiVhS3gYMPw="},"indexInfo":{"baseKey":"BRVEq4J6IpIOay94dDRpfifwKmiOn2ypACBlK3tQYqZB","baseKeyType":1,"closed":-1,"used":1747229631114,"created":1747229631114,"remoteIdentityKey":"BbXsUyj7Y3g7BZw/xWPEys1f2SewiCYH2TlkXUB43KsY"},"_chains":{"BU/ld9H7RHpuJWj7EW+zbrYmPncvoBdEAhW54laR7Ahn":{"chainKey":{"counter":0,"key":"2Z3LpV1iQe8UPcGsXxjx9KRWEgqRHouadz7Kh435N+M="},"chainType":1,"messageKeys":{}}},"pendingPreKey":{"signedKeyId":15,"baseKey":"BRVEq4J6IpIOay94dDRpfifwKmiOn2ypACBlK3tQYqZB","preKeyId":11926230}}},"version":"v1"}