{"_sessions":{"Bex8LaedhWF+X8CimzEuHzKUe+KtJcICL2tvbJO6tXxl":{"registrationId":2111338862,"currentRatchet":{"ephemeralKeyPair":{"pubKey":"BSlHY88mf3YDkv3al1NZt12HzYg4Zt7KRH6OSDPZldVu","privKey":"GPY08q/AuOcMG4YQrC754XO+Eh/4CNh2wFTG9i9pmEI="},"lastRemoteEphemeralKey":"BfrCAOWZ9/IbakFU6CSwcxpt7VpMEgP7YMXnl1271yUp","previousCounter":0,"rootKey":"p1k7r64kDG6LA2613bTEO90LUhnOkARSPtiYlFD/Wrs="},"indexInfo":{"baseKey":"Bex8LaedhWF+X8CimzEuHzKUe+KtJcICL2tvbJO6tXxl","baseKeyType":1,"closed":-1,"used":1747208182537,"created":1747208182537,"remoteIdentityKey":"BYU47AsaLSzaz1Gvv3EsmFTbOoIgJrTQ+FmeGVissw4E"},"_chains":{"BSlHY88mf3YDkv3al1NZt12HzYg4Zt7KRH6OSDPZldVu":{"chainKey":{"counter":1,"key":"Ch0JT1mzdOttknXIN4HT0GF/m9AMymKd88lJapRgrF8="},"chainType":1,"messageKeys":{}}},"pendingPreKey":{"signedKeyId":0,"baseKey":"Bex8LaedhWF+X8CimzEuHzKUe+KtJcICL2tvbJO6tXxl","preKeyId":4592860}}},"version":"v1"}