{"_sessions":{"BW+wRwIv+8MS9dxSjSumTGZV2bbfZZE5fGWHVPXfhPwv":{"registrationId":646379463,"currentRatchet":{"ephemeralKeyPair":{"pubKey":"BYHp0UJzA8oXT1ZgRNURmB6UoXQHjHXpNgpOoVBjV7ZV","privKey":"AP5VVh3wkznMmCBni79XWR3jG639v4RzkhjoPcOmN0w="},"lastRemoteEphemeralKey":"BboSEyymCYGYAoM1890+b9G6OQzN3q7N0NAsH/SuFXUj","previousCounter":0,"rootKey":"OZrTijeEDkFUj0bWTYn5VSQs+DRU0KPVAZzzbpCX83M="},"indexInfo":{"baseKey":"BW+wRwIv+8MS9dxSjSumTGZV2bbfZZE5fGWHVPXfhPwv","baseKeyType":1,"closed":-1,"used":1747208182493,"created":1747208182493,"remoteIdentityKey":"BRm7bXTMThiDO8LDULLC7Ym1QAO11Oy2RJBo5lsQjJNV"},"_chains":{"BYHp0UJzA8oXT1ZgRNURmB6UoXQHjHXpNgpOoVBjV7ZV":{"chainKey":{"counter":1,"key":"nmpT/kZsgWCXZuRdpVv3FWpnbwkCpOdGhUrB10sUpRc="},"chainType":1,"messageKeys":{}}},"pendingPreKey":{"signedKeyId":1,"baseKey":"BW+wRwIv+8MS9dxSjSumTGZV2bbfZZE5fGWHVPXfhPwv"}}},"version":"v1"}