{"_sessions":{"BU4QNfVabCBRENFFn+1fGs89XtfYZlzbgSV6zVkkQChv":{"registrationId":1054601971,"currentRatchet":{"ephemeralKeyPair":{"pubKey":"BQ2SJhqPV8yvuaUImNSWaQ98KWxJYnk1i9AqIGz2QMR7","privKey":"+MBhB9dgs/SJHYH7xwnksldjh/Q38nOemcD57Y6JYHs="},"lastRemoteEphemeralKey":"BeZW3G4pnv529fWErMByt7wCAaLUZrF61py1uSKFqtlI","previousCounter":0,"rootKey":"ZFEOcAvn+TQQohv80gAuQCjMsWPlMsIbzOS2s7TfCzs="},"indexInfo":{"baseKey":"BU4QNfVabCBRENFFn+1fGs89XtfYZlzbgSV6zVkkQChv","baseKeyType":1,"closed":-1,"used":1747209564438,"created":1747209564438,"remoteIdentityKey":"BSwhtQNgA6wgJDjoVPWBJCzSYVR7E9K7JXaGHjaaG1dc"},"_chains":{"BQ2SJhqPV8yvuaUImNSWaQ98KWxJYnk1i9AqIGz2QMR7":{"chainKey":{"counter":0,"key":"MfasuhlMXI1zQeO4nDCvL4pFgFUdDZoY0y6mvxasj+M="},"chainType":1,"messageKeys":{}}},"pendingPreKey":{"signedKeyId":19,"baseKey":"BU4QNfVabCBRENFFn+1fGs89XtfYZlzbgSV6zVkkQChv","preKeyId":13867334}}},"version":"v1"}