{"_sessions":{"BR0UwONju3PFu0UgZnZu5Q7AKowFbl8IFtXOC/uIQnBv":{"registrationId":136206281,"currentRatchet":{"ephemeralKeyPair":{"pubKey":"BZE2o2pWtGWqjSUcsGtqI960w1V6inGwVUKUgSdtik88","privKey":"0NSPDZYCy3K8sryqp9V4YTHs42yS10+Jpb/pE8syDlg="},"lastRemoteEphemeralKey":"Ba67sAqDN8eFldWUI4KyVngeTaqvdOuCQWDt0dOGSIcJ","previousCounter":0,"rootKey":"wBuZaWE3ovZLk1syExbpPQ9qEH7wGwqjcyiQA3jXMro="},"indexInfo":{"baseKey":"BR0UwONju3PFu0UgZnZu5Q7AKowFbl8IFtXOC/uIQnBv","baseKeyType":1,"closed":-1,"used":1747209564611,"created":1747209564611,"remoteIdentityKey":"BTodB62lgaOmPQGSF2QD5tTHQ5gCo0ShVVtB5BD298dR"},"_chains":{"BZE2o2pWtGWqjSUcsGtqI960w1V6inGwVUKUgSdtik88":{"chainKey":{"counter":0,"key":"tLxqI9NnzOpoAaf8VvdNuEDPxs/n8PVD5pl7Jk5TjPc="},"chainType":1,"messageKeys":{}}},"pendingPreKey":{"signedKeyId":6,"baseKey":"BR0UwONju3PFu0UgZnZu5Q7AKowFbl8IFtXOC/uIQnBv"}}},"version":"v1"}