{"_sessions":{"BbrSJ8ubYpMrxjABq2ClEgZB1Qm8A4ibmcqHvQpH5tYt":{"registrationId":585507387,"currentRatchet":{"ephemeralKeyPair":{"pubKey":"Bb3+mzp0fv8XA9pzJxyrYn0En3r/T0nIR5F8ETYRZ7th","privKey":"eA74RuXDH+Wjf+X+rk27PRpMIgQw3WQ17WaHoIO8p0Q="},"lastRemoteEphemeralKey":"BdEex/ND/gUGUVXM4Ubof7j2Z9OatbIbh1SHJHElkR5e","previousCounter":0,"rootKey":"4ljgHelnQcurFh16S+L07xswmwIsPNEgPbOfqzUwqQ4="},"indexInfo":{"baseKey":"BbrSJ8ubYpMrxjABq2ClEgZB1Qm8A4ibmcqHvQpH5tYt","baseKeyType":1,"closed":-1,"used":1747219049056,"created":1747219049056,"remoteIdentityKey":"BYFmvnpCHDtsQciHJl0CZQfj3A++HZN2C/Lf6i3Dgm5w"},"_chains":{"Bb3+mzp0fv8XA9pzJxyrYn0En3r/T0nIR5F8ETYRZ7th":{"chainKey":{"counter":0,"key":"c8iR0aKzfLmTbAeH7vS9Jq2GziVJqsJu70W00ZdTgXo="},"chainType":1,"messageKeys":{}}},"pendingPreKey":{"signedKeyId":8,"baseKey":"BbrSJ8ubYpMrxjABq2ClEgZB1Qm8A4ibmcqHvQpH5tYt"}}},"version":"v1"}