{"_sessions":{"BbqCD4P6A5MV3Dept8qfSojcs4kOwKjzNaBBdQItZ3F2":{"registrationId":199225771,"currentRatchet":{"ephemeralKeyPair":{"pubKey":"BVgptASiWSwyHYfOKbLZ7DyxMdvjRnecJLFPoG5IFcI5","privKey":"gDMeDv24y9QUsQX/P7wAyvyAv83pC5wWM+KJpNgWP0o="},"lastRemoteEphemeralKey":"BeXPRk1MCJmcx2rI0pbkJQ9uth1tQNPWz8vIkoaP+qpz","previousCounter":0,"rootKey":"971NMbsXkpKd5LrrSYHTqIZGQtohep42ygbzfn9JkUc="},"indexInfo":{"baseKey":"BbqCD4P6A5MV3Dept8qfSojcs4kOwKjzNaBBdQItZ3F2","baseKeyType":1,"closed":-1,"used":1747209564639,"created":1747209564639,"remoteIdentityKey":"BUnxARdTIVdmLfyhIRtF1X8/dS/tP72xJDjD7HJcYiY3"},"_chains":{"BVgptASiWSwyHYfOKbLZ7DyxMdvjRnecJLFPoG5IFcI5":{"chainKey":{"counter":0,"key":"9EYNrQ9497WmP71e2kbpCW7L2jIAPsNFl1N1WfqpL3Y="},"chainType":1,"messageKeys":{}}},"pendingPreKey":{"signedKeyId":1,"baseKey":"BbqCD4P6A5MV3Dept8qfSojcs4kOwKjzNaBBdQItZ3F2","preKeyId":6610990}}},"version":"v1"}