{"_sessions":{"BfqF31BGDxRCC9x6LJSKIxMAnylNu4nAg9BLsqXz5hEE":{"registrationId":602963923,"currentRatchet":{"ephemeralKeyPair":{"pubKey":"BW2SlUtPIJdcejYk5Fi42VrlXFGfENrrRpjQNWXUtegE","privKey":"2GqWJ8pKcyoRs5NcXtFiQSt7HIWYXoNtYQYQfKK8eGo="},"lastRemoteEphemeralKey":"BQk/TZFDSX8dYXXAgcOpjYE5ckYXFe9g/ECQs7LnoP1L","previousCounter":0,"rootKey":"uiLDiXTvIN3SudC1yi6TmST1zNa4a35NxHrZY1iMRnE="},"indexInfo":{"baseKey":"BfqF31BGDxRCC9x6LJSKIxMAnylNu4nAg9BLsqXz5hEE","baseKeyType":1,"closed":-1,"used":1747219044851,"created":1747219044851,"remoteIdentityKey":"BWdef64qD4YCfD75xnkE7bzvIhshrnK+Traaj/MCNYAe"},"_chains":{"BW2SlUtPIJdcejYk5Fi42VrlXFGfENrrRpjQNWXUtegE":{"chainKey":{"counter":0,"key":"Xd8Bxv1jJVeXkBhRLujtjBHXpTDwhbUtrJBXrpGTMcs="},"chainType":1,"messageKeys":{}}},"pendingPreKey":{"signedKeyId":0,"baseKey":"BfqF31BGDxRCC9x6LJSKIxMAnylNu4nAg9BLsqXz5hEE","preKeyId":4858979}}},"version":"v1"}