{"_sessions":{"BcR3fsftf75xDYf90gCemyjlnsfcChimIO1W/tRIfM9E":{"registrationId":921856950,"currentRatchet":{"ephemeralKeyPair":{"pubKey":"BQWKUgTL4ZiI0Y2+Nt/PscPJN/ly9x/xdJZeV/hreH8F","privKey":"iBQIFX15cbNXKXau/cvib10NWK8XoB0pN/RI9Pkdgl4="},"lastRemoteEphemeralKey":"BajpNR8QaKRe1nYp3MYyPPYEmVwXtcdX0RepjrOvjytE","previousCounter":0,"rootKey":"bG2MIvmAMCsVEaF9V+kaSBbZMZ8+gXCbuh3sOiCmp4w="},"indexInfo":{"baseKey":"BcR3fsftf75xDYf90gCemyjlnsfcChimIO1W/tRIfM9E","baseKeyType":1,"closed":-1,"used":1747207240255,"created":1747207240255,"remoteIdentityKey":"BbA6SokvuQvieihDjf5N2opKkfcyI/IZIrSHvqU0og8b"},"_chains":{"BQWKUgTL4ZiI0Y2+Nt/PscPJN/ly9x/xdJZeV/hreH8F":{"chainKey":{"counter":7,"key":"1XF5dDrwPIQpW+y7qlu9X7A+jCHul3ELeYS25PSWnjM="},"chainType":1,"messageKeys":{}}},"pendingPreKey":{"signedKeyId":11,"baseKey":"BcR3fsftf75xDYf90gCemyjlnsfcChimIO1W/tRIfM9E","preKeyId":732267}}},"version":"v1"}