{"_sessions":{"BemKNDSOBv87ZCLVFUgOEXec+xknbxPIQLI2ZFc4Dcxp":{"registrationId":819003898,"currentRatchet":{"ephemeralKeyPair":{"pubKey":"BfwgYDlY+yRCATflfoTtkuZ7qTLFHgMYFtMGdIZGkT97","privKey":"aALzrjyj1GojHb8bUKRNE8rQddE/YHyXzW44ERW2bWo="},"lastRemoteEphemeralKey":"BWN03sNCPsx/5sp1Dxg2l0zoGaYjmXKEjIycnxKW/pUi","previousCounter":0,"rootKey":"y2c07FU3kkybUvVqfGswTfZqdlPa5ZbpZkejgwDWNcY="},"indexInfo":{"baseKey":"BemKNDSOBv87ZCLVFUgOEXec+xknbxPIQLI2ZFc4Dcxp","baseKeyType":1,"closed":-1,"used":1747229445077,"created":1747229445077,"remoteIdentityKey":"BWyRt3VOf8pE08vz00u9kLhpvnGXUUP9rrjsdOgM3xwo"},"_chains":{"BfwgYDlY+yRCATflfoTtkuZ7qTLFHgMYFtMGdIZGkT97":{"chainKey":{"counter":2,"key":"6x/lFthoxZacVmfM0kVVsiActINMTuU6XsoFKW1cBgY="},"chainType":1,"messageKeys":{}}},"pendingPreKey":{"signedKeyId":6,"baseKey":"BemKNDSOBv87ZCLVFUgOEXec+xknbxPIQLI2ZFc4Dcxp","preKeyId":15220884}}},"version":"v1"}