{"_sessions":{"Bbs07ju95uC8Ikayroo6dNshicF36f+iLh1hWy40TMZ4":{"registrationId":1311181009,"currentRatchet":{"ephemeralKeyPair":{"pubKey":"BRSjPoaYEG0EP20NcaxSIVixP/Fb3At2DQJlJOztIy4V","privKey":"sCTnsX9ITSctOiNtmYlyfryjD5dotfTgcHUQormHFXs="},"lastRemoteEphemeralKey":"BeBwIp9tvmCQ0m07UjJ3YvRAYAGcOB/eEpkYCjDVYhFf","previousCounter":0,"rootKey":"E0dRXy+KKitt4RasSpOoNFcwMdkEik95oG8X1j9HfGA="},"indexInfo":{"baseKey":"Bbs07ju95uC8Ikayroo6dNshicF36f+iLh1hWy40TMZ4","baseKeyType":1,"closed":-1,"used":1747219047223,"created":1747219047223,"remoteIdentityKey":"BbNRyYdkLWirs2iSp4G+K9zOLNNDwb/rZqGovdMoeG1K"},"_chains":{"BRSjPoaYEG0EP20NcaxSIVixP/Fb3At2DQJlJOztIy4V":{"chainKey":{"counter":0,"key":"jXJNrMns4H80gDKjRPVInm6FYxVsIgpstL8wXeebilw="},"chainType":1,"messageKeys":{}}},"pendingPreKey":{"signedKeyId":0,"baseKey":"Bbs07ju95uC8Ikayroo6dNshicF36f+iLh1hWy40TMZ4","preKeyId":1824798}}},"version":"v1"}