{"_sessions":{"BQHjJd6fP5CiYRkYdT/HvJ4CUO2796i2+xvtVNiprsNU":{"registrationId":1394021625,"currentRatchet":{"ephemeralKeyPair":{"pubKey":"BdtcerI6ubJxrOAZoDXsmUhX4d6/M1ACAGiJbLl4QtIJ","privKey":"yCjbiOo69m1uqaeg0MLjtYaDDzE4QuQm7d749ynHlXw="},"lastRemoteEphemeralKey":"BbOnvpcQ8WI5EJDCykNnYzfKC15vtYigwsYFcI4qAwlu","previousCounter":0,"rootKey":"1VjD+EBS1Jg0PF7ZwdTqo9BkLA8fvye9rIBLct9GQ1c="},"indexInfo":{"baseKey":"BQHjJd6fP5CiYRkYdT/HvJ4CUO2796i2+xvtVNiprsNU","baseKeyType":1,"closed":-1,"used":1747219050604,"created":1747219050604,"remoteIdentityKey":"BV9/B0rKkKBnucfJ+Nwhq7Xb6aulSpFwE/heowfqqjNI"},"_chains":{"BdtcerI6ubJxrOAZoDXsmUhX4d6/M1ACAGiJbLl4QtIJ":{"chainKey":{"counter":0,"key":"5Ilqk3thqV7oHTio5Wtk1mhvz4tRQ9xhixn80/6GPIc="},"chainType":1,"messageKeys":{}}},"pendingPreKey":{"signedKeyId":5,"baseKey":"BQHjJd6fP5CiYRkYdT/HvJ4CUO2796i2+xvtVNiprsNU","preKeyId":15226080}}},"version":"v1"}