{"_sessions":{"BQT9aAOV0xSh1fuWR/7WYdWpQK2tndj9QRidollg9Xk2":{"registrationId":307298419,"currentRatchet":{"ephemeralKeyPair":{"pubKey":"BcjVFSW/78eQ4l5xWzOPImAg2Aj0KpH7S2HOXbIrGL1u","privKey":"iH+4YwVP8FKqrc3ZMfmd4WrmpD3F/4nBGc2eDp68SVg="},"lastRemoteEphemeralKey":"Bebh5BSOzzBq6dJBodlqmU8JQZ6GZBvitXlluofZByxQ","previousCounter":0,"rootKey":"gcV6lmh0mplGaW7df1ATDRxVhvms47t4EaXPylkoSNo="},"indexInfo":{"baseKey":"BQT9aAOV0xSh1fuWR/7WYdWpQK2tndj9QRidollg9Xk2","baseKeyType":1,"closed":1747218782040,"used":1747207240141,"created":1747207240141,"remoteIdentityKey":"BRaHqCI1RUhze1xZAk41ff4Gj6Hi2Axr/L2dmic4IcgY"},"_chains":{"BcjVFSW/78eQ4l5xWzOPImAg2Aj0KpH7S2HOXbIrGL1u":{"chainKey":{"counter":1,"key":"ZyvI6CifPVzVWSqXg1WpzmwrXQOiYzI3M0MwPWhdOfo="},"chainType":1,"messageKeys":{}}},"pendingPreKey":{"signedKeyId":1,"baseKey":"BQT9aAOV0xSh1fuWR/7WYdWpQK2tndj9QRidollg9Xk2","preKeyId":11343964}},"BRYMEugSZQkQTvTSQEf41BbzY1TRsQgyETtS7UH0zecN":{"registrationId":307298419,"currentRatchet":{"ephemeralKeyPair":{"pubKey":"BeGQCMk2R/+kL+AOIwD/BcRbSguZd7NTID3pJr6ryI0O","privKey":"IPzij051e+3CYuXFhRiLWZuGP5oDTXVntv/XBZRWXWI="},"lastRemoteEphemeralKey":"Bebh5BSOzzBq6dJBodlqmU8JQZ6GZBvitXlluofZByxQ","previousCounter":0,"rootKey":"dMxS1PUrEEU3PLTmL1eCnaQAaC3WbDVwwybjSKD5DA8="},"indexInfo":{"baseKey":"BRYMEugSZQkQTvTSQEf41BbzY1TRsQgyETtS7UH0zecN","baseKeyType":1,"closed":-1,"used":1747218782039,"created":1747218782039,"remoteIdentityKey":"BRaHqCI1RUhze1xZAk41ff4Gj6Hi2Axr/L2dmic4IcgY"},"_chains":{"BeGQCMk2R/+kL+AOIwD/BcRbSguZd7NTID3pJr6ryI0O":{"chainKey":{"counter":5,"key":"+VEk0htxkB3ZOzW469TY9X+2vSXcv0k1rHy9iqW1pK0="},"chainType":1,"messageKeys":{}}},"pendingPreKey":{"signedKeyId":1,"baseKey":"BRYMEugSZQkQTvTSQEf41BbzY1TRsQgyETtS7UH0zecN","preKeyId":11343959}}},"version":"v1"}