{"_sessions":{"BUzEV88ph+WVqb0r6CAVlppe1LpcWeMMQGHzC5voR/Qc":{"registrationId":1653360671,"currentRatchet":{"ephemeralKeyPair":{"pubKey":"BcP6SUVgaaZCTOqUDDGYEugoW8AuX50bxmBhW1m9RFhs","privKey":"6GzRDph0Bwpf/Ue4HtFF15bi4aAQHYy4Gd/k+7jN9X0="},"lastRemoteEphemeralKey":"BVflaU8F+pUVNxAn9vXzaNh+DR92Qa4zVtte8BHAGJcI","previousCounter":0,"rootKey":"pGZxipHxCZbdzBjyaWmL3xaUb9DpkM/k14ElXAEhLzE="},"indexInfo":{"baseKey":"BUzEV88ph+WVqb0r6CAVlppe1LpcWeMMQGHzC5voR/Qc","baseKeyType":1,"closed":-1,"used":1747209564622,"created":1747209564622,"remoteIdentityKey":"BVb/4odZJnqZ8Oq33G15KJVOx+wR8wpR8y6I64y9iF90"},"_chains":{"BcP6SUVgaaZCTOqUDDGYEugoW8AuX50bxmBhW1m9RFhs":{"chainKey":{"counter":0,"key":"kCBeVda4D94tiRMVpqsixWUZPgYiU1fdBvEwlkLk+H0="},"chainType":1,"messageKeys":{}}},"pendingPreKey":{"signedKeyId":2,"baseKey":"BUzEV88ph+WVqb0r6CAVlppe1LpcWeMMQGHzC5voR/Qc","preKeyId":15044141}}},"version":"v1"}