{"_sessions":{"Bdp5hKcbq/vWGEJx6EWOAUaPd36nMKqNqdqCAtm4+oUj":{"registrationId":871892453,"currentRatchet":{"ephemeralKeyPair":{"pubKey":"BTjJqjT9azliRBdG0F5TK6nSBkdMz8XRgCYF6WjxNS5V","privKey":"uNmcfIiArbXmMqtc0eZ8WvbAWRsRcEhP1VM7Q1oGnWk="},"lastRemoteEphemeralKey":"BaZIc2Ff42oWb/zDBl9CkM3VN7E07iQSeurpTEOFgWB0","previousCounter":0,"rootKey":"9edizlZ4kqBNIEAD85Zuljhk40f4FC26ibOaWlum+G0="},"indexInfo":{"baseKey":"Bdp5hKcbq/vWGEJx6EWOAUaPd36nMKqNqdqCAtm4+oUj","baseKeyType":1,"closed":-1,"used":1747208182490,"created":1747208182490,"remoteIdentityKey":"Ben/BzNTmmyfcvLQgoLfsaDHePieKINFgtZnON/+UvF7"},"_chains":{"BTjJqjT9azliRBdG0F5TK6nSBkdMz8XRgCYF6WjxNS5V":{"chainKey":{"counter":1,"key":"jINGPd37l/vziDg9a6yJ8tbErT1LQ+XWOcbR6+7nnEY="},"chainType":1,"messageKeys":{}}},"pendingPreKey":{"signedKeyId":10,"baseKey":"Bdp5hKcbq/vWGEJx6EWOAUaPd36nMKqNqdqCAtm4+oUj","preKeyId":5758547}}},"version":"v1"}