{"_sessions":{"BXIQ7tJFIr1+agm1wW85oM35G9Qx7Of7SpIVoh4OKE8o":{"registrationId":707938923,"currentRatchet":{"ephemeralKeyPair":{"pubKey":"BcBh3XC1og00iSCnWFhn94NqDrprtjlr+QEiUNeckfYL","privKey":"SBvfVIFIDjTUrzxfBzyEIUVzLSWFT7wrSfdF0xI7B3U="},"lastRemoteEphemeralKey":"Bd5iZoXjfS0jwuzrOTKm6i/dJ+YJRzAQOujD5NkEMhcV","previousCounter":0,"rootKey":"5TzrQOCTP7ygHqt9rT+ywtfXhYR7ECzLe1PqGVD55vM="},"indexInfo":{"baseKey":"BXIQ7tJFIr1+agm1wW85oM35G9Qx7Of7SpIVoh4OKE8o","baseKeyType":2,"closed":1747232607525,"used":1747224013335,"created":1747224013335,"remoteIdentityKey":"BUPQ2YzpUWPpm8oh3k8Tba95FxJGn3kNVqHfJT0fXzA6"},"_chains":{"Bd5iZoXjfS0jwuzrOTKm6i/dJ+YJRzAQOujD5NkEMhcV":{"chainKey":{"counter":0,"key":"rRjDKbjmd4OlHI07aiXhYW3zBqEhHwv/tOoPZPaSr30="},"chainType":2,"messageKeys":{}},"BcBh3XC1og00iSCnWFhn94NqDrprtjlr+QEiUNeckfYL":{"chainKey":{"counter":-1,"key":"hM2QtMzufu3s4QhlBTQN0BrYJWoRTTuycHal5FMmAp8="},"chainType":1,"messageKeys":{}}}},"BezLkVm/Dx6nbLRLMOlTgOPJdpw5O6jFvwmMgqXLkDpF":{"registrationId":707938923,"currentRatchet":{"ephemeralKeyPair":{"pubKey":"BaeWWmgNBUTVUujHTUZ/HwjPa1tyWsswnrv8iULOMRtZ","privKey":"yHbhreG7jSBnGl0rdo1X9SwmoyK+4mwZM1wKxkNOmUY="},"lastRemoteEphemeralKey":"Bdmqoa5hoqzg3fK/fOoSRbj95GwI078ig1KE/+3Ylmg7","previousCounter":0,"rootKey":"aAF8APmElCEAx5WCEGpbCwTBxi6dXOj7ElbC6wVs/Yw="},"indexInfo":{"baseKey":"BezLkVm/Dx6nbLRLMOlTgOPJdpw5O6jFvwmMgqXLkDpF","baseKeyType":2,"closed":-1,"used":1747232607527,"created":1747232607527,"remoteIdentityKey":"BUPQ2YzpUWPpm8oh3k8Tba95FxJGn3kNVqHfJT0fXzA6"},"_chains":{"Bdmqoa5hoqzg3fK/fOoSRbj95GwI078ig1KE/+3Ylmg7":{"chainKey":{"counter":0,"key":"MWnSCZ7WGBv7hg0xDSO1cceizTeNSIbRFf2SODjmwuI="},"chainType":2,"messageKeys":{}},"BaeWWmgNBUTVUujHTUZ/HwjPa1tyWsswnrv8iULOMRtZ":{"chainKey":{"counter":-1,"key":"4TJukC9DOBLRzsK2git4N93tpV/l+6kOfh+eb6VB7nA="},"chainType":1,"messageKeys":{}}}}},"version":"v1"}