{"_sessions":{"BeLoihAn1BtQtCU9/dFgXDzu23SxXpkmbIfO6+yiaOQ7":{"registrationId":1141116766,"currentRatchet":{"ephemeralKeyPair":{"pubKey":"BV3x9MHvp0S2g2q3/Qypsy8J0pBcGqOWHSiZW9gx5Ft1","privKey":"+LHDrxK3oevgwm4ilaYMSu08APSepaM+c1TYGmD0wHQ="},"lastRemoteEphemeralKey":"BTVn/ZfeOl57qOKMMaJiTMSSqqe3mTjY2mJ+bAOxNbZN","previousCounter":0,"rootKey":"bELlWeuoZi0Y4yvIiQxzqSqtGpr/4Cr/y0aop3tJPRE="},"indexInfo":{"baseKey":"BeLoihAn1BtQtCU9/dFgXDzu23SxXpkmbIfO6+yiaOQ7","baseKeyType":1,"closed":-1,"used":1747229630959,"created":1747229630959,"remoteIdentityKey":"BRuvu1JcnTIkskN93v9gyk+kLMGev0rn8f77457o509u"},"_chains":{"BV3x9MHvp0S2g2q3/Qypsy8J0pBcGqOWHSiZW9gx5Ft1":{"chainKey":{"counter":0,"key":"G/Wxq0Y3Cg03+htMQ0h/lHG1jABVZEjncpWA1WFExxI="},"chainType":1,"messageKeys":{}}},"pendingPreKey":{"signedKeyId":13003227,"baseKey":"BeLoihAn1BtQtCU9/dFgXDzu23SxXpkmbIfO6+yiaOQ7","preKeyId":1155}}},"version":"v1"}