{"_sessions":{"Bdyk300OD4NzflAYrvZny2R339RvnW/xrK0KIoL5QW8a":{"registrationId":276171343,"currentRatchet":{"ephemeralKeyPair":{"pubKey":"BXPFoDASD6jj26ikDrleMyI9Gx8eav6LSBKJ/fkpjf11","privKey":"GFk87v+4qKmtdq9qRlxtfYao1NzMtpahCtabUy61VVw="},"lastRemoteEphemeralKey":"BV6L/phIJRmMxoDsDJeKktIfvdWK3FGj8QZ6T8i7wqM6","previousCounter":0,"rootKey":"zofvcWYUWkj0So5BxelENAqxBLcNc2GyL9qjM6RSmwo="},"indexInfo":{"baseKey":"Bdyk300OD4NzflAYrvZny2R339RvnW/xrK0KIoL5QW8a","baseKeyType":1,"closed":-1,"used":1747219046930,"created":1747219046930,"remoteIdentityKey":"Bbtk40kWpkha9pOZUXxrCqkn+9EfNYq7hht2hkg85Nwc"},"_chains":{"BXPFoDASD6jj26ikDrleMyI9Gx8eav6LSBKJ/fkpjf11":{"chainKey":{"counter":0,"key":"peNKREFWU/qUkEsRT6EoHUFfcH0cFTCtZHhPkPe5s+k="},"chainType":1,"messageKeys":{}}},"pendingPreKey":{"signedKeyId":1,"baseKey":"Bdyk300OD4NzflAYrvZny2R339RvnW/xrK0KIoL5QW8a","preKeyId":2143542}}},"version":"v1"}