{"_sessions":{"BRQk6iMoAZHh92QIhg6tfs7HgNz/HsSDs1K8IYrEN/xJ":{"registrationId":382818076,"currentRatchet":{"ephemeralKeyPair":{"pubKey":"BfuL7lSsUYt4a2uocfcUFaRZfAT74Y/XO0Jx0CjEJBAw","privKey":"EGe5N0g71zUgiKW3rpIhROvKrDquKLi9J4mc35tUW1E="},"lastRemoteEphemeralKey":"BY4lVngJMz2ZeEP8Pjpo4qWq92erXEaqatqDDFt9QqRi","previousCounter":0,"rootKey":"bAhuEmdjSdiaNspets+A/K2XcvEje7GrBvg46WPlNzM="},"indexInfo":{"baseKey":"BRQk6iMoAZHh92QIhg6tfs7HgNz/HsSDs1K8IYrEN/xJ","baseKeyType":1,"closed":-1,"used":1747219047230,"created":1747219047230,"remoteIdentityKey":"BeMQiA7flhfX4P5WmcV3I/VtNo8jrvWQhiQ/iV4sL/MF"},"_chains":{"BfuL7lSsUYt4a2uocfcUFaRZfAT74Y/XO0Jx0CjEJBAw":{"chainKey":{"counter":0,"key":"YDqcW/ZmykdTouFCz6PlQplOYu5PbjfQNhlGVflI1ww="},"chainType":1,"messageKeys":{}}},"pendingPreKey":{"signedKeyId":0,"baseKey":"BRQk6iMoAZHh92QIhg6tfs7HgNz/HsSDs1K8IYrEN/xJ"}}},"version":"v1"}