{"_sessions":{"BR0rR3cDXXJJxQxFTzbvBAUy1SiAkuoGffA3xhgYrnZF":{"registrationId":1490095837,"currentRatchet":{"ephemeralKeyPair":{"pubKey":"BVmVuZotH06erzK5ViDBltwYdc2ZJBhSUnWp5Cdy7clt","privKey":"sAZWN3LqL8tk/YasYTYfsf/n9RRzewK9B71D0/0q+lU="},"lastRemoteEphemeralKey":"BW9fcClv8atRtWzLjPpM17PKoE1yd6CY5QjsXs3VS9x+","previousCounter":0,"rootKey":"qBPB40SK/5L03tl4Y+vBT7JVhQBHV7m11+WMyhpkpQM="},"indexInfo":{"baseKey":"BR0rR3cDXXJJxQxFTzbvBAUy1SiAkuoGffA3xhgYrnZF","baseKeyType":1,"closed":-1,"used":1747219049128,"created":1747219049128,"remoteIdentityKey":"BZe/2shfWasYvVkOJVvULsJARHPgo6z/H8B22UN+sStm"},"_chains":{"BVmVuZotH06erzK5ViDBltwYdc2ZJBhSUnWp5Cdy7clt":{"chainKey":{"counter":0,"key":"aShkZrphvGbTErCKThlvi4NocJ5RYLmvX58W8s2TLos="},"chainType":1,"messageKeys":{}}},"pendingPreKey":{"signedKeyId":0,"baseKey":"BR0rR3cDXXJJxQxFTzbvBAUy1SiAkuoGffA3xhgYrnZF"}}},"version":"v1"}