{"_sessions":{"BXbb7y1T4zsW22Rve0j7sDl8iAPwDRmffN1x0qphQLsk":{"registrationId":534978901,"currentRatchet":{"ephemeralKeyPair":{"pubKey":"BU/SNIO19yWZl3fnN18SYTwm9FNWZGSM56PZilPaDLsa","privKey":"ECq4ZSqbuGGMVm/6DbGuBtCUcp9BQsS96cUK3BmoU28="},"lastRemoteEphemeralKey":"Bc4U03KvFW1e0SZxWn+aC59x1pLW56sWfmbAHD0+Lz1F","previousCounter":0,"rootKey":"B3yqnF6263n9VfK84Pn7eTsBuE4/1Yec8QQO4ip7pnE="},"indexInfo":{"baseKey":"BXbb7y1T4zsW22Rve0j7sDl8iAPwDRmffN1x0qphQLsk","baseKeyType":1,"closed":-1,"used":1747219047033,"created":1747219047033,"remoteIdentityKey":"BQd0QjyY9wJ7j+WB6carUHxkuHlADZMAp5MV1oVFvb8p"},"_chains":{"BU/SNIO19yWZl3fnN18SYTwm9FNWZGSM56PZilPaDLsa":{"chainKey":{"counter":0,"key":"DgGfZwt7zdrHGhFCsN3wea2FQfrM9ZLSCpVmcL3D/p0="},"chainType":1,"messageKeys":{}}},"pendingPreKey":{"signedKeyId":1,"baseKey":"BXbb7y1T4zsW22Rve0j7sDl8iAPwDRmffN1x0qphQLsk","preKeyId":3200148}}},"version":"v1"}