{"_sessions":{"Bf1DW1EoVt7cQRKO+ee3KbSnEsjIoq1yqN8zoD/UuAU/":{"registrationId":716413793,"currentRatchet":{"ephemeralKeyPair":{"pubKey":"BdTWjcZDp55kAuHsS1tlDp6sA/J2BgLQG5Rgw1PkboQO","privKey":"EO8k8T5dmtJZrS4/Lrq0hgrPLPfv81XEEicqOUTea0E="},"lastRemoteEphemeralKey":"BReKSAaFAuEnYSbc2wbbSeKxoo+4YpEBwlCXhIB3wEEA","previousCounter":0,"rootKey":"j69JfxvTMs3F4kbRermcSGWm4tLOhVAuUphANB0sU5M="},"indexInfo":{"baseKey":"Bf1DW1EoVt7cQRKO+ee3KbSnEsjIoq1yqN8zoD/UuAU/","baseKeyType":1,"closed":-1,"used":1747219050700,"created":1747219050700,"remoteIdentityKey":"BXuAJo6O4YTXW/htb2KNoE6GPr/CM47sCgXut0kdjk0y"},"_chains":{"BdTWjcZDp55kAuHsS1tlDp6sA/J2BgLQG5Rgw1PkboQO":{"chainKey":{"counter":0,"key":"liG9BQ6omT+QSlEOWHrsYEt1ZnQHdHFUjUv2UwxnOtE="},"chainType":1,"messageKeys":{}}},"pendingPreKey":{"signedKeyId":7,"baseKey":"Bf1DW1EoVt7cQRKO+ee3KbSnEsjIoq1yqN8zoD/UuAU/","preKeyId":12357033}}},"version":"v1"}