{"_sessions":{"BTfFzarz534wyUEuLM4t+2Q1eH+P6R4rmG57VGdpAHlG":{"registrationId":1532710890,"currentRatchet":{"ephemeralKeyPair":{"pubKey":"BfYXs6CtAJGAAWmABpFGM73CDqdhsFd3TVS6gvatefEh","privKey":"iBgk1EyHeEY9eaUcYIJZfAih72XqkvzTu0iuRZNiLkg="},"lastRemoteEphemeralKey":"BYIZ5e9t9weFHIhOWrUDuY+j7doM5/7XtB5LTe663Lp7","previousCounter":0,"rootKey":"CO3nI3r/W/WNjGpgcF/vKIA7Qtd0cyPeIAiTstehExA="},"indexInfo":{"baseKey":"BTfFzarz534wyUEuLM4t+2Q1eH+P6R4rmG57VGdpAHlG","baseKeyType":1,"closed":-1,"used":1747219051131,"created":1747219051131,"remoteIdentityKey":"BfR5zd/6mNL8x0SXbM398pb6fxypkx3VHlZ2GypakDs9"},"_chains":{"BfYXs6CtAJGAAWmABpFGM73CDqdhsFd3TVS6gvatefEh":{"chainKey":{"counter":0,"key":"ab/RQ1UhpR2nAvmQ7Y45L/vy3jtttAJeZoiLCkUfgno="},"chainType":1,"messageKeys":{}}},"pendingPreKey":{"signedKeyId":6,"baseKey":"BTfFzarz534wyUEuLM4t+2Q1eH+P6R4rmG57VGdpAHlG","preKeyId":10779041}}},"version":"v1"}