{"_sessions":{"BSpLj/88+MUk8Cmtw2y90q7IGwGgdWDyWKjMh5TXnm0+":{"registrationId":1802041115,"currentRatchet":{"ephemeralKeyPair":{"pubKey":"BQcFARtRrZSfhMpm+i/rgGsq32KqCdfWkPJZCpJ30Dsb","privKey":"QCte1lbia2adv62pdNpeLw5ThXbcdTAX+HaVgl6Yf0E="},"lastRemoteEphemeralKey":"BeojQrxUU3uv4UiE5jyOxbK1WVta+Y56G4qtNqcawnI6","previousCounter":0,"rootKey":"E4MOGJnz74ANjZKuOepbgwRNONUIftdRvwZCU5OkY2o="},"indexInfo":{"baseKey":"BSpLj/88+MUk8Cmtw2y90q7IGwGgdWDyWKjMh5TXnm0+","baseKeyType":2,"closed":1747218802691,"used":1747216479789,"created":1747216479789,"remoteIdentityKey":"BdZM1kCchAGxoPSk0fJVzeis4wimZpxXhet7vzcUDL8W"},"_chains":{"BeojQrxUU3uv4UiE5jyOxbK1WVta+Y56G4qtNqcawnI6":{"chainKey":{"counter":1,"key":"9nkElzTaoneiP2YJ9zSQJ/TaYW7EfcPBVQ/RP+gqH7A="},"chainType":2,"messageKeys":{}},"BQcFARtRrZSfhMpm+i/rgGsq32KqCdfWkPJZCpJ30Dsb":{"chainKey":{"counter":-1,"key":"s2agyUQDxdSK9y67BKn0vA59N/XDVRsJHcWPLOtXOtI="},"chainType":1,"messageKeys":{}}}},"BWIAQUEHZmupfK/EpikcGK1LEAmmreIm+iA1Uyh++hRg":{"registrationId":1802041115,"currentRatchet":{"ephemeralKeyPair":{"pubKey":"BVD61j8tixvIW/TNEjUem0J0fc9KbP8hCW1Dw9VVy/IM","privKey":"MDWnmjMLHIr3hvZVfBikdwkB7v2GpLNRi25WUylqgHE="},"lastRemoteEphemeralKey":"BUlWz7YfNCXeSBA3z2Y2GujclCxAL+ZWVsuBtmDo8HBB","previousCounter":0,"rootKey":"lFtS0KZa7cgU/x3iUUrcWuil1ue0JbmXTElXw45iAVQ="},"indexInfo":{"baseKey":"BWIAQUEHZmupfK/EpikcGK1LEAmmreIm+iA1Uyh++hRg","baseKeyType":2,"closed":-1,"used":1747218802695,"created":1747218802695,"remoteIdentityKey":"BdZM1kCchAGxoPSk0fJVzeis4wimZpxXhet7vzcUDL8W"},"_chains":{"BUlWz7YfNCXeSBA3z2Y2GujclCxAL+ZWVsuBtmDo8HBB":{"chainKey":{"counter":0,"key":"ECUPhm+nuVoS2CCQYaQ4E9b1OAXAXpudu2m4+2KRt+Y="},"chainType":2,"messageKeys":{}},"BVD61j8tixvIW/TNEjUem0J0fc9KbP8hCW1Dw9VVy/IM":{"chainKey":{"counter":-1,"key":"l1hTf+4Pn6tHnUiOyS7nCjLzBTKO+u4bdCldfpCOCGE="},"chainType":1,"messageKeys":{}}}}},"version":"v1"}