{"_sessions":{"BZ1XDUUjFoHwqvUa20cGK4GdGxCAtGM8mZYrRS0Y5c9K":{"registrationId":575611186,"currentRatchet":{"ephemeralKeyPair":{"pubKey":"BZSqbhqiy/OsqKtD147XkyX4S37YYaoqEchgEwoVdgsF","privKey":"8HtFqBrTzdT9Zs13LUYg1Aljuk/ALAdVFvKmAlJwsV8="},"lastRemoteEphemeralKey":"BWPG631j6iebODsSJNDQLn1IvJACDOH5HyqzL1yqza85","previousCounter":0,"rootKey":"RMuhq0gEBh5znJtrSG9DGCkUR/Sc/1iqu19YrG0U73g="},"indexInfo":{"baseKey":"BZ1XDUUjFoHwqvUa20cGK4GdGxCAtGM8mZYrRS0Y5c9K","baseKeyType":1,"closed":-1,"used":1747219047065,"created":1747219047065,"remoteIdentityKey":"BVwubrm4xEZEiWNzHz+jyCBvt0VFDgukXTQEQfVPYXov"},"_chains":{"BZSqbhqiy/OsqKtD147XkyX4S37YYaoqEchgEwoVdgsF":{"chainKey":{"counter":0,"key":"GOZyCV8szqc6lYgObfX7DYMDKjS41YGAYRVatXNaDSk="},"chainType":1,"messageKeys":{}}},"pendingPreKey":{"signedKeyId":4,"baseKey":"BZ1XDUUjFoHwqvUa20cGK4GdGxCAtGM8mZYrRS0Y5c9K","preKeyId":3968086}}},"version":"v1"}