{"_sessions":{"Ba5Bfdu7bxJ0KsKT3CCgCQ+3TXJzsPn9em9dDOyKnE8c":{"registrationId":1563291087,"currentRatchet":{"ephemeralKeyPair":{"pubKey":"BWPp5ZW2NJJ252RCLbFHU3hyGw1BTrWAt/phUlRaVes6","privKey":"AHowwM+dPMO2qq83byMj4MZs5A7ShuG0MK9I4D/xwHA="},"lastRemoteEphemeralKey":"BUSplFwa9lIiqD6xvb2UdtQV46x/TTkXwnfEixx6XKJn","previousCounter":0,"rootKey":"/cB2aGnPXjsDjAtoPtkr+kadoK5CZt8tuXkBbVXffSk="},"indexInfo":{"baseKey":"Ba5Bfdu7bxJ0KsKT3CCgCQ+3TXJzsPn9em9dDOyKnE8c","baseKeyType":1,"closed":-1,"used":1747207240063,"created":1747207240063,"remoteIdentityKey":"BYMDn2Q6uVGlW6MAYmAFzsM3FAEtfP7o0JncMYIHE51m"},"_chains":{"BWPp5ZW2NJJ252RCLbFHU3hyGw1BTrWAt/phUlRaVes6":{"chainKey":{"counter":7,"key":"EmbkVmpV/ulWWIvEtxdSnL652cIxdE+Jx5IRixgEyQM="},"chainType":1,"messageKeys":{}}},"pendingPreKey":{"signedKeyId":0,"baseKey":"Ba5Bfdu7bxJ0KsKT3CCgCQ+3TXJzsPn9em9dDOyKnE8c","preKeyId":9266785}}},"version":"v1"}