{"_sessions":{"BUIKY6e5MdJfiXToSwZ9EDu7OtxRcRfVozPeCTOrW2Ft":{"registrationId":1903825043,"currentRatchet":{"ephemeralKeyPair":{"pubKey":"BdNCCr8FKfYGNbc6A5BKlBbNML0J43tI54EUa7Gi6D0C","privKey":"KGFeGsluBk+U/XsSQ5KvzgLMByFr3tKhD8xQQi1Qu04="},"lastRemoteEphemeralKey":"BWYXjThRgZ5kyJ4uJVGjMNjjv322hw8W908sHXxsvWUb","previousCounter":0,"rootKey":"GgcGnQ/x6gl877s46brmIZLDiKeKiqAZ6dcYa7PtAEE="},"indexInfo":{"baseKey":"BUIKY6e5MdJfiXToSwZ9EDu7OtxRcRfVozPeCTOrW2Ft","baseKeyType":1,"closed":-1,"used":1747229630951,"created":1747229630951,"remoteIdentityKey":"BevgKCUXoa9Jh5PreRC6HWuwl9RP7d5+oXDrw3Y5KqtJ"},"_chains":{"BdNCCr8FKfYGNbc6A5BKlBbNML0J43tI54EUa7Gi6D0C":{"chainKey":{"counter":0,"key":"fDGasijGzRtwp78F9paoP3gaiAVRCAWSrSwM2ienk6U="},"chainType":1,"messageKeys":{}}},"pendingPreKey":{"signedKeyId":5,"baseKey":"BUIKY6e5MdJfiXToSwZ9EDu7OtxRcRfVozPeCTOrW2Ft"}}},"version":"v1"}