{"_sessions":{"BdUM22quLk02LEkLUWAQqLjuSogep3Ik2j4BsLlx0CRN":{"registrationId":224563985,"currentRatchet":{"ephemeralKeyPair":{"pubKey":"BeNMcy8dxejX9NiU0bCrNEneDAQSlALhpioxnrO7zmAN","privKey":"UJFfRzZmY9j5johl2uglEw45Ag13v0Hwm763c7y0xlw="},"lastRemoteEphemeralKey":"BXN/gTp9pBXwl7hrUMmxkwgbz2oNenFzKQ1TmIqAj+9q","previousCounter":0,"rootKey":"BHjbaC6qLGaU3ZKvTzjOSz3jWiibTpLitsnc+ils9RU="},"indexInfo":{"baseKey":"BdUM22quLk02LEkLUWAQqLjuSogep3Ik2j4BsLlx0CRN","baseKeyType":1,"closed":-1,"used":1747219047126,"created":1747219047126,"remoteIdentityKey":"BdjEdHERPQmTtgzHWApM4vs+sS4gAwQ0TTt3d3UDAUAb"},"_chains":{"BeNMcy8dxejX9NiU0bCrNEneDAQSlALhpioxnrO7zmAN":{"chainKey":{"counter":0,"key":"mbetMaYToBa0iZ/NmLdmUdN6cF8VISrBsEvEOWoJUro="},"chainType":1,"messageKeys":{}}},"pendingPreKey":{"signedKeyId":0,"baseKey":"BdUM22quLk02LEkLUWAQqLjuSogep3Ik2j4BsLlx0CRN","preKeyId":8551106}}},"version":"v1"}