{"_sessions":{"BaIDTz+GIP0voF/hwehteRAZkXP7UQw33sgvWXdhQZol":{"registrationId":973667067,"currentRatchet":{"ephemeralKeyPair":{"pubKey":"BbBD+AY5Y5vlt6hnSffBty+6qum/aDWFg8FThsF35Ego","privKey":"8Gybln8fiSW2IV47HnGVGE3dBawcLt5DrIJpAp3pMWs="},"lastRemoteEphemeralKey":"BT/fnLMxzZNEfvNmD1hGLfqzNGBWcZUZLhlkddHkL6Eh","previousCounter":0,"rootKey":"kUkfReZD5FjYu1Cc1QD9X0qd8/cmfpkJ3aFpylOOZlY="},"indexInfo":{"baseKey":"BaIDTz+GIP0voF/hwehteRAZkXP7UQw33sgvWXdhQZol","baseKeyType":2,"closed":-1,"used":1747220822407,"created":1747220822407,"remoteIdentityKey":"Bc/9AJVZKiY2Uye5de8af7d5k+XA5QFGpdBHHtD5hVwS"},"_chains":{"BT/fnLMxzZNEfvNmD1hGLfqzNGBWcZUZLhlkddHkL6Eh":{"chainKey":{"counter":0,"key":"IhityR/oSPBb0BvtJDFZEX0wDTk/N0o7wuLjIPknAZE="},"chainType":2,"messageKeys":{}},"BbBD+AY5Y5vlt6hnSffBty+6qum/aDWFg8FThsF35Ego":{"chainKey":{"counter":-1,"key":"a5ZJ4kCIS6fBilliVQA6INuXSqVDOXDGQJFR5XA7ylA="},"chainType":1,"messageKeys":{}}}}},"version":"v1"}