{"_sessions":{"BVVz1t3RzHqOwBB/hqgQzy1MywADr4XCH9jlGNZwaHoA":{"registrationId":1380564208,"currentRatchet":{"ephemeralKeyPair":{"pubKey":"BTzOGiJ0EYBvqoqxPWBAzQg8R3v08zP0zIsXQHVvtYUt","privKey":"yEUfbje7HXcG0NeVvyMGoYWQk3YkPA4II4XjHNA18F0="},"lastRemoteEphemeralKey":"BQYv+m5vyIbOtgiyMlpECmTvC3l6llQrwtU35TmCyxJw","previousCounter":0,"rootKey":"4nt70LtjmKUDcovgBAS4bLRa4eVu1ZevVD9wbl/aGrg="},"indexInfo":{"baseKey":"BVVz1t3RzHqOwBB/hqgQzy1MywADr4XCH9jlGNZwaHoA","baseKeyType":2,"closed":1747229346974,"used":1747224025000,"created":1747224025000,"remoteIdentityKey":"BRUuAKpHEs0wHI4tAWLnbqwhgTuig7+dGiaSZo5JjmkF"},"_chains":{"BQYv+m5vyIbOtgiyMlpECmTvC3l6llQrwtU35TmCyxJw":{"chainKey":{"counter":0,"key":"z4hVzA31JtoRWZasp+UD4MsFPATB58ejKu2Oy/2EHak="},"chainType":2,"messageKeys":{}},"BTzOGiJ0EYBvqoqxPWBAzQg8R3v08zP0zIsXQHVvtYUt":{"chainKey":{"counter":-1,"key":"Iqy5wVz4RqnIa1/QHxej7uXHLzSBVEY/F6hyWGNulAE="},"chainType":1,"messageKeys":{}}}},"BVVK6qdLmE8jSdciDKfzxPkeRDGjGApegeaVjm7HFDAN":{"registrationId":1380564208,"currentRatchet":{"ephemeralKeyPair":{"pubKey":"BZvDFuhkIjwGMXqqfJm462WtIf0H9wKiAnc+gXVxrDkK","privKey":"+Fnw3hdIPNwwaBr875HDZ9IknyoKixtS9p94BvvPMWI="},"lastRemoteEphemeralKey":"BbHCpkRfLh9+4IBbvNECQCB8Pn6R5IBj40mnq5JvrZtc","previousCounter":0,"rootKey":"gMVc2le2wGhIIc3jsH3sX4OA3qfj8DgNXw/rDN42iwc="},"indexInfo":{"baseKey":"BVVK6qdLmE8jSdciDKfzxPkeRDGjGApegeaVjm7HFDAN","baseKeyType":2,"closed":-1,"used":1747229346978,"created":1747229346978,"remoteIdentityKey":"BRUuAKpHEs0wHI4tAWLnbqwhgTuig7+dGiaSZo5JjmkF"},"_chains":{"BbHCpkRfLh9+4IBbvNECQCB8Pn6R5IBj40mnq5JvrZtc":{"chainKey":{"counter":2,"key":"EFY0OcFr15kO9+7gOtKdQJq/P5USWDYcGzYURdORlHs="},"chainType":2,"messageKeys":{}},"BZvDFuhkIjwGMXqqfJm462WtIf0H9wKiAnc+gXVxrDkK":{"chainKey":{"counter":-1,"key":"ECKtbvy9EnKL1GvqBvl9d9za3RIM5O6mB/x1Zlrp2eU="},"chainType":1,"messageKeys":{}}}}},"version":"v1"}