{"_sessions":{"BSNXn7QDpW1jjfWy2dnkqJGSB4rNaffkWVEmQVNxLGt8":{"registrationId":1872961310,"currentRatchet":{"ephemeralKeyPair":{"pubKey":"BSa/ISQr6kJxvSmQQ4ruhHPevfLd2Td2rxnm8Ps5aJsD","privKey":"UPl/YKzwWf9LfSoK5hj2XVP7Kfm/XMhVQX63FwebeHw="},"lastRemoteEphemeralKey":"BVWLghnjH6wgES1AXG+01hr6sOcWodcqHj1LGPewffpG","previousCounter":0,"rootKey":"792zlZ1iN6K93W3oFDg1RHr3smI/sH8UMlgQUiZ0tv8="},"indexInfo":{"baseKey":"BSNXn7QDpW1jjfWy2dnkqJGSB4rNaffkWVEmQVNxLGt8","baseKeyType":1,"closed":-1,"used":1747216483122,"created":1747216483122,"remoteIdentityKey":"BQ/0HpemRkzf6ZNg+MSfuawRE6b3mqtdCupt4iOqZPxx"},"_chains":{"BSa/ISQr6kJxvSmQQ4ruhHPevfLd2Td2rxnm8Ps5aJsD":{"chainKey":{"counter":0,"key":"ZdVXEPPu2Y/lq0ML9H6I3LZoA40VyUTw6aXNZAcrn00="},"chainType":1,"messageKeys":{}}},"pendingPreKey":{"signedKeyId":1,"baseKey":"BSNXn7QDpW1jjfWy2dnkqJGSB4rNaffkWVEmQVNxLGt8","preKeyId":11068709}}},"version":"v1"}