{"_sessions":{"BbZgaaNZd1elw3VqTk9/W4L5YRTa4NLHjUn2+p0ErlhY":{"registrationId":1603962975,"currentRatchet":{"ephemeralKeyPair":{"pubKey":"BYM5vZyWzsM9xorIQzeb2dY5ege3+d/KWwxvI0XfxJop","privKey":"cD6/WRrkTtXqz1pnzAMY9MlU+TQcsZn5Hng5NFEAgkE="},"lastRemoteEphemeralKey":"BexML8Xa+ncfN8SMx1h4La3Lbi2mes1bybbgIwwddP5l","previousCounter":0,"rootKey":"FO9QFb3urXbDPpJTPghM6pIx5TkOrwK68ws9+e8+4cY="},"indexInfo":{"baseKey":"BbZgaaNZd1elw3VqTk9/W4L5YRTa4NLHjUn2+p0ErlhY","baseKeyType":1,"closed":-1,"used":1747219048894,"created":1747219048894,"remoteIdentityKey":"BdlirK78Kc9okYuqEON2+329YtpxR6jKhR5djva2F0wG"},"_chains":{"BYM5vZyWzsM9xorIQzeb2dY5ege3+d/KWwxvI0XfxJop":{"chainKey":{"counter":0,"key":"DWR/mGi0JJDcpQZcWx61T57pbg7Lzlo0y2U2sAt84P8="},"chainType":1,"messageKeys":{}}},"pendingPreKey":{"signedKeyId":0,"baseKey":"BbZgaaNZd1elw3VqTk9/W4L5YRTa4NLHjUn2+p0ErlhY","preKeyId":12751466}}},"version":"v1"}