{"_sessions":{"BRKrd6pJs3IQAXASJs6u2FoN75/WC/on6gMYgfFu8l1E":{"registrationId":1376125535,"currentRatchet":{"ephemeralKeyPair":{"pubKey":"BTnDHkP31/9on2tPiWAoQjK3JyTU0OzTeyh+KvK52EkY","privKey":"mLB0RH1z5+L61z++lowl0ZxfFekPtUnsgmqogm9rqFs="},"lastRemoteEphemeralKey":"BVcQDQzlUEH8an0ReYasEHXmRcNxTA63wBPQ/qm7elED","previousCounter":0,"rootKey":"tRp+cg0jxZseqvD40hguxsly8FjHP1wH+qrlX1+O4Uo="},"indexInfo":{"baseKey":"BRKrd6pJs3IQAXASJs6u2FoN75/WC/on6gMYgfFu8l1E","baseKeyType":2,"closed":-1,"used":1747226539987,"created":1747226539987,"remoteIdentityKey":"BWSz4AOfstrOP61WwTMyIMsO5Hr427wV9/DKOXqx6Fot"},"_chains":{"BVcQDQzlUEH8an0ReYasEHXmRcNxTA63wBPQ/qm7elED":{"chainKey":{"counter":0,"key":"VhqNPTy3z3zpX6bmwaF80/zVcclvRGj27X3afKtBTIA="},"chainType":2,"messageKeys":{}},"BTnDHkP31/9on2tPiWAoQjK3JyTU0OzTeyh+KvK52EkY":{"chainKey":{"counter":-1,"key":"Z2SkjImvxCtJ5BRF3iB1456wyyLVpHKSkd3aFxFhGik="},"chainType":1,"messageKeys":{}}}}},"version":"v1"}