{"_sessions":{"BUvQ4OyBM5o4sZAsAKc4u8zhRAOL45I2Qmp5yRlXinoC":{"registrationId":1545389048,"currentRatchet":{"ephemeralKeyPair":{"pubKey":"BTNvHkQw4aTYQE2XMkyX1lu4zPZfKjAMShjAax2PZrkc","privKey":"gF+IftDyhMuF/iUVeLVc7OQprHfDXNXrazL/sKefJHs="},"lastRemoteEphemeralKey":"BUR+Gr2VWtkjMUrkOXKM1HEQYl2t+gUZHA4K+bVv0QE2","previousCounter":0,"rootKey":"gf0aHIUQ8MPDapTqA/PpeIEzcjpoiVL00idSSnV/31w="},"indexInfo":{"baseKey":"BUvQ4OyBM5o4sZAsAKc4u8zhRAOL45I2Qmp5yRlXinoC","baseKeyType":1,"closed":-1,"used":1747216483005,"created":1747216483005,"remoteIdentityKey":"BeQIQPqZxR8zgFcTuPbuFZf5koJXdvSYOAzdk/SzfA07"},"_chains":{"BTNvHkQw4aTYQE2XMkyX1lu4zPZfKjAMShjAax2PZrkc":{"chainKey":{"counter":0,"key":"N2U/Bjsl+kmkQprLJKhC0Li1cOSaUWrEWvKNkMDW5hU="},"chainType":1,"messageKeys":{}}},"pendingPreKey":{"signedKeyId":4,"baseKey":"BUvQ4OyBM5o4sZAsAKc4u8zhRAOL45I2Qmp5yRlXinoC"}}},"version":"v1"}