{"_sessions":{"Bf/QZsXl6ad9D7HecHvqKe4PJVtxutnCncKnGmqTcEss":{"registrationId":15505,"currentRatchet":{"ephemeralKeyPair":{"pubKey":"BVAREi1/J0WPs/aiQPrm5DVgFpWgJuXOHrwx39lzGJ9I","privKey":"EItucunB0PU0BEF6zSwfriij9tC+Skg9c41cgiiWkWk="},"lastRemoteEphemeralKey":"BdvWAEylHIBFqS11W/7XBpZEHqfmuovuOi0o0zv442sQ","previousCounter":0,"rootKey":"3paPBW9cqxELJhKpw+t76e+WY/7q5OIDq5peAPXkVhY="},"indexInfo":{"baseKey":"Bf/QZsXl6ad9D7HecHvqKe4PJVtxutnCncKnGmqTcEss","baseKeyType":1,"closed":-1,"used":1747229630937,"created":1747229630937,"remoteIdentityKey":"BWZ6v2Pwjj6wKU+Z5Hr7A94hAM5MVbveFtViB+/IQNkB"},"_chains":{"BVAREi1/J0WPs/aiQPrm5DVgFpWgJuXOHrwx39lzGJ9I":{"chainKey":{"counter":0,"key":"4YkeEAhXZbAD82RPCf2ybyXHO3Kgy1AvAXct4NtNKMY="},"chainType":1,"messageKeys":{}}},"pendingPreKey":{"signedKeyId":1,"baseKey":"Bf/QZsXl6ad9D7HecHvqKe4PJVtxutnCncKnGmqTcEss"}}},"version":"v1"}