{"_sessions":{"BY0JyklAmta1UjvaoDpaaMjVHyCvEl/7m5nteTX8QGg2":{"registrationId":1120377145,"currentRatchet":{"ephemeralKeyPair":{"pubKey":"BUacnHph0vxDTCHdmH4HUWqDQvzlyqaJtx4ejqh1zNxI","privKey":"iHlsf185un24b6EZMoL3BMhCiDJAqlgi6ICGvXI79n4="},"lastRemoteEphemeralKey":"BZAwTaejFkQsDyAnWN1MZ/Z+h0mtxp08zH91Y6fH9osP","previousCounter":0,"rootKey":"IAqoIoOIA7Xm0mdLJbtkabton8PAjwL0vm9raFlHxKI="},"indexInfo":{"baseKey":"BY0JyklAmta1UjvaoDpaaMjVHyCvEl/7m5nteTX8QGg2","baseKeyType":1,"closed":-1,"used":1747219047150,"created":1747219047150,"remoteIdentityKey":"BT0ACQ+fD5KW/8+GaU0wzfWjROXNe2VeU89JsFwGHWEA"},"_chains":{"BUacnHph0vxDTCHdmH4HUWqDQvzlyqaJtx4ejqh1zNxI":{"chainKey":{"counter":0,"key":"FndvyHqacv5/kdoK1gKqH2LXlMc2Uf09+buf5MSU6FY="},"chainType":1,"messageKeys":{}}},"pendingPreKey":{"signedKeyId":0,"baseKey":"BY0JyklAmta1UjvaoDpaaMjVHyCvEl/7m5nteTX8QGg2","preKeyId":8540900}}},"version":"v1"}