{"_sessions":{"Bc+lxba5r9A+Zx6DN4rScXJpgVceIUqoic58V2FTbPx3":{"registrationId":1036651032,"currentRatchet":{"ephemeralKeyPair":{"pubKey":"BWEXNIV61DC8mywgvz1UjnI4QM6uf0h8wtCDzOXr0RwF","privKey":"4BPJ2LT61Ic5bmS4M/UA+kxEnCQgMLAXM5GgaJcsPHg="},"lastRemoteEphemeralKey":"BaIY4WeWlD5Wu4oQkO/UcTdMAuRBKCxJh2YxgFkk45lV","previousCounter":0,"rootKey":"7Kjih6PI/mdXc0wXAsKkdCNXeyGbvvNDkI2xk0V4AbQ="},"indexInfo":{"baseKey":"Bc+lxba5r9A+Zx6DN4rScXJpgVceIUqoic58V2FTbPx3","baseKeyType":1,"closed":-1,"used":1747229630930,"created":1747229630930,"remoteIdentityKey":"BZ7F+AA1BzYNINNbUeqzY0IWLgU0SRgmNzRYgyuvv9w8"},"_chains":{"BWEXNIV61DC8mywgvz1UjnI4QM6uf0h8wtCDzOXr0RwF":{"chainKey":{"counter":0,"key":"LRjheLv1EslOO/zxOe4S1CMcTJjs+6BpFbvCEVdaMac="},"chainType":1,"messageKeys":{}}},"pendingPreKey":{"signedKeyId":1,"baseKey":"Bc+lxba5r9A+Zx6DN4rScXJpgVceIUqoic58V2FTbPx3"}}},"version":"v1"}