{"_sessions":{"BdRnhUUaigaeZvK4vJNw99Umka/K3Ln7MAR5K4epnQVr":{"registrationId":37,"currentRatchet":{"ephemeralKeyPair":{"pubKey":"BScb9GW9/FMQWO+kcTTw0fLfnKRCAGkSJTqwulaWTzdZ","privKey":"sGWQ+VpftK1DcoR5aFljL2Ydlh9zUXWzyyT7uJa7a1E="},"lastRemoteEphemeralKey":"BXPQvuGtn+XMHbpCg73GF2xR1NaV3ZvX/DYu3W44Mz9/","previousCounter":0,"rootKey":"DNw2moJm4Yc53LqqT2KO+LeFuDHUFTsJw2r1/J7ungo="},"indexInfo":{"baseKey":"BdRnhUUaigaeZvK4vJNw99Umka/K3Ln7MAR5K4epnQVr","baseKeyType":1,"closed":-1,"used":1747219044817,"created":1747219044817,"remoteIdentityKey":"BRogTXPdozvTWNgd9/N+tI4Az+MooVVWDK0VCr4azeUq"},"_chains":{"BScb9GW9/FMQWO+kcTTw0fLfnKRCAGkSJTqwulaWTzdZ":{"chainKey":{"counter":0,"key":"6+94wZ3v5jKuoQHJol3jTo53S2itLZyhdiTet+WseY0="},"chainType":1,"messageKeys":{}}},"pendingPreKey":{"signedKeyId":1,"baseKey":"BdRnhUUaigaeZvK4vJNw99Umka/K3Ln7MAR5K4epnQVr"}}},"version":"v1"}