{"_sessions":{"BWZbZONHuUBH8Qn+X0JYxFAT2mojQOM519k3YwBcJNMv":{"registrationId":243037594,"currentRatchet":{"ephemeralKeyPair":{"pubKey":"Ba+0WlW+rdayINF1vriZ4J326CeuWWCI3eLsJnH7srU7","privKey":"KHiPCZ3pCSD44O4Ff/0zF4BiHSAf1x0LCJ7nWWkuBVw="},"lastRemoteEphemeralKey":"BWi+u4ysx+Pgm/9zpyMZbUOXCFcRTAd13fyobqYZg/tt","previousCounter":0,"rootKey":"m3JkwDxIbELiuyv1M00dUq7S6WKorl/r4QY0vA0IglM="},"indexInfo":{"baseKey":"BWZbZONHuUBH8Qn+X0JYxFAT2mojQOM519k3YwBcJNMv","baseKeyType":1,"closed":-1,"used":1747209564630,"created":1747209564630,"remoteIdentityKey":"BXsNmIM13jk0hPxPYsX4xYV3gMLYqa50xkWLArh3NnYn"},"_chains":{"Ba+0WlW+rdayINF1vriZ4J326CeuWWCI3eLsJnH7srU7":{"chainKey":{"counter":0,"key":"WGJyhkq2iMrsqLJp2i1zHmIjw9LnRmiV2/75igZQPz0="},"chainType":1,"messageKeys":{}}},"pendingPreKey":{"signedKeyId":5,"baseKey":"BWZbZONHuUBH8Qn+X0JYxFAT2mojQOM519k3YwBcJNMv","preKeyId":6361385}}},"version":"v1"}