{"_sessions":{"BaLK6XPkEoB4vYUyGANkMUE5NQp1O8ny1Jy6aZJfw2kl":{"registrationId":754878516,"currentRatchet":{"ephemeralKeyPair":{"pubKey":"BemGw9ieQTtrltstLtwjymy+An3KguitSmc9FBrc6GVJ","privKey":"6A/cXYsIWqXlIBMP8wl/7pVThokyqWBEOZCa9B+ehXk="},"lastRemoteEphemeralKey":"BZ5EzSF3sB7mmQm6zvx8uPB1rZkMV2ftWwZGHXPdJBYd","previousCounter":0,"rootKey":"nzIOrVUB6s8eIwFnVQtaCaKZ/nGFjRsChq8phCs2NF4="},"indexInfo":{"baseKey":"BaLK6XPkEoB4vYUyGANkMUE5NQp1O8ny1Jy6aZJfw2kl","baseKeyType":2,"closed":-1,"used":1747213519269,"created":1747213519269,"remoteIdentityKey":"BTy0qgDL0LhUZ3IIT5RrHYdhk7Vk7Yeek/TRsYZFUi12"},"_chains":{"BZ5EzSF3sB7mmQm6zvx8uPB1rZkMV2ftWwZGHXPdJBYd":{"chainKey":{"counter":0,"key":"K5cMWz0zeknFYuG65l9IfSFAEK+IYwa8/YXNEnBwNmc="},"chainType":2,"messageKeys":{}},"BemGw9ieQTtrltstLtwjymy+An3KguitSmc9FBrc6GVJ":{"chainKey":{"counter":-1,"key":"nhtSpYqRyjtcrbWEWtgtfkPGpCnbjhbKPprtYXIIs+I="},"chainType":1,"messageKeys":{}}}}},"version":"v1"}