{"_sessions":{"BXpAUZGjGij2qQiZvvVYNrSBlH/OgT7hx8sv0LIXsZc6":{"registrationId":1218952716,"currentRatchet":{"ephemeralKeyPair":{"pubKey":"Ba2nOx7gRmBwqqFKg5C0vMGV7uT2Z/ceuxBAA0JVrjAH","privKey":"ODrxDBzoBJs6ulcw4QdeSV6aTwl7npZj1s6qptMm9nA="},"lastRemoteEphemeralKey":"BQhclOWT5SQ14SnA4Ictw7ULNJrTi8d3CHe+V/k5iZsu","previousCounter":0,"rootKey":"hTlds7y/pqsAM/gVN47IJLgcERI94R8QoMnCdrq7aaw="},"indexInfo":{"baseKey":"BXpAUZGjGij2qQiZvvVYNrSBlH/OgT7hx8sv0LIXsZc6","baseKeyType":1,"closed":-1,"used":1747219049032,"created":1747219049032,"remoteIdentityKey":"BWchHybgUjJcFXpxs0D1DWCFz58OSrqyi7PfOvrtJmRj"},"_chains":{"Ba2nOx7gRmBwqqFKg5C0vMGV7uT2Z/ceuxBAA0JVrjAH":{"chainKey":{"counter":0,"key":"ClvneiPrFEl0eoTjU1twmXJOHrDDcK8yVGMf/ap2zkc="},"chainType":1,"messageKeys":{}}},"pendingPreKey":{"signedKeyId":2,"baseKey":"BXpAUZGjGij2qQiZvvVYNrSBlH/OgT7hx8sv0LIXsZc6","preKeyId":16542419}}},"version":"v1"}