{"_sessions":{"Bdg50Z9OWMO26+42HRGh7v0IR9OvGxL+rcvRJb/KWQIe":{"registrationId":2083002773,"currentRatchet":{"ephemeralKeyPair":{"pubKey":"BTphstUeUgjD/65ELH9AIt9GgcjlsjKj8GbYAV0KX1B6","privKey":"ILwRbUEORJNp2Xbt6PXpJvwOMaQYyAL255RR1Iiw0GQ="},"lastRemoteEphemeralKey":"BQ/Rqo0JiD4xJt0n7qP7TxRXv3RmzJLkZbAJAT7FVPdC","previousCounter":0,"rootKey":"rKNV1W1+n1BEg0pOSX0TmjAUrsWznQrO9w/asO1ip9I="},"indexInfo":{"baseKey":"Bdg50Z9OWMO26+42HRGh7v0IR9OvGxL+rcvRJb/KWQIe","baseKeyType":1,"closed":-1,"used":1747207240268,"created":1747207240268,"remoteIdentityKey":"BRigE0niTFWWuSenkzeBmBWSLcQ8j5hUAFR3Fg0WFusv"},"_chains":{"BTphstUeUgjD/65ELH9AIt9GgcjlsjKj8GbYAV0KX1B6":{"chainKey":{"counter":7,"key":"ij6OT4rIZhRFVcTZ4TxYuwc8XMm9DfQFm3KYgGo/sS4="},"chainType":1,"messageKeys":{}}},"pendingPreKey":{"signedKeyId":1,"baseKey":"Bdg50Z9OWMO26+42HRGh7v0IR9OvGxL+rcvRJb/KWQIe","preKeyId":8734353}}},"version":"v1"}