{"_sessions":{"BWCn4sHPXbGe8+CK6aBoeyfRvxAjpLw99hh9pXEC2I9y":{"registrationId":1889928994,"currentRatchet":{"ephemeralKeyPair":{"pubKey":"BWvKVgCsVIp0xM7r165jVqk/MTOfb04hUv31yssdqwU5","privKey":"qH3YfO2bSGM99ep/8oKzl9YQCc4TBDhq7UT/BDaDqGU="},"lastRemoteEphemeralKey":"BaCK/BB8dmuXKZ3ug8KoseXEov0Nsec1BTKejwhU41gZ","previousCounter":0,"rootKey":"KRKc4L1rn8fUfp8YzLj7LExV8sGrLFBNwuwaCJL/T1c="},"indexInfo":{"baseKey":"BWCn4sHPXbGe8+CK6aBoeyfRvxAjpLw99hh9pXEC2I9y","baseKeyType":1,"closed":-1,"used":1747219048866,"created":1747219048866,"remoteIdentityKey":"BR9RvUuS8rz51ENHHBFhe7M6J/6f3+HWlD98/XPwqJwB"},"_chains":{"BWvKVgCsVIp0xM7r165jVqk/MTOfb04hUv31yssdqwU5":{"chainKey":{"counter":0,"key":"sJwktda78evFd2GqFKAwAJ4Qj21N75VlxUnII37mb/I="},"chainType":1,"messageKeys":{}}},"pendingPreKey":{"signedKeyId":4963654,"baseKey":"BWCn4sHPXbGe8+CK6aBoeyfRvxAjpLw99hh9pXEC2I9y","preKeyId":52618}}},"version":"v1"}