{"_sessions":{"BcTFJcpksy/B4Fo3gC8TGMgDxAzadcJGkgkOHzw3Rkh9":{"registrationId":735401676,"currentRatchet":{"ephemeralKeyPair":{"pubKey":"BSWBJe0LcBC6cpzoStzTwQJeP+NZ8X9FW0bCmOU4Ce92","privKey":"wIkeKe92jISu0LQIZxdubDZaysnlmo4+ZpczY1ZHTls="},"lastRemoteEphemeralKey":"BVukUu0BfN0kXsro3ccy4c1aV/76ep5P13LUApNGPdZe","previousCounter":0,"rootKey":"PoujOnFeDxN1j9KZQpCvtUP4kq+AUo0p9fACVViuq60="},"indexInfo":{"baseKey":"BcTFJcpksy/B4Fo3gC8TGMgDxAzadcJGkgkOHzw3Rkh9","baseKeyType":1,"closed":-1,"used":1747219049136,"created":1747219049136,"remoteIdentityKey":"BRwr3sid9NVXh2KLFuSKPSH77tgm/xGeOqVku378RYM4"},"_chains":{"BSWBJe0LcBC6cpzoStzTwQJeP+NZ8X9FW0bCmOU4Ce92":{"chainKey":{"counter":0,"key":"po58SFf1drxTxYlFNgorsb98YO77D9eabyKdDVPkkrQ="},"chainType":1,"messageKeys":{}}},"pendingPreKey":{"signedKeyId":1,"baseKey":"BcTFJcpksy/B4Fo3gC8TGMgDxAzadcJGkgkOHzw3Rkh9","preKeyId":16253223}}},"version":"v1"}