{"_sessions":{"BYejCFeGT/KmhMESfFt2NlFOBRGnoq0qfZ2SmNqDe6RA":{"registrationId":1146003391,"currentRatchet":{"ephemeralKeyPair":{"pubKey":"BTewt23KrKypfbARMcsFigdsmrN0rNA95FiA3pWLurod","privKey":"eBZdeL+DhWmHBf6JWNe3kWAifdBNyEkE9mf/6/ukQVc="},"lastRemoteEphemeralKey":"BfZC4xSpR42eAH+XLplRXzuCqFwCjjjvrDt2zwi1KuV1","previousCounter":0,"rootKey":"zlQv2qHZKpDKEey3Szmw0ebNnE0oli0aMQrBGwcN3wA="},"indexInfo":{"baseKey":"BYejCFeGT/KmhMESfFt2NlFOBRGnoq0qfZ2SmNqDe6RA","baseKeyType":1,"closed":-1,"used":1747219049020,"created":1747219049020,"remoteIdentityKey":"BcdS59S7wM4hyrlLDeO+j+FwDroDs6/qy2hjtqRapD9W"},"_chains":{"BTewt23KrKypfbARMcsFigdsmrN0rNA95FiA3pWLurod":{"chainKey":{"counter":0,"key":"+7aKRAZJ4heV6c0PurlGcZWhxzi2B56hyj/5XDVbGEQ="},"chainType":1,"messageKeys":{}}},"pendingPreKey":{"signedKeyId":0,"baseKey":"BYejCFeGT/KmhMESfFt2NlFOBRGnoq0qfZ2SmNqDe6RA","preKeyId":6799255}}},"version":"v1"}