{"_sessions":{"BZNO/Rii18CgKk2Qz8MeeIeZ9B14eDnjAgb8iaaiRNRM":{"registrationId":881020964,"currentRatchet":{"ephemeralKeyPair":{"pubKey":"BQ0fPTJDCPuHnFeZMdS2UgWPx+qlSxNZSx1WQln23Q0E","privKey":"MMwk4GOJLE1E/ZP4VDKtuQV6l6IaeP7F31+PJbFPTHE="},"lastRemoteEphemeralKey":"BbClqeb34N7vGg8tJJAGb5ErSHGSh1EfQJtsOPYOb8Al","previousCounter":0,"rootKey":"4f4+hmOFwcLIh6ChSzQK+brTitnZP4hQF25VDjozWak="},"indexInfo":{"baseKey":"BZNO/Rii18CgKk2Qz8MeeIeZ9B14eDnjAgb8iaaiRNRM","baseKeyType":1,"closed":-1,"used":1747208182478,"created":1747208182478,"remoteIdentityKey":"BdfC7yqRe9bv9hXDI0ZGypUd54GCnVG7847bM7J5HDB/"},"_chains":{"BQ0fPTJDCPuHnFeZMdS2UgWPx+qlSxNZSx1WQln23Q0E":{"chainKey":{"counter":2,"key":"SeI2F/R0ZphnDXuDnV3b3aSh1b+hJLk3sDlGm6IQtTE="},"chainType":1,"messageKeys":{}}},"pendingPreKey":{"signedKeyId":4,"baseKey":"BZNO/Rii18CgKk2Qz8MeeIeZ9B14eDnjAgb8iaaiRNRM","preKeyId":10784956}}},"version":"v1"}