{"_sessions":{"BYSQRuNxlCX1D/lkODQe9Vx7nwQme9kP+DqA9AxrD4Z2":{"registrationId":492546918,"currentRatchet":{"ephemeralKeyPair":{"pubKey":"BdiwUxWUwDYk1zbgZ6Flj0f0It8VPRO6MHdeyq5EKrMt","privKey":"gMHw2NVYO2e0vO+49OCKcoKuHEbxQrrX37rK6cT0xkk="},"lastRemoteEphemeralKey":"Bbtu0iR/Cr5Wt/Qa7S7gnV4Nwv0rdDWaug3Ui/Ss8e8B","previousCounter":0,"rootKey":"jytWA3p6IG+tRs11Fzsggz6Y5d5kZO8B4n7H3mJ6iH0="},"indexInfo":{"baseKey":"BYSQRuNxlCX1D/lkODQe9Vx7nwQme9kP+DqA9AxrD4Z2","baseKeyType":1,"closed":-1,"used":1747219047114,"created":1747219047114,"remoteIdentityKey":"BTN/mP1C5kt3y7tOKAuyOfvxryKdC2vi60GTNOnQUfQG"},"_chains":{"BdiwUxWUwDYk1zbgZ6Flj0f0It8VPRO6MHdeyq5EKrMt":{"chainKey":{"counter":0,"key":"7LTWCzrhMB/zEIxtuM4pU+toNBPG1sObkYzhTHwy77A="},"chainType":1,"messageKeys":{}}},"pendingPreKey":{"signedKeyId":9,"baseKey":"BYSQRuNxlCX1D/lkODQe9Vx7nwQme9kP+DqA9AxrD4Z2","preKeyId":52276}}},"version":"v1"}