{"_sessions":{"BRdaXn7tFJFXzDZaPv5HBZH1yEmPPVPci6v0/DbNgdIO":{"registrationId":870278807,"currentRatchet":{"ephemeralKeyPair":{"pubKey":"BRGLP8B7do8kGqCHskNZ4T2PuE2EmAE1V2HN1cppwCp3","privKey":"aNuNq/bEat5nafdRWv8XTnmXrow5WAdp1iuyD3FLpUI="},"lastRemoteEphemeralKey":"BcZieIanuOClkY967s5juUnZw33TSgH2L1enp8wRwIdP","previousCounter":0,"rootKey":"b00P9iaynDeRR3WGDHtKX+LuW1/RwV+dW7ixj6yHMuE="},"indexInfo":{"baseKey":"BRdaXn7tFJFXzDZaPv5HBZH1yEmPPVPci6v0/DbNgdIO","baseKeyType":1,"closed":-1,"used":1747216483094,"created":1747216483094,"remoteIdentityKey":"BS+QeDFuA+CzNHvOeAb6ItcsPEVHQXgoceIE84pV/L5A"},"_chains":{"BRGLP8B7do8kGqCHskNZ4T2PuE2EmAE1V2HN1cppwCp3":{"chainKey":{"counter":0,"key":"AiZbyLHlJKl5/GENxlGUVq5Vm/3b+UhWaoo/xbcueMw="},"chainType":1,"messageKeys":{}}},"pendingPreKey":{"signedKeyId":0,"baseKey":"BRdaXn7tFJFXzDZaPv5HBZH1yEmPPVPci6v0/DbNgdIO","preKeyId":9348437}}},"version":"v1"}