{"_sessions":{"BcQ5wQ1+YGBnjX/pLaOZHd1gdJHwv5eITrMHWL0Nyh1m":{"registrationId":1687549814,"currentRatchet":{"ephemeralKeyPair":{"pubKey":"BZFClTSKqHtSze9a/34exczS9ZHJ3DHqEK62LVIQRxw7","privKey":"ICFps4dKz/A4mV7PrtNh7nC+EkofXOjJShTzvVhrO2M="},"lastRemoteEphemeralKey":"BTW/3XyspSOD/YPQxTg70aiidRmTJAoEPKSrw5nsq411","previousCounter":0,"rootKey":"3iBU116875P0ZTQQwz0mOFz3S2ewEmGensXh06o9fWk="},"indexInfo":{"baseKey":"BcQ5wQ1+YGBnjX/pLaOZHd1gdJHwv5eITrMHWL0Nyh1m","baseKeyType":1,"closed":-1,"used":1747219050597,"created":1747219050597,"remoteIdentityKey":"BX0OdNpPvKHhf+/PW4sDDwdOPPW1wB9dnYwvPLDM/il9"},"_chains":{"BZFClTSKqHtSze9a/34exczS9ZHJ3DHqEK62LVIQRxw7":{"chainKey":{"counter":0,"key":"QfsCISGmRUb/uomwTdOXst6YPc3ugfR8AFz2VPkLBPE="},"chainType":1,"messageKeys":{}}},"pendingPreKey":{"signedKeyId":17,"baseKey":"BcQ5wQ1+YGBnjX/pLaOZHd1gdJHwv5eITrMHWL0Nyh1m","preKeyId":2944887}}},"version":"v1"}