{"_sessions":{"BWP30ifG1hPIoRwJ1kPIReNlIBs/uE5T9/MO4oMqeGFv":{"registrationId":1149495666,"currentRatchet":{"ephemeralKeyPair":{"pubKey":"BQWW/AkgtO1Ac+ULQyNU+LUnYLN/Sb2koXSlySbBCkcH","privKey":"OFTzLq/mXz0LPemk8Iy1pAipxW/k0MsTICg4Zm+Wnkc="},"lastRemoteEphemeralKey":"Bf3wJmBjPGUlWh3RalSpCD8u90jSvaGJ9NmMy7cA2SIP","previousCounter":0,"rootKey":"Zzz0LKzoaEQYBLzduTlXPDDxXVL0w2HIGPCmsrwKS4g="},"indexInfo":{"baseKey":"BWP30ifG1hPIoRwJ1kPIReNlIBs/uE5T9/MO4oMqeGFv","baseKeyType":1,"closed":-1,"used":1747229631118,"created":1747229631118,"remoteIdentityKey":"Bb8K2HxmRPs/ROXbV5i5Z8PMiEeFlvSiOiWMtmY43AEQ"},"_chains":{"BQWW/AkgtO1Ac+ULQyNU+LUnYLN/Sb2koXSlySbBCkcH":{"chainKey":{"counter":0,"key":"KkFaZRRj3ne+JBWXq3E53P2xbwRvJUFuNURSzFf9mfY="},"chainType":1,"messageKeys":{}}},"pendingPreKey":{"signedKeyId":11,"baseKey":"BWP30ifG1hPIoRwJ1kPIReNlIBs/uE5T9/MO4oMqeGFv","preKeyId":10521838}}},"version":"v1"}