{"_sessions":{"BV0IQaWLtfry0a3shQ5J5Co7RWgub2hze86f9UPU40sV":{"registrationId":1476992715,"currentRatchet":{"ephemeralKeyPair":{"pubKey":"Bb49u+a4TPJxOHb6OWBXJUoLd05TJcf1T0C6i85lKMdC","privKey":"MGtphw9BTlXbo6EIZXGVpzwfCZBWg1ef5bPl6mp0RGs="},"lastRemoteEphemeralKey":"BQyH8PWAmpThFb+RBBeshoiRc8pqzvZtjHUihk+bapQM","previousCounter":0,"rootKey":"djCjwauxJDTMrrd0wutfUu3iX1NLCZqsQsbcGfsD0lg="},"indexInfo":{"baseKey":"BV0IQaWLtfry0a3shQ5J5Co7RWgub2hze86f9UPU40sV","baseKeyType":1,"closed":-1,"used":1747219048841,"created":1747219048841,"remoteIdentityKey":"BdVPowaHFhCK2C1BOd4RwTjIwH09T69HBD2lid15hCgf"},"_chains":{"Bb49u+a4TPJxOHb6OWBXJUoLd05TJcf1T0C6i85lKMdC":{"chainKey":{"counter":0,"key":"wAkiwubh7JD+V75u4n/5eXNIQyoZKuh//ZrkH2NjEKk="},"chainType":1,"messageKeys":{}}},"pendingPreKey":{"signedKeyId":1,"baseKey":"BV0IQaWLtfry0a3shQ5J5Co7RWgub2hze86f9UPU40sV","preKeyId":5640185}}},"version":"v1"}