{"_sessions":{"BSbTFcgVeqVI7iyOCLlKBm3KjdE/k58lUNer1YXUWSxf":{"registrationId":134875864,"currentRatchet":{"ephemeralKeyPair":{"pubKey":"BY/jyqCbdtzG0U0C7cd5aPNY58lSrlzJM+K17BYQozkX","privKey":"yJFAhaKfky5y8dqqXboY2itI5siEljnmZA9mjCcPS3k="},"lastRemoteEphemeralKey":"BUFI0J4bZi5jJjZQXWKDWZIvKE8cHFPQxo9Wt+RESr8f","previousCounter":0,"rootKey":"iUSF0PLm296gXX8QeiFMmXovIqpx7n8dmQ9A+4Jn2VM="},"indexInfo":{"baseKey":"BSbTFcgVeqVI7iyOCLlKBm3KjdE/k58lUNer1YXUWSxf","baseKeyType":1,"closed":-1,"used":1747219050796,"created":1747219050796,"remoteIdentityKey":"BfAiEkQzNSReC+sBiunAiO77P5Bvd3a5iUIHCBSh/Z0p"},"_chains":{"BY/jyqCbdtzG0U0C7cd5aPNY58lSrlzJM+K17BYQozkX":{"chainKey":{"counter":0,"key":"VDeMEO6Z2U3WqeQ7zAUlU3UGEgvez72UxzzVmhUbYyQ="},"chainType":1,"messageKeys":{}}},"pendingPreKey":{"signedKeyId":5,"baseKey":"BSbTFcgVeqVI7iyOCLlKBm3KjdE/k58lUNer1YXUWSxf","preKeyId":11237200}}},"version":"v1"}