{"_sessions":{"BdhtIJP6uvcC5oOUrPJyW7CEqWRurLaNCMIW/8P5l/VD":{"registrationId":2034969043,"currentRatchet":{"ephemeralKeyPair":{"pubKey":"BYciz6wHxlGQcJ81RiBGXzfyUlpPNDOia1fQfZNNctou","privKey":"4PSIaVP4wnwh6wVDufv9cmqYqg8SND/Vb9I8NBoFG1g="},"lastRemoteEphemeralKey":"BWH6ML36yCuoy+Cv0DA5xO97BJltP+Zh0IA+/qlgughb","previousCounter":0,"rootKey":"XrvF3+Fohohqzilg17cY0PGy/Ie93GSPULzQhaJb97s="},"indexInfo":{"baseKey":"BdhtIJP6uvcC5oOUrPJyW7CEqWRurLaNCMIW/8P5l/VD","baseKeyType":1,"closed":-1,"used":1747209564599,"created":1747209564599,"remoteIdentityKey":"Bb6vPVV1vOwJe5g37fNs5y5JL3Z0Uk224JsT9EfoiIoJ"},"_chains":{"BYciz6wHxlGQcJ81RiBGXzfyUlpPNDOia1fQfZNNctou":{"chainKey":{"counter":0,"key":"BamSwdzgnxsxmYeojOLx6VYMXT/++OAQz/PjpZwns9U="},"chainType":1,"messageKeys":{}}},"pendingPreKey":{"signedKeyId":6,"baseKey":"BdhtIJP6uvcC5oOUrPJyW7CEqWRurLaNCMIW/8P5l/VD","preKeyId":4846826}}},"version":"v1"}