{"_sessions":{"BVOO818KwfALxg5FwkYD0V2R1pIM7w1ST9vcMOMtkG5w":{"registrationId":1497186870,"currentRatchet":{"ephemeralKeyPair":{"pubKey":"BTk/YJLAnvUrQFYXU5vKNa2B3EPEnFliCe9k/QPmQc5A","privKey":"0LoKeWVPaIsEqSpjeXEUV1mZeon/zET7ZJ38MsoMvUM="},"lastRemoteEphemeralKey":"BUI5Emm4CRJQ4vtFvEoZsDyrLgPFn57fk2f9o00FmpIf","previousCounter":0,"rootKey":"yV8zciPqyzs2+H4C9EW2+WEbDEwOL6PiFw182ShzxUk="},"indexInfo":{"baseKey":"BVOO818KwfALxg5FwkYD0V2R1pIM7w1ST9vcMOMtkG5w","baseKeyType":1,"closed":-1,"used":1747219049153,"created":1747219049153,"remoteIdentityKey":"BbCn2r5GjVclDuPBUdSxLpQ2Vh+3NfsoHDkdSxrO/9da"},"_chains":{"BTk/YJLAnvUrQFYXU5vKNa2B3EPEnFliCe9k/QPmQc5A":{"chainKey":{"counter":0,"key":"0VCHeZij+sVb+L99pRRa+Rl016lIAm8a+MCWrYKiKLw="},"chainType":1,"messageKeys":{}}},"pendingPreKey":{"signedKeyId":2,"baseKey":"BVOO818KwfALxg5FwkYD0V2R1pIM7w1ST9vcMOMtkG5w","preKeyId":402065}}},"version":"v1"}