{"_sessions":{"BWMXT9zuofEGLjd4fqZ6QtEcWBQ7DWOXZRkQlj89cxIS":{"registrationId":181117515,"currentRatchet":{"ephemeralKeyPair":{"pubKey":"BRjpmB5RCVQ4OIz4LCtem9wis3T+ZixdwGBigywzOK1l","privKey":"IAf9SpIa2Kibquj5KtDcyQ0D9TY91e0oNza7RsbYdkQ="},"lastRemoteEphemeralKey":"BUm9sFOSVPNubEm8enQqL1oZzz6IjBFrFKCB5va6UV0j","previousCounter":0,"rootKey":"kNqjGeZbHPO5v51H1sNiZvCdI5Yybm0IMihYnbY3ht8="},"indexInfo":{"baseKey":"BWMXT9zuofEGLjd4fqZ6QtEcWBQ7DWOXZRkQlj89cxIS","baseKeyType":1,"closed":-1,"used":1747219050644,"created":1747219050644,"remoteIdentityKey":"Bdz2w1wkX7xjrIf3Jzn1syIVJhpykMb8n9eiifubfV1X"},"_chains":{"BRjpmB5RCVQ4OIz4LCtem9wis3T+ZixdwGBigywzOK1l":{"chainKey":{"counter":0,"key":"JnhigLC1x5JiLqrlSnixJ4cBWiDFbIzxTgniRzyHjZY="},"chainType":1,"messageKeys":{}}},"pendingPreKey":{"signedKeyId":1,"baseKey":"BWMXT9zuofEGLjd4fqZ6QtEcWBQ7DWOXZRkQlj89cxIS"}}},"version":"v1"}