{"_sessions":{"BZSzxVYW/4CgMzOz+C5gVqiAI8VfpXrgw3Ijkl+7oKkm":{"registrationId":1098273405,"currentRatchet":{"ephemeralKeyPair":{"pubKey":"BSSs4rKvdikY5LZ4emM+4DB6/2nbd2JdoLbZzAoKcroX","privKey":"+GPHRSaRYIdw6EuwnU4ma7/SOE1WfuWGO3u2mmNNiUo="},"lastRemoteEphemeralKey":"Bb7lOlbNl43BUH4xoRWBXFO/GqcTZRbJJ1kUeGIOi8IE","previousCounter":0,"rootKey":"vLlYfidPQmLuC3xqQc3wmcJnr/HMSO+LJ8BdadbCqOI="},"indexInfo":{"baseKey":"BZSzxVYW/4CgMzOz+C5gVqiAI8VfpXrgw3Ijkl+7oKkm","baseKeyType":1,"closed":-1,"used":1747219047238,"created":1747219047238,"remoteIdentityKey":"BTSkreSpVemPavq7WplVdDGoVNM5jlqvmrHHiPQ/f7QR"},"_chains":{"BSSs4rKvdikY5LZ4emM+4DB6/2nbd2JdoLbZzAoKcroX":{"chainKey":{"counter":0,"key":"J/1L6L+IdF40WPe78IMTBEcvaK2evFYur9CLZmwpJPg="},"chainType":1,"messageKeys":{}}},"pendingPreKey":{"signedKeyId":8,"baseKey":"BZSzxVYW/4CgMzOz+C5gVqiAI8VfpXrgw3Ijkl+7oKkm","preKeyId":2261420}}},"version":"v1"}