{"_sessions":{"BUBl+LLKY8PtFNO4Y87Evuo8APHhg13S9ZsCh7yoSsg3":{"registrationId":99488530,"currentRatchet":{"ephemeralKeyPair":{"pubKey":"BaTco2H58I1YGVWrv0xXthkOO+YhBdIj4KAt7lExuWlb","privKey":"0FFnrgLm7ymGRDwfTTtfFeyH3sQzizgld/HrtJ/MnFM="},"lastRemoteEphemeralKey":"BSf8wuBuBPE/fnZp4A+BmoPOd8R0UjltK/q4nvlFU7RB","previousCounter":0,"rootKey":"QHpqDcLglC5DaBO2t1JyORi1xfDnL4zfGj4gSTbHAMM="},"indexInfo":{"baseKey":"BUBl+LLKY8PtFNO4Y87Evuo8APHhg13S9ZsCh7yoSsg3","baseKeyType":1,"closed":-1,"used":1747207240202,"created":1747207240202,"remoteIdentityKey":"BeFFHMgu4d75kYSS2gltA58X6N6imCpq6Blg8Fdm3YA7"},"_chains":{"BaTco2H58I1YGVWrv0xXthkOO+YhBdIj4KAt7lExuWlb":{"chainKey":{"counter":7,"key":"YsE2r2BRH9OIeKYXm68wpxOfTfwFYuidKuHySsYsYlk="},"chainType":1,"messageKeys":{}}},"pendingPreKey":{"signedKeyId":2,"baseKey":"BUBl+LLKY8PtFNO4Y87Evuo8APHhg13S9ZsCh7yoSsg3"}}},"version":"v1"}