{"_sessions":{"BZCjdCVYqYa0n9iQYALFxQgKeZbXqb0QwOIr8RwbRVpe":{"registrationId":1056654267,"currentRatchet":{"ephemeralKeyPair":{"pubKey":"BQ/LLv/RW22QGYbTTnz55sSn4N7F/2/Cs0wdj3SAe+57","privKey":"KHP0kK3BQO1vX0Sii15pvqyiKPHSIxp6CtWozgDifGk="},"lastRemoteEphemeralKey":"Bbh+9Nc+fCzeEoEjCWrT93/5vWE6/KsvthI9bzo1IUBi","previousCounter":0,"rootKey":"E1RXymBrLS1rCQX1wSSHRGHEVbDsqoA7ONSucqnXVy0="},"indexInfo":{"baseKey":"BZCjdCVYqYa0n9iQYALFxQgKeZbXqb0QwOIr8RwbRVpe","baseKeyType":1,"closed":-1,"used":1747216483065,"created":1747216483065,"remoteIdentityKey":"Ba+PToizucYCIWA6lKOHhIRNtO39sWi1N/I58hCHLOZ6"},"_chains":{"BQ/LLv/RW22QGYbTTnz55sSn4N7F/2/Cs0wdj3SAe+57":{"chainKey":{"counter":0,"key":"YhQVHQa2DtLMFoExpwqxgBC8SvAeKxjkU5W1z0LOVEs="},"chainType":1,"messageKeys":{}}},"pendingPreKey":{"signedKeyId":22,"baseKey":"BZCjdCVYqYa0n9iQYALFxQgKeZbXqb0QwOIr8RwbRVpe","preKeyId":1234746}}},"version":"v1"}