{"_sessions":{"BcelUG7ev9UfEW9G24dgUS1HDrW6RZNGy851UE6VmTlI":{"registrationId":1222909786,"currentRatchet":{"ephemeralKeyPair":{"pubKey":"BVOjU3M6F8kRrTwJyBQJyBPaSQXFsTPdjq6ROzG2bDsb","privKey":"aFVdHptiQakM87DvpuZSiQ5pNhgOBm+p8Kf5SeXFnFk="},"lastRemoteEphemeralKey":"BbbNXC5trA0dt+Z+dy+dv1rwkndqjx6Z/I4srRYq6zUg","previousCounter":0,"rootKey":"wouCcS7AbfG7vGNKqo9ZGTxTP7ibUVuAFLYTAYshxyk="},"indexInfo":{"baseKey":"BcelUG7ev9UfEW9G24dgUS1HDrW6RZNGy851UE6VmTlI","baseKeyType":1,"closed":-1,"used":1747219050716,"created":1747219050716,"remoteIdentityKey":"BQ1bYBwfAFMCCtmBgfthDyu3xo7J9/tHg/gjLTDSqHIa"},"_chains":{"BVOjU3M6F8kRrTwJyBQJyBPaSQXFsTPdjq6ROzG2bDsb":{"chainKey":{"counter":0,"key":"N6Jha8JE3zFMje8qB1E5MN3703JkV/r8WmnQHWZjNu8="},"chainType":1,"messageKeys":{}}},"pendingPreKey":{"signedKeyId":4,"baseKey":"BcelUG7ev9UfEW9G24dgUS1HDrW6RZNGy851UE6VmTlI","preKeyId":10253409}}},"version":"v1"}