{"_sessions":{"BbELQX6ehXdCww6v+NZxs7KD3YaGUhWsBQd48F6a5yFu":{"registrationId":1206982503,"currentRatchet":{"ephemeralKeyPair":{"pubKey":"BdHgQ4qz73PUXMfRITNWhapVCXog2LE5y4Wo31f/D9o+","privKey":"sDGlftPLKO+mAAEoKGG8y3QwUt87dn3B0Om7GUXrf0c="},"lastRemoteEphemeralKey":"BQaSMlz8kpHmDo/t6KdOgQ9OGwe+YyCBbQoX2BJup9I0","previousCounter":0,"rootKey":"pvh+6+WJAqHg4ttZGy9ns93TZUDDGPxi23cN4OnjRvc="},"indexInfo":{"baseKey":"BbELQX6ehXdCww6v+NZxs7KD3YaGUhWsBQd48F6a5yFu","baseKeyType":1,"closed":1747227284419,"used":1747222182456,"created":1747222182456,"remoteIdentityKey":"BehhiycSD3ppJMgLd5apIgp1XybBCTZ5MfI0ugZpgJcE"},"_chains":{"BdHgQ4qz73PUXMfRITNWhapVCXog2LE5y4Wo31f/D9o+":{"chainKey":{"counter":3,"key":"KwiSJzrLkS/M3U/7mEh2ORFXBKLAv2bZbWTDNljaTdY="},"chainType":1,"messageKeys":{}}},"pendingPreKey":{"signedKeyId":3,"baseKey":"BbELQX6ehXdCww6v+NZxs7KD3YaGUhWsBQd48F6a5yFu","preKeyId":2572090}},"BeRLGunu1COdSLCDKXJFwds64PRvy72g1aPvsloPe2Z8":{"registrationId":1206982503,"currentRatchet":{"ephemeralKeyPair":{"pubKey":"BRU9fUi3twlRdQJx4F+25jwv7AWCbnvd1TpUuwN4tnpu","privKey":"kNCHDo1GnK980w1U7w4TelayTs/tRyWLIgrpAuooa3A="},"lastRemoteEphemeralKey":"BQaSMlz8kpHmDo/t6KdOgQ9OGwe+YyCBbQoX2BJup9I0","previousCounter":0,"rootKey":"gf1HYvrEJDC8zUanQEzKTyRk7+eCPAFlEcdW7C/bS8c="},"indexInfo":{"baseKey":"BeRLGunu1COdSLCDKXJFwds64PRvy72g1aPvsloPe2Z8","baseKeyType":1,"closed":1747232015648,"used":1747227284418,"created":1747227284418,"remoteIdentityKey":"BehhiycSD3ppJMgLd5apIgp1XybBCTZ5MfI0ugZpgJcE"},"_chains":{"BRU9fUi3twlRdQJx4F+25jwv7AWCbnvd1TpUuwN4tnpu":{"chainKey":{"counter":5,"key":"WFfP33ej/42OhMU9+gFHp2rjJl9VIxAwPS8dg6TC3kc="},"chainType":1,"messageKeys":{}}},"pendingPreKey":{"signedKeyId":3,"baseKey":"BeRLGunu1COdSLCDKXJFwds64PRvy72g1aPvsloPe2Z8","preKeyId":2572213}},"Ba7JUiVMi74/7eDuoO3tw2bzSc6lmahcm8wPAwNgvlMd":{"registrationId":1206982503,"currentRatchet":{"ephemeralKeyPair":{"pubKey":"BS0f63MytGoA1CjhCkmmU1RR5xicamFXOz79LJduLK92","privKey":"4J37wSvv5e91xN9gO4JBkfMfw2vidiIwvQ1K5VOsrlM="},"lastRemoteEphemeralKey":"BQaSMlz8kpHmDo/t6KdOgQ9OGwe+YyCBbQoX2BJup9I0","previousCounter":0,"rootKey":"EQH7lo6Tpw9VqAQ946UeQjw+hRDqJsMUeMbaqTSQf4E="},"indexInfo":{"baseKey":"Ba7JUiVMi74/7eDuoO3tw2bzSc6lmahcm8wPAwNgvlMd","baseKeyType":1,"closed":1747232919640,"used":1747232015647,"created":1747232015647,"remoteIdentityKey":"BehhiycSD3ppJMgLd5apIgp1XybBCTZ5MfI0ugZpgJcE"},"_chains":{"BS0f63MytGoA1CjhCkmmU1RR5xicamFXOz79LJduLK92":{"chainKey":{"counter":1,"key":"qktef8UEkWnJm32QhdyByfjbPQsMczgKnjI9oi9HLAM="},"chainType":1,"messageKeys":{}}},"pendingPreKey":{"signedKeyId":3,"baseKey":"Ba7JUiVMi74/7eDuoO3tw2bzSc6lmahcm8wPAwNgvlMd","preKeyId":2572173}},"Bf4Avp5/ge5KrR7J/Tamt9agyofOWjuuoQ93lQ259OY3":{"registrationId":1206982503,"currentRatchet":{"ephemeralKeyPair":{"pubKey":"BfTgAOgEvpcKMD3LvEGOdF7fkdGNmxLKZq50DzFvi6t7","privKey":"GG5pHtznrwt2ciy7GJrY/tyvihaKLXrHGmhCq1DRkHQ="},"lastRemoteEphemeralKey":"BQaSMlz8kpHmDo/t6KdOgQ9OGwe+YyCBbQoX2BJup9I0","previousCounter":0,"rootKey":"CcCbP6Y7lvMfr7Del3Q4tX5OaidfG0Wilfcf4xMtc2Q="},"indexInfo":{"baseKey":"Bf4Avp5/ge5KrR7J/Tamt9agyofOWjuuoQ93lQ259OY3","baseKeyType":1,"closed":-1,"used":1747232919639,"created":1747232919639,"remoteIdentityKey":"BehhiycSD3ppJMgLd5apIgp1XybBCTZ5MfI0ugZpgJcE"},"_chains":{"BfTgAOgEvpcKMD3LvEGOdF7fkdGNmxLKZq50DzFvi6t7":{"chainKey":{"counter":4,"key":"hN2rW3aqywjQu35rrS564zafOKp1tPIkVdzqgqp1kKo="},"chainType":1,"messageKeys":{}}},"pendingPreKey":{"signedKeyId":3,"baseKey":"Bf4Avp5/ge5KrR7J/Tamt9agyofOWjuuoQ93lQ259OY3","preKeyId":2572328}}},"version":"v1"}