{"_sessions":{"BWrdJzuX69Iu3vx8lHJwY2SswRqOaqo+LQBAZQsu5IYq":{"registrationId":108,"currentRatchet":{"ephemeralKeyPair":{"pubKey":"BTuGYUotyFzydvB3uv1xyeHsHm5MXC+dmMzDji4l3N0S","privKey":"iGJP2OtX38+/e2igqbI271CJWjMlEbiNv7ZJzk+8lEk="},"lastRemoteEphemeralKey":"BcF+GAYtxIGj3msONZXHAtX6fKFSF9rRi8kbosdTlAEy","previousCounter":0,"rootKey":"iVQqpcSe2ZIGmHQQ92coEPBWjwHSYGCzarkDwMc7Kcw="},"indexInfo":{"baseKey":"BWrdJzuX69Iu3vx8lHJwY2SswRqOaqo+LQBAZQsu5IYq","baseKeyType":1,"closed":-1,"used":1747219044862,"created":1747219044862,"remoteIdentityKey":"BQjnQwiCIUwliQIPSf9AVgO4PwNsyWLWjHieEQGXzXYX"},"_chains":{"BTuGYUotyFzydvB3uv1xyeHsHm5MXC+dmMzDji4l3N0S":{"chainKey":{"counter":0,"key":"V77lvAJaE1+Bswl5NtWoPCiZJr6GPTKVorlckgRrpHI="},"chainType":1,"messageKeys":{}}},"pendingPreKey":{"signedKeyId":1,"baseKey":"BWrdJzuX69Iu3vx8lHJwY2SswRqOaqo+LQBAZQsu5IYq"}}},"version":"v1"}