{"_sessions":{"BaVZ3DF8bm3ba82resyYrEmxWfv+7IOudv+tmSAGriQa":{"registrationId":450564725,"currentRatchet":{"ephemeralKeyPair":{"pubKey":"BQW8iMnYHRL9ukHHiTmdB0Msk94GBsSVZj0cqyNJLRQn","privKey":"GACLG8ujlyDo6wDdlgjE6mCArt9ot9tw0YphlR9YzEs="},"lastRemoteEphemeralKey":"Bd9elbjjWvMb1kPemEhh4alL6VxsvnkpzqMXKdmBpaBO","previousCounter":0,"rootKey":"ZzcLdD+cN+UU2cTwVk2yfRJmdOfFwcK202TV1hp+ucE="},"indexInfo":{"baseKey":"BaVZ3DF8bm3ba82resyYrEmxWfv+7IOudv+tmSAGriQa","baseKeyType":1,"closed":-1,"used":1747229631089,"created":1747229631089,"remoteIdentityKey":"BWhEBaMh6u5jiEicqtsWeytR/05dWw5ZHbFv6rJXUdwH"},"_chains":{"BQW8iMnYHRL9ukHHiTmdB0Msk94GBsSVZj0cqyNJLRQn":{"chainKey":{"counter":0,"key":"XVyNaJQwKImVpf4sR/iSfddd+P6joL9qhnvVAT/p/yo="},"chainType":1,"messageKeys":{}}},"pendingPreKey":{"signedKeyId":3,"baseKey":"BaVZ3DF8bm3ba82resyYrEmxWfv+7IOudv+tmSAGriQa","preKeyId":5525999}}},"version":"v1"}