{"_sessions":{"BWjL4AtorQfHF/59bFBi8RtUrgW8Xn+j0fJqv3bMRuVM":{"registrationId":1144593144,"currentRatchet":{"ephemeralKeyPair":{"pubKey":"BTsJ1SuuqV+UBZ202CIrltm+DqV5uRDGZDf06cpC4sBE","privKey":"qOT8YrMfwZ20tOqHQBs7/tIh0t+p1RaJr1Xoia4lqWw="},"lastRemoteEphemeralKey":"BciteGQx/NdkZDEo36Y4Fr6D7gHp3IRKHYi8gciOLSQp","previousCounter":0,"rootKey":"uDxK3J36aS60wcTB7bjRXDlwlJFqvq7eSFnPY/+qypw="},"indexInfo":{"baseKey":"BWjL4AtorQfHF/59bFBi8RtUrgW8Xn+j0fJqv3bMRuVM","baseKeyType":1,"closed":-1,"used":1747207240154,"created":1747207240154,"remoteIdentityKey":"BaP137fmjDOrwgdq8Wj1+0U/LfaL13fTudpoLds/EPUU"},"_chains":{"BTsJ1SuuqV+UBZ202CIrltm+DqV5uRDGZDf06cpC4sBE":{"chainKey":{"counter":7,"key":"eYGgBtNy9m+jcSI/ixWBmJcEDoVPoDzVdqBsK2EyoJs="},"chainType":1,"messageKeys":{}}},"pendingPreKey":{"signedKeyId":9,"baseKey":"BWjL4AtorQfHF/59bFBi8RtUrgW8Xn+j0fJqv3bMRuVM","preKeyId":12680625}}},"version":"v1"}