{"_sessions":{"BVuT7oS51Tkc8YNsMo9XnkDUqE/mSkrkiUvrjxlU6m5h":{"registrationId":16225,"currentRatchet":{"ephemeralKeyPair":{"pubKey":"BaGYjnYm+SDUgRMTmHKjZeIxIV0u6SoFEyoGmbUix7YI","privKey":"WIZCsMam/y6W5dz+RCtYzHkOepF24EUQjWZv/a7UeFY="},"lastRemoteEphemeralKey":"BajlCDoHsxHaG+m/SJ5Hn1Zrz25Hsw5MUSXYDAkdrqJr","previousCounter":0,"rootKey":"nfiO7PenWECi12t9gsaBn4tGI2q5Xnak3uvG12BTJ7k="},"indexInfo":{"baseKey":"BVuT7oS51Tkc8YNsMo9XnkDUqE/mSkrkiUvrjxlU6m5h","baseKeyType":1,"closed":-1,"used":1747229630924,"created":1747229630924,"remoteIdentityKey":"BdvMrV67UZD6dyNzC2FMd+nsNhgL3DxJqtOTozc4Wr8M"},"_chains":{"BaGYjnYm+SDUgRMTmHKjZeIxIV0u6SoFEyoGmbUix7YI":{"chainKey":{"counter":0,"key":"Nq2aDYCymikWDMDPxDmyCsITprO4mRPAxOnIzJXUgrQ="},"chainType":1,"messageKeys":{}}},"pendingPreKey":{"signedKeyId":1,"baseKey":"BVuT7oS51Tkc8YNsMo9XnkDUqE/mSkrkiUvrjxlU6m5h"}}},"version":"v1"}