{"_sessions":{"Bcg/JrXBFVl/6qDmHurkA6cTpBULE0TUrJDVC+/2Mb9C":{"registrationId":1531481572,"currentRatchet":{"ephemeralKeyPair":{"pubKey":"BaW1BfCZCwMtyazseO79MjC2eGPU/4yaIUZdMAnaJDJF","privKey":"wBoyh3STT7qg1YlLA19bxK4vvRc8Zcwl3EheT+Y8imI="},"lastRemoteEphemeralKey":"BZvv6cPlDVFYc+NZMpI33rmbjrJn3GbmM5EUIi691KYj","previousCounter":0,"rootKey":"hj3RmSIcEgScmoNdBha4/QgzCWLZ4uaffHNQj9Em79o="},"indexInfo":{"baseKey":"Bcg/JrXBFVl/6qDmHurkA6cTpBULE0TUrJDVC+/2Mb9C","baseKeyType":1,"closed":-1,"used":1747219047190,"created":1747219047190,"remoteIdentityKey":"BbVZG/XGQlQTAWE+9JAuEPn3naq5JHi9F8HlnJr9Sa42"},"_chains":{"BaW1BfCZCwMtyazseO79MjC2eGPU/4yaIUZdMAnaJDJF":{"chainKey":{"counter":0,"key":"i/fTje9UGU7FGtPxgoNgi+8xHg6utQykEvBNg0cGqBE="},"chainType":1,"messageKeys":{}}},"pendingPreKey":{"signedKeyId":7,"baseKey":"Bcg/JrXBFVl/6qDmHurkA6cTpBULE0TUrJDVC+/2Mb9C","preKeyId":11362466}}},"version":"v1"}