{"_sessions":{"BaRbMEZMLFwI4gtVea76vNubqwzMYJ6c8qPssDIzUQd3":{"registrationId":1072361870,"currentRatchet":{"ephemeralKeyPair":{"pubKey":"BU3I2QXYySCqHGiiegJtFqg/ZMifOKyW7sARq8kJn0VH","privKey":"QKCVRvPgIgYDR/1XXZjAnSrbrOvenP/QDnzf65Y3EGQ="},"lastRemoteEphemeralKey":"BZpbYpdilOt5peHAP0P+mtMtqgMO6bpwkK6nb72BPct9","previousCounter":0,"rootKey":"++/upSRRe65I/BhvZXkOCoHwSDlchS9JHX92YjEvIzw="},"indexInfo":{"baseKey":"BaRbMEZMLFwI4gtVea76vNubqwzMYJ6c8qPssDIzUQd3","baseKeyType":1,"closed":-1,"used":1747219050712,"created":1747219050712,"remoteIdentityKey":"BdVBPySRyuWOsyL4r+/117VME/PLEGuoxTlEKQDRu5Qh"},"_chains":{"BU3I2QXYySCqHGiiegJtFqg/ZMifOKyW7sARq8kJn0VH":{"chainKey":{"counter":0,"key":"/8wIRlI5pL26CucFEkQQXoaiNOzfe1grnNa49OF/nBo="},"chainType":1,"messageKeys":{}}},"pendingPreKey":{"signedKeyId":1,"baseKey":"BaRbMEZMLFwI4gtVea76vNubqwzMYJ6c8qPssDIzUQd3","preKeyId":5416814}}},"version":"v1"}