{"_sessions":{"BYd0033g5NXyW1ysiG41CV2RCU16F8SVQJDInAXq7Cc1":{"registrationId":220466103,"currentRatchet":{"ephemeralKeyPair":{"pubKey":"Be9OEAAG6TJ8UPSjZ9JY5wT1RNask5+3IiJeDjKzwEkh","privKey":"kP6aqBN94tahj/H16yzAK0MqIexSZdk7C3SMzvRviUE="},"lastRemoteEphemeralKey":"BXoXulE67YhiLsbvLDQo5nJO1dD4AtKZK100hXL/gs4+","previousCounter":0,"rootKey":"FyYZmFDePBXvBqySN/i5VxJOYcy/a/OmajNuXOAdTYs="},"indexInfo":{"baseKey":"BYd0033g5NXyW1ysiG41CV2RCU16F8SVQJDInAXq7Cc1","baseKeyType":1,"closed":-1,"used":1747208249702,"created":1747208249702,"remoteIdentityKey":"Bd+Vie64wGo8ICHioBnU0HhrwS/WlQCZhpz9+ID/yA9f"},"_chains":{"Be9OEAAG6TJ8UPSjZ9JY5wT1RNask5+3IiJeDjKzwEkh":{"chainKey":{"counter":0,"key":"NDFCTTIYEdLhdLBbkrBd3050ltCaa7q9xlZDxdIyA34="},"chainType":1,"messageKeys":{}}},"pendingPreKey":{"signedKeyId":8,"baseKey":"BYd0033g5NXyW1ysiG41CV2RCU16F8SVQJDInAXq7Cc1","preKeyId":666365}}},"version":"v1"}