{"_sessions":{"BR3z5zS7DvHqCI4JKitvzrajUTpT5ipzd9PYZE1tKrF4":{"registrationId":826308080,"currentRatchet":{"ephemeralKeyPair":{"pubKey":"BfPkyOIiUMozXrhsM64dXYN/bRFUDNGhN8WN3h4IwkFr","privKey":"aLkhbiTYSDaJOi7LomFd6Niqd9cfduoqQ0YwNqr5iHg="},"lastRemoteEphemeralKey":"BSGl2D+nCf1/xPnsg+N3GCavo4SxmNdigniYjlR6WtMD","previousCounter":0,"rootKey":"YEfY4uR7Qwox0S921zRLmdosELjXkKkhOnZInAe7nfg="},"indexInfo":{"baseKey":"BR3z5zS7DvHqCI4JKitvzrajUTpT5ipzd9PYZE1tKrF4","baseKeyType":2,"closed":1747229342980,"used":1747229342109,"created":1747229342109,"remoteIdentityKey":"BXHBwANYjvn/60a+hnGiCq1UxKqq0RqJsKS7WExRHF5u"},"_chains":{"BSGl2D+nCf1/xPnsg+N3GCavo4SxmNdigniYjlR6WtMD":{"chainKey":{"counter":1,"key":"X2dHD1ftkvaizB6LTnMbElGVKsoclH+Nf1NyOBBkTys="},"chainType":2,"messageKeys":{}},"BfPkyOIiUMozXrhsM64dXYN/bRFUDNGhN8WN3h4IwkFr":{"chainKey":{"counter":-1,"key":"cQcoQxt2aYO/jELX7NuPmXTjSeVHq9cxryUSTBQA9Js="},"chainType":1,"messageKeys":{}}}},"BWUH62lp9+/MKTP4XUogmFh2OXxhtj4pPKO0SMCZ4LE5":{"registrationId":826308080,"currentRatchet":{"ephemeralKeyPair":{"pubKey":"BeZB8PrqF5xgTi+zpkfln4znZuWTne2MbjQmr7RW4x0R","privKey":"EGdX9QC3I7JKDZqEWDO5Bx9c3T14awRgKbo9m1JNKUU="},"lastRemoteEphemeralKey":"BUxLXx+K/9ae+pwOASdZTLjqbluuXCC9+qGz3NRaWF4X","previousCounter":0,"rootKey":"i3EvBMTvp4dGSC9AWz7Nf58v+qqqq6CTHpjeawKo6Lc="},"indexInfo":{"baseKey":"BWUH62lp9+/MKTP4XUogmFh2OXxhtj4pPKO0SMCZ4LE5","baseKeyType":2,"closed":1747229343799,"used":1747229342983,"created":1747229342983,"remoteIdentityKey":"BXHBwANYjvn/60a+hnGiCq1UxKqq0RqJsKS7WExRHF5u"},"_chains":{"BUxLXx+K/9ae+pwOASdZTLjqbluuXCC9+qGz3NRaWF4X":{"chainKey":{"counter":1,"key":"3FxF2NV2qestgiuiLnJY6/jhJ74A/QLC4KmzZtJgHVA="},"chainType":2,"messageKeys":{}},"BeZB8PrqF5xgTi+zpkfln4znZuWTne2MbjQmr7RW4x0R":{"chainKey":{"counter":-1,"key":"ruK1mmMktN6sKknJnkRRZsecJtQju2jxb90irbmgF+4="},"chainType":1,"messageKeys":{}}}},"BT7ceMeO0dqbIxcX8Bh4nipm2UgLzrEX83C2940ePuQd":{"registrationId":826308080,"currentRatchet":{"ephemeralKeyPair":{"pubKey":"BYxtkRKg+KbVAvh4zJor+BRwQ/OpKmrTaa6XK8rULUVA","privKey":"GEH6CbZOTuTGbIMjurbYbfHQiNhCL4sLGxamdPvz7Vw="},"lastRemoteEphemeralKey":"BQAjXvGPFt3d2KCU+h1QsOjNiIXFBoXACZl/kW9Fltov","previousCounter":0,"rootKey":"G182Zw5zxGwobw1SblaGyZQAOusEP4zVznbHg2a6uTE="},"indexInfo":{"baseKey":"BT7ceMeO0dqbIxcX8Bh4nipm2UgLzrEX83C2940ePuQd","baseKeyType":2,"closed":1747229344664,"used":1747229343802,"created":1747229343802,"remoteIdentityKey":"BXHBwANYjvn/60a+hnGiCq1UxKqq0RqJsKS7WExRHF5u"},"_chains":{"BQAjXvGPFt3d2KCU+h1QsOjNiIXFBoXACZl/kW9Fltov":{"chainKey":{"counter":1,"key":"PMJjhDnPBR0NRsNTRcPYK8UuTjEQ2iuUxhXxEI8B85A="},"chainType":2,"messageKeys":{}},"BYxtkRKg+KbVAvh4zJor+BRwQ/OpKmrTaa6XK8rULUVA":{"chainKey":{"counter":-1,"key":"LMWoajRa+roRv6JkEtJbGVU2pnxYPVfAEEwq4PY2hAc="},"chainType":1,"messageKeys":{}}}},"BZEI55pHiI7KhzJbmxXAQ4uJ9CF993sO9W8T8iG0fRQD":{"registrationId":826308080,"currentRatchet":{"ephemeralKeyPair":{"pubKey":"BXQ5XTkDBZ1WjXt7jed0uPrdjcI8F6gDb/oBLyEQto8I","privKey":"6PBiNi4PKDFNFVoH/TzfLThwjzMfai/W514kZ+Ak/3c="},"lastRemoteEphemeralKey":"BbwMpckupwSqmLTOzficqllRqu7y0+jJ7YTpyTMroSJg","previousCounter":0,"rootKey":"Btavj8Jpy8RlqSxXF8MnBsVymXxn3BIadxX1lIGRgi4="},"indexInfo":{"baseKey":"BZEI55pHiI7KhzJbmxXAQ4uJ9CF993sO9W8T8iG0fRQD","baseKeyType":2,"closed":-1,"used":1747229344668,"created":1747229344668,"remoteIdentityKey":"BXHBwANYjvn/60a+hnGiCq1UxKqq0RqJsKS7WExRHF5u"},"_chains":{"BbwMpckupwSqmLTOzficqllRqu7y0+jJ7YTpyTMroSJg":{"chainKey":{"counter":2,"key":"imf2SS6T4hJupLJgENnypAniZWtZC31ILDbWMZdaIFg="},"chainType":2,"messageKeys":{}},"BXQ5XTkDBZ1WjXt7jed0uPrdjcI8F6gDb/oBLyEQto8I":{"chainKey":{"counter":-1,"key":"fSOADJcEKyLtWux4zcFDaZvuAnqbznBVJE30L012BSk="},"chainType":1,"messageKeys":{}}}}},"version":"v1"}