{"_sessions":{"BXrQkiGKkabBY7ImDdtEvAKiV1d5THFze9+Vn/asiZV7":{"registrationId":2025717065,"currentRatchet":{"ephemeralKeyPair":{"pubKey":"BZoJTDrO1ldjup6AML0S8aEwYJYF/ezeS22FNot83vsU","privKey":"cFOjEPcYtLTCFnouhAl2qdn6LqIcOQtKetH3eaVt4Ec="},"lastRemoteEphemeralKey":"BRAVg+kHWlseYLAk5LnrmnLioCHoJAON1yzpmD+nRON+","previousCounter":0,"rootKey":"rKxk3FEf43qWlHs2dNo4rHzmuLEgn/v8+23h50BlI40="},"indexInfo":{"baseKey":"BXrQkiGKkabBY7ImDdtEvAKiV1d5THFze9+Vn/asiZV7","baseKeyType":1,"closed":-1,"used":1747208182520,"created":1747208182520,"remoteIdentityKey":"BTu0+EgGJD+WyYoCrzdk1kRxgN7/1zAP8zu9gARO5VkE"},"_chains":{"BZoJTDrO1ldjup6AML0S8aEwYJYF/ezeS22FNot83vsU":{"chainKey":{"counter":2,"key":"uzoM21gM9aDjxSHw2QoS2l4v2ZPMJlK1dknoVn+iVcg="},"chainType":1,"messageKeys":{}}},"pendingPreKey":{"signedKeyId":3,"baseKey":"BXrQkiGKkabBY7ImDdtEvAKiV1d5THFze9+Vn/asiZV7"}}},"version":"v1"}