{"_sessions":{"BSlb5ZNw1TwbCF6QViYIkV8SM+pzCjib9QUNdFVMSSMw":{"registrationId":483746804,"currentRatchet":{"ephemeralKeyPair":{"pubKey":"BUU6Y5ULBFXm65vwq11femrxNHuCs97GtZXoYr/ab6wM","privKey":"WD249STUyUtdgT6NQ4Pzc5zx9J0AHzXQfPm7FMtp3Ug="},"lastRemoteEphemeralKey":"BS2RlNOuiwYjJC9CNCbkg2ZtZWuutuxUP+xWlBKt2bQ/","previousCounter":0,"rootKey":"ABPwI+PenSn+BM7LFKJtMlNKRzJgkCOdO1Bz/rje3UM="},"indexInfo":{"baseKey":"BSlb5ZNw1TwbCF6QViYIkV8SM+pzCjib9QUNdFVMSSMw","baseKeyType":1,"closed":-1,"used":1747208249686,"created":1747208249686,"remoteIdentityKey":"Bd7NODXVe/sXzcG3xYfG4Dk7+rjxrspTxuzG0MI9q+Ja"},"_chains":{"BUU6Y5ULBFXm65vwq11femrxNHuCs97GtZXoYr/ab6wM":{"chainKey":{"counter":1,"key":"P454S/sVtFnNd8Ys4asDqQa6nWYizssPDCRoF9SQxsU="},"chainType":1,"messageKeys":{}}},"pendingPreKey":{"signedKeyId":4129252,"baseKey":"BSlb5ZNw1TwbCF6QViYIkV8SM+pzCjib9QUNdFVMSSMw","preKeyId":10836}}},"version":"v1"}