{"_sessions":{"BYFoE+bjUJelNtzXstnqVkSgVbJOfPNwAjHNPlZ1QNhJ":{"registrationId":1103729980,"currentRatchet":{"ephemeralKeyPair":{"pubKey":"BaAXnynCW3AyTlGWmQf1HGPCVJjZqLHE7nm8J/buLwUo","privKey":"iM5TVetBWkcoIHmkbtJKjlMeqeBOV2UCP45b7nIqNns="},"lastRemoteEphemeralKey":"BU9Ie1slRiQ7Nc4FeEsDxxK2mFLWFpGi9Y38WNaMEe9o","previousCounter":0,"rootKey":"jSbCH85mp0bNbxPafEyf+JQzousluAGGGlbB4sZH7XE="},"indexInfo":{"baseKey":"BYFoE+bjUJelNtzXstnqVkSgVbJOfPNwAjHNPlZ1QNhJ","baseKeyType":2,"closed":-1,"used":1747222560488,"created":1747222560488,"remoteIdentityKey":"BY7yFviw29cHYjLRFlBjHn6+H2VricGjqqYYnIvQ1i1R"},"_chains":{"BU9Ie1slRiQ7Nc4FeEsDxxK2mFLWFpGi9Y38WNaMEe9o":{"chainKey":{"counter":2,"key":"vUj57X8ngTNevOq4iStmVd4UB3kQNYJ0HLA71O7kZnw="},"chainType":2,"messageKeys":{"1":"cSkWxyd/YHqCHCV0SelnhrvZpWkwhTyofoNIopBEtOw="}},"BaAXnynCW3AyTlGWmQf1HGPCVJjZqLHE7nm8J/buLwUo":{"chainKey":{"counter":-1,"key":"q8jbz1TSmc8QpzqKgzRmsgSWIJUz/DnEVVHMJsODhEk="},"chainType":1,"messageKeys":{}}}}},"version":"v1"}