{"_sessions":{"BTLvJltJPh98Z/aooIS2DErchnJbjKkYWRP0Z1RDp9F5":{"registrationId":150514474,"currentRatchet":{"ephemeralKeyPair":{"pubKey":"Bfn15wV3GKq+FIloGjramF7mkoF8uaGxezbs8z6ltH0d","privKey":"MITERZQ/ehbD68VRhpeJXI95OMr7UHYWqNE/RSuVm0o="},"lastRemoteEphemeralKey":"Bbq7nIg7xePjPLxcxvbNLDPjVzVewapHhu8rvaPjjqA2","previousCounter":0,"rootKey":"zRzAKvZvhd/oQ7IAnLElTivldup0KX46pBXrfULViRM="},"indexInfo":{"baseKey":"BTLvJltJPh98Z/aooIS2DErchnJbjKkYWRP0Z1RDp9F5","baseKeyType":1,"closed":-1,"used":1747229631135,"created":1747229631135,"remoteIdentityKey":"BYgxTKLnbGClUJAiLXcCWqswlUHcVmT8WLQ3Fzi6gNJE"},"_chains":{"Bfn15wV3GKq+FIloGjramF7mkoF8uaGxezbs8z6ltH0d":{"chainKey":{"counter":0,"key":"sSIw05s04M2j96KaQFFSYDv4yfKEFeiXJWzKdBISDFI="},"chainType":1,"messageKeys":{}}},"pendingPreKey":{"signedKeyId":11,"baseKey":"BTLvJltJPh98Z/aooIS2DErchnJbjKkYWRP0Z1RDp9F5","preKeyId":14299243}}},"version":"v1"}