{"_sessions":{"BUEePN9HyZ8FIfCvvN9lOoLJKoMx5Qurk2PblWbg96Z1":{"registrationId":764755154,"currentRatchet":{"ephemeralKeyPair":{"pubKey":"BZSXQVzAWTAhue+F21DLzbAvUPdZpjOJjuvDa0edO6lu","privKey":"ICQrw4xFW591GZ4ZJl5pNZHNJ5/8neY0A4Yf7gq1QlE="},"lastRemoteEphemeralKey":"Ba1gQiTyeTw4bHTMa5nCU1d1Zit7is61YTucI0sGKYJ4","previousCounter":0,"rootKey":"/Jo20qeApLJ9qwJyvs+KgjqszJuZg4ROh74JLVzQXzE="},"indexInfo":{"baseKey":"BUEePN9HyZ8FIfCvvN9lOoLJKoMx5Qurk2PblWbg96Z1","baseKeyType":2,"closed":1747217608020,"used":1747217605587,"created":1747217605587,"remoteIdentityKey":"BYWmf3G6HHn7BSg+pJYuVGxDXe/VQ2y1ar8pByyI3BNk"},"_chains":{"Ba1gQiTyeTw4bHTMa5nCU1d1Zit7is61YTucI0sGKYJ4":{"chainKey":{"counter":2,"key":"RCvnQ2FiwqE4pOo8shXrNtFBMnFibmvCmJjr3gWoA/8="},"chainType":2,"messageKeys":{}},"BZSXQVzAWTAhue+F21DLzbAvUPdZpjOJjuvDa0edO6lu":{"chainKey":{"counter":-1,"key":"8c7Ynbrtiaz0lifyHyY40WHzZWQ+XBmTMHZ1L93vH2s="},"chainType":1,"messageKeys":{}}}},"BWCf11ZzDqCYT1rxwFTK87ZhQVRUU9UA07o41UU+gbJ4":{"registrationId":764755154,"currentRatchet":{"ephemeralKeyPair":{"pubKey":"BUXgv0RqlSwinZzgD8/HafhuVnZofWnKjEXY9I6SryNT","privKey":"UPFFyYCoQadRitFGNQgaPhX3V8O9QDRAlMM73mFfxGA="},"lastRemoteEphemeralKey":"BcEHkVsuFh14drerdqwS0pdx2p/+rnSXNgvUxZNqDlQM","previousCounter":0,"rootKey":"PPbUQcFh0V+o8EQHzr29iKlk3dmKLgzML9oz+1tQh/8="},"indexInfo":{"baseKey":"BWCf11ZzDqCYT1rxwFTK87ZhQVRUU9UA07o41UU+gbJ4","baseKeyType":2,"closed":1747219115396,"used":1747217608022,"created":1747217608022,"remoteIdentityKey":"BYWmf3G6HHn7BSg+pJYuVGxDXe/VQ2y1ar8pByyI3BNk"},"_chains":{"BcEHkVsuFh14drerdqwS0pdx2p/+rnSXNgvUxZNqDlQM":{"chainKey":{"counter":1,"key":"9coYqQwC+H0d94La69Q1OREvDby+3AS9hwGHXWAo3Q4="},"chainType":2,"messageKeys":{}},"BUXgv0RqlSwinZzgD8/HafhuVnZofWnKjEXY9I6SryNT":{"chainKey":{"counter":-1,"key":"kW3g7rYRwcctsJdu3SVeMrXCMOZIieUEJaj9cXcAccc="},"chainType":1,"messageKeys":{}}}},"BXYOTrrjqqUOWH5/o4NDDJwVS5BIG1caFBYiTaYx3dJB":{"registrationId":764755154,"currentRatchet":{"ephemeralKeyPair":{"pubKey":"BR9APTjDoqQ1pGjiD5jhUuJ0FoHC5H0m1CUiXX16w8xg","privKey":"UPW5s0J0eYEuc5MsRM//pcPRL4JRRPNZJa3TcTu1ykI="},"lastRemoteEphemeralKey":"Baf04OXd2Xs6JGPHOR/edM0vxtT6g3NZnQI62eSC7mU5","previousCounter":0,"rootKey":"bHJJoelI5A70ZlrkjR03yVJeViZZ51YV46GqjrXlJtk="},"indexInfo":{"baseKey":"BXYOTrrjqqUOWH5/o4NDDJwVS5BIG1caFBYiTaYx3dJB","baseKeyType":2,"closed":-1,"used":1747219115400,"created":1747219115400,"remoteIdentityKey":"BYWmf3G6HHn7BSg+pJYuVGxDXe/VQ2y1ar8pByyI3BNk"},"_chains":{"Baf04OXd2Xs6JGPHOR/edM0vxtT6g3NZnQI62eSC7mU5":{"chainKey":{"counter":0,"key":"SWhrysmF0FMn1E4Fu7Z5NjTLiToiEaLVieJqlvHlGa4="},"chainType":2,"messageKeys":{}},"BR9APTjDoqQ1pGjiD5jhUuJ0FoHC5H0m1CUiXX16w8xg":{"chainKey":{"counter":-1,"key":"mzgkasqgMnk2b4bPRQQQMj5t6SJSXYfJ+AKNKVd3cgU="},"chainType":1,"messageKeys":{}}}}},"version":"v1"}