{"_sessions":{"BQx6MbMLc+pyjqyJx8Is0zvy9MAnca2HnppnI0SvOhZY":{"registrationId":1244718761,"currentRatchet":{"ephemeralKeyPair":{"pubKey":"BaKZFTsXh+LFloDvt35M4pOmrANGHH9FpgckVk/T/V4C","privKey":"6M/QE9nHgB/pK5bJ1+GzLsdWzYI2EtF901jTsCpzP24="},"lastRemoteEphemeralKey":"BSOPfkw+GoFARHRkyg71qymYuNblI/QhuBCWNlOOOpEE","previousCounter":0,"rootKey":"ZFiE9ah2u0oyzGuUgNoU/ad98N1xfMdscB91q4sHYUM="},"indexInfo":{"baseKey":"BQx6MbMLc+pyjqyJx8Is0zvy9MAnca2HnppnI0SvOhZY","baseKeyType":1,"closed":-1,"used":1747208182575,"created":1747208182575,"remoteIdentityKey":"BfaYoUCB91vg17cxLH2P3uQRnlygFi8D9hJWyhL7Di5z"},"_chains":{"BaKZFTsXh+LFloDvt35M4pOmrANGHH9FpgckVk/T/V4C":{"chainKey":{"counter":1,"key":"PF9m1HSbWXzJLG0+pqAJ+CEWfycLzqxsVYkTjQ7jF/c="},"chainType":1,"messageKeys":{}}},"pendingPreKey":{"signedKeyId":1,"baseKey":"BQx6MbMLc+pyjqyJx8Is0zvy9MAnca2HnppnI0SvOhZY","preKeyId":1700541}}},"version":"v1"}