{"_sessions":{"Bb+7r/8b5bsdLkFIh3AHdCGB1gBB/iZvP98DCdrrrQM6":{"registrationId":2053351340,"currentRatchet":{"ephemeralKeyPair":{"pubKey":"BZosvTYtqufKfhA01ztyaUocpGC+x9fh3HuUPDd3+qQB","privKey":"uN25GTlznWNUx8xP+2Vjl8eTogWg3FAcbspu7BERpkc="},"lastRemoteEphemeralKey":"BfHH2pFi4qY984ZuWY1YgT2OmV12cyc+2N4bsWwPATkC","previousCounter":0,"rootKey":"R8dEQnGdZFNesfJEtgCS17JErs+u+KurPSIaIavbvKY="},"indexInfo":{"baseKey":"Bb+7r/8b5bsdLkFIh3AHdCGB1gBB/iZvP98DCdrrrQM6","baseKeyType":1,"closed":-1,"used":1747210394342,"created":1747210394342,"remoteIdentityKey":"BZK4Ic9vrjiK5BhNg3Lk40tZ8TTlRvjsb/E67UJsZDF/"},"_chains":{"BZosvTYtqufKfhA01ztyaUocpGC+x9fh3HuUPDd3+qQB":{"chainKey":{"counter":0,"key":"mMyOfedUSKWU79AddNWCY7SVvK88z9T8l8eoPSJP6mU="},"chainType":1,"messageKeys":{}}},"pendingPreKey":{"signedKeyId":15,"baseKey":"Bb+7r/8b5bsdLkFIh3AHdCGB1gBB/iZvP98DCdrrrQM6","preKeyId":7949338}}},"version":"v1"}