{"_sessions":{"BcScdgcoaXa06eD1xetf0iYwcBV1+u2CR8UbJ1M34+4B":{"registrationId":5154,"currentRatchet":{"ephemeralKeyPair":{"pubKey":"BcKmSfVwtNn4NRbsu42xI1yM/4xCCFXylCt/ZKGVQPAg","privKey":"SG8AcDlCjU0Ajo/JNmFSF7aPPFd+6MzdnSSgAcVJyXA="},"lastRemoteEphemeralKey":"BTRf6hWrJURbwUvneNezsRBa1E2pxgW1N+nsngZGeqxn","previousCounter":0,"rootKey":"ERE2pxMmZ1TEVA6rKcahDuYtgek5FHnnJhlWWPKemMw="},"indexInfo":{"baseKey":"BcScdgcoaXa06eD1xetf0iYwcBV1+u2CR8UbJ1M34+4B","baseKeyType":1,"closed":-1,"used":1747209564401,"created":1747209564401,"remoteIdentityKey":"BePrSZvJGzIlTSoNhOULSHFWnOi9j60foEFOS55Fn485"},"_chains":{"BcKmSfVwtNn4NRbsu42xI1yM/4xCCFXylCt/ZKGVQPAg":{"chainKey":{"counter":0,"key":"5s4qQLBy4Ugpg9qOdhyYly5qbI6Y4Olq92rW1VaVD9k="},"chainType":1,"messageKeys":{}}},"pendingPreKey":{"signedKeyId":1,"baseKey":"BcScdgcoaXa06eD1xetf0iYwcBV1+u2CR8UbJ1M34+4B"}}},"version":"v1"}