{"_sessions":{"BYC5oQBrEpxc8lW7cAW+x6i6nstGOPU6+fqY4sYuo+B0":{"registrationId":118,"currentRatchet":{"ephemeralKeyPair":{"pubKey":"BVHHmR20BTcwHbnJttF3MozW0lwqCMXnTw23meKc4btB","privKey":"uD2DkR3E0Y5qDyQvSwP+MK0IrXAYoXerLjNRJ2llelw="},"lastRemoteEphemeralKey":"Bf2kEJwK2CmCc84Km/cb3MVqJZ9imp3+3kIHj/syrOFO","previousCounter":0,"rootKey":"P6T5QOJj7KFd3CbXE0UDqN7l14yvnl/iXde9JCPAbUA="},"indexInfo":{"baseKey":"BYC5oQBrEpxc8lW7cAW+x6i6nstGOPU6+fqY4sYuo+B0","baseKeyType":1,"closed":-1,"used":1747219044685,"created":1747219044685,"remoteIdentityKey":"BRcBi0Cvy4Km2NQzGo02nCPC2pTiTZ5aH4SOcQVDcgJJ"},"_chains":{"BVHHmR20BTcwHbnJttF3MozW0lwqCMXnTw23meKc4btB":{"chainKey":{"counter":0,"key":"RlfDmeNqvpNYh8Vx0nTU+orZhYbKVKpDVOiPrK0oD/8="},"chainType":1,"messageKeys":{}}},"pendingPreKey":{"signedKeyId":1,"baseKey":"BYC5oQBrEpxc8lW7cAW+x6i6nstGOPU6+fqY4sYuo+B0"}}},"version":"v1"}