{"_sessions":{"BbeaZyy3lwNQ7FannCqcuCsdYb/vXb2062uKvOLlHJwI":{"registrationId":1174040404,"currentRatchet":{"ephemeralKeyPair":{"pubKey":"BUYkAZerJ7b2+LFG+uqzaSCNW3nXTl9AQdCLWucUCLBl","privKey":"eIfCKo1jpJMgYd3nBCugBWN6Cc3JYPv2pr3/+FnZGkU="},"lastRemoteEphemeralKey":"BZujobQT/1EdiTiWWUjxs7IcaJ2ayZ5Fot0kfByejjkR","previousCounter":0,"rootKey":"MbE6vl88CGqss1V3Scc8ghVtlX1MgD/hHWa4n4xIZ+A="},"indexInfo":{"baseKey":"BbeaZyy3lwNQ7FannCqcuCsdYb/vXb2062uKvOLlHJwI","baseKeyType":1,"closed":-1,"used":1747222182371,"created":1747222182371,"remoteIdentityKey":"BUE6jzqe8AbJq2OnF2XHcxufLT15t4pQ7EgQQ6TeyqRg"},"_chains":{"BUYkAZerJ7b2+LFG+uqzaSCNW3nXTl9AQdCLWucUCLBl":{"chainKey":{"counter":16,"key":"J7/3oh47kMJ9IOfjEYM/86JzMwGCJ72j5Fu+EkJixXE="},"chainType":1,"messageKeys":{}}},"pendingPreKey":{"signedKeyId":0,"baseKey":"BbeaZyy3lwNQ7FannCqcuCsdYb/vXb2062uKvOLlHJwI","preKeyId":15359802}}},"version":"v1"}