{"_sessions":{"BYcxdBIyRXXyqkMMHOJqNhFkIN55Ha5bi5yPmbXUvQ8D":{"registrationId":638624769,"currentRatchet":{"ephemeralKeyPair":{"pubKey":"BTwhGgjx965zKZiFWvGUEGCUc1G7VN5Y4qnQfo5bLZZE","privKey":"kJK3I3+iKdYn0kUdEFNkzxh00CfnaUEjPEVMUBih7GY="},"lastRemoteEphemeralKey":"BSD1PTZxu3S4MrMPMhmBsGiUMXF/xAm7qRUnbjpGZKxI","previousCounter":0,"rootKey":"VgNknSerbOGLHDfmFlpcI+GW4Mk7K9JH15r+AydY+SE="},"indexInfo":{"baseKey":"BYcxdBIyRXXyqkMMHOJqNhFkIN55Ha5bi5yPmbXUvQ8D","baseKeyType":1,"closed":-1,"used":1747219049192,"created":1747219049192,"remoteIdentityKey":"BeYjd18GxBogCMp5YJZcXcpmh9XUSTqvmbezqSJGXs8H"},"_chains":{"BTwhGgjx965zKZiFWvGUEGCUc1G7VN5Y4qnQfo5bLZZE":{"chainKey":{"counter":0,"key":"puozLWqKYdp8JjJqdwMD1weo+K9C+dDbwhJbXOEzDXU="},"chainType":1,"messageKeys":{}}},"pendingPreKey":{"signedKeyId":12,"baseKey":"BYcxdBIyRXXyqkMMHOJqNhFkIN55Ha5bi5yPmbXUvQ8D","preKeyId":4167162}}},"version":"v1"}