{"_sessions":{"BWb5klA4MbdVkQjBOfM/wkm+zqQbOxlBc0uRVtCQwFUC":{"registrationId":823268482,"currentRatchet":{"ephemeralKeyPair":{"pubKey":"BWQwF2Yzg/4qnY4qYrraKqkAfo+0fpxaQPugpzjCA+tD","privKey":"YBFtteHNPkeHqHtxmydjLRHKhNO7aFGpcKrKF6ryGX8="},"lastRemoteEphemeralKey":"BaZn7wo+ARvIAstyWlv+wkhZuTAKkZKir9NgqzvbDtQZ","previousCounter":0,"rootKey":"jpPHi990uTSz0zP9IKpajS1zra55PcE/aQjZKtnW2Ww="},"indexInfo":{"baseKey":"BWb5klA4MbdVkQjBOfM/wkm+zqQbOxlBc0uRVtCQwFUC","baseKeyType":1,"closed":-1,"used":1747229445086,"created":1747229445086,"remoteIdentityKey":"BfifJW8fBcn4lUOtBGoepg5kT6mYpTqDdNXWe6f2kYUZ"},"_chains":{"BWQwF2Yzg/4qnY4qYrraKqkAfo+0fpxaQPugpzjCA+tD":{"chainKey":{"counter":2,"key":"SC7yH/xC3bCei3o0FcYmTNHmAhNqHOsSwnNncJ1s3bs="},"chainType":1,"messageKeys":{}}},"pendingPreKey":{"signedKeyId":2,"baseKey":"BWb5klA4MbdVkQjBOfM/wkm+zqQbOxlBc0uRVtCQwFUC","preKeyId":13029821}}},"version":"v1"}