{"_sessions":{"BTIWuRNbLf+q/Th4Rf1XrP9mM+uNHVuVUn65Tacm1fkq":{"registrationId":273482480,"currentRatchet":{"ephemeralKeyPair":{"pubKey":"BVYKP/Et+eWLmy3djrFtsgN72vmdQVZEPg8wfBeb8OkF","privKey":"EHWB8mhGMXga9EFwc77SuJTtHqVkpYY8+nsv4LXUKlU="},"lastRemoteEphemeralKey":"Be8EjpLs4XAQphUs4j6FWiahR+2LeOgXwXdrYHh95382","previousCounter":0,"rootKey":"dywQtGr/4W9oPondgzfXajcd2IiYJXngSgJo0RYw5ZI="},"indexInfo":{"baseKey":"BTIWuRNbLf+q/Th4Rf1XrP9mM+uNHVuVUn65Tacm1fkq","baseKeyType":1,"closed":-1,"used":1747208249690,"created":1747208249690,"remoteIdentityKey":"BaCztx8C8PhbzN3+khSPnIVhSLRAiEQFI1+1ujlTN21g"},"_chains":{"BVYKP/Et+eWLmy3djrFtsgN72vmdQVZEPg8wfBeb8OkF":{"chainKey":{"counter":2,"key":"zIUN+d5JA90zZosWnG0ow8gBRcN3C+pQGGJHh19VP1w="},"chainType":1,"messageKeys":{}}},"pendingPreKey":{"signedKeyId":1,"baseKey":"BTIWuRNbLf+q/Th4Rf1XrP9mM+uNHVuVUn65Tacm1fkq","preKeyId":6322567}}},"version":"v1"}