{"_sessions":{"Be68sO9aK8tu+MVryBFZ6Z50nxOGfC3VprA4BtlEFjpx":{"registrationId":2069140508,"currentRatchet":{"ephemeralKeyPair":{"pubKey":"BbjOo3eA7tr841Ns/0FrKsN8wLLjpzHfMqfqrzg1yRJV","privKey":"OOgAqTLL3E8eEboobk2IYsWNSIf1QHSxjak3332aHFw="},"lastRemoteEphemeralKey":"BUQpZcyJ6hmQmFy27CRN5xM7IMeoRxaIKZ1QcTdexrVE","previousCounter":0,"rootKey":"B4UcD6Z2C+LlEeDXuXeEgbpsTgq9+wpVFKGI2Oa8wrQ="},"indexInfo":{"baseKey":"Be68sO9aK8tu+MVryBFZ6Z50nxOGfC3VprA4BtlEFjpx","baseKeyType":1,"closed":-1,"used":1747219048940,"created":1747219048940,"remoteIdentityKey":"BegVFplT+y9UTNZHXO3QDWdOAM+wUFB8W8BkIHeeNuFj"},"_chains":{"BbjOo3eA7tr841Ns/0FrKsN8wLLjpzHfMqfqrzg1yRJV":{"chainKey":{"counter":0,"key":"OMYfKel3OtbcX8cwaXULWtXhi593914guBBJQdZmQyg="},"chainType":1,"messageKeys":{}}},"pendingPreKey":{"signedKeyId":1,"baseKey":"Be68sO9aK8tu+MVryBFZ6Z50nxOGfC3VprA4BtlEFjpx","preKeyId":4919408}}},"version":"v1"}