{"_sessions":{"BbcpTR7rp4qKOnDGHGuRht5+2WgrEHCo6dYi1v+3f9Yv":{"registrationId":2050134936,"currentRatchet":{"ephemeralKeyPair":{"pubKey":"Ba2RB+kiZ2PSnIXpMPvRRGaigwS0wk7XuygkM6j7Vzxo","privKey":"0MUbPltWFRoGc2PpOEZLGo+VXKaUZn9oD1x4BVsxG3g="},"lastRemoteEphemeralKey":"Ben7BU+VZN9CVCU0DgWziDO3Nq4wc/ENEd06d9I5eg1a","previousCounter":0,"rootKey":"5kkrdsl0dU7jp+ARd49YE2EGY/yMUYGCqsJCXCMku3Q="},"indexInfo":{"baseKey":"BbcpTR7rp4qKOnDGHGuRht5+2WgrEHCo6dYi1v+3f9Yv","baseKeyType":2,"closed":-1,"used":1747225476225,"created":1747225476225,"remoteIdentityKey":"BU8l5vjRa/J9dgqf2QsISGUiNi5HK9YvNsuCbH4BQ7V/"},"_chains":{"Ben7BU+VZN9CVCU0DgWziDO3Nq4wc/ENEd06d9I5eg1a":{"chainKey":{"counter":0,"key":"ax75d1rgbv/B6nCpopiJtr/hQKJMc3c+3cB2Fc1+fUg="},"chainType":2,"messageKeys":{}},"Ba2RB+kiZ2PSnIXpMPvRRGaigwS0wk7XuygkM6j7Vzxo":{"chainKey":{"counter":-1,"key":"A30W7wwEjJjaB0St1wzG8gaEQDgeLoz7cOuwU5viZkA="},"chainType":1,"messageKeys":{}}}}},"version":"v1"}