{"_sessions":{"BRxFh+CmcXNCqnmmQF4X4aQA5pwBFtK3YA0qjkj5eYY9":{"registrationId":1840461482,"currentRatchet":{"ephemeralKeyPair":{"pubKey":"BZ9FGkCsa82e0VspFeeWAptEl6bUuHYAiH4D57LMESt/","privKey":"EIbX8a+OtfaiTey8hMQFJljH5gtlRjADzqnLMgrSW3I="},"lastRemoteEphemeralKey":"Bc7NL0ubKQ53j2i6xUErHmh7/k5qLI7wErEdprTefRp1","previousCounter":0,"rootKey":"N3NFhwGnM96pDvGxZ7kJJnP3RES8e/o+TumtT1BciKA="},"indexInfo":{"baseKey":"BRxFh+CmcXNCqnmmQF4X4aQA5pwBFtK3YA0qjkj5eYY9","baseKeyType":1,"closed":-1,"used":1747219049180,"created":1747219049180,"remoteIdentityKey":"BYx5Y+J6PeKHz7HclWfgwA5QtIgCTfWYt4BUV+y7KDBe"},"_chains":{"BZ9FGkCsa82e0VspFeeWAptEl6bUuHYAiH4D57LMESt/":{"chainKey":{"counter":0,"key":"QcokFYEk9ur7kD4YiTxFmBUSLCx+0uxptt8jmGvsaVE="},"chainType":1,"messageKeys":{}}},"pendingPreKey":{"signedKeyId":1,"baseKey":"BRxFh+CmcXNCqnmmQF4X4aQA5pwBFtK3YA0qjkj5eYY9","preKeyId":2731775}}},"version":"v1"}