{"_sessions":{"BcbkLmPPigt3pvgW0SOufoBat36yFH88du68CFS7/xkj":{"registrationId":580667713,"currentRatchet":{"ephemeralKeyPair":{"pubKey":"BdEVVcRB6C5Lup6EmjKtYrPx/zm/4nyicVGn6QTNEm4a","privKey":"OC63292KjP3J5Pi0/B4L9V2/uEjQ8jx8jFr66FlJwUk="},"lastRemoteEphemeralKey":"BeV+zCFiwH4vvYbZAXPltH1gWXy+qwzpRSFHXogw+plG","previousCounter":0,"rootKey":"luOsMO2k362gkGPMlEoVpn2zfWi67QeiyoNcCngmHPM="},"indexInfo":{"baseKey":"BcbkLmPPigt3pvgW0SOufoBat36yFH88du68CFS7/xkj","baseKeyType":1,"closed":-1,"used":1747219048885,"created":1747219048885,"remoteIdentityKey":"BQP+qmM4Uge6en7yX1v/ubZ6Ug8XXHXLpRN7gGjmMeZN"},"_chains":{"BdEVVcRB6C5Lup6EmjKtYrPx/zm/4nyicVGn6QTNEm4a":{"chainKey":{"counter":0,"key":"eSIikWGIKyUE2iW81TH4vgrHMFBAaWzoNo+FiLv5h64="},"chainType":1,"messageKeys":{}}},"pendingPreKey":{"signedKeyId":0,"baseKey":"BcbkLmPPigt3pvgW0SOufoBat36yFH88du68CFS7/xkj","preKeyId":9928062}}},"version":"v1"}