{"_sessions":{"BZxy87MLX7OF44sv9lcg/6GpuvBSkTvh9Hopweu1Nxs/":{"registrationId":99,"currentRatchet":{"ephemeralKeyPair":{"pubKey":"BXrtfsW4k1mVavE3L6WeEioK9qX++nfUoUQZOb6/h1Mo","privKey":"QA6+uGNl+NO9Ra4l4rF0yBFyBx6LBz0chCm3YrrPOlQ="},"lastRemoteEphemeralKey":"BTKxiQbRa+lqe29ho6wPci7IvhcfpZvwo8gFUjoUK7F0","previousCounter":0,"rootKey":"SxwqICAarBBEg1EILxNW8bGLb/3Bsv9vYzgrvXQkruw="},"indexInfo":{"baseKey":"BZxy87MLX7OF44sv9lcg/6GpuvBSkTvh9Hopweu1Nxs/","baseKeyType":1,"closed":-1,"used":1747207239961,"created":1747207239961,"remoteIdentityKey":"BeYDxa7XHPLQopjHir8CnayEU7PrU3Ri3AZVLi2OxGVE"},"_chains":{"BXrtfsW4k1mVavE3L6WeEioK9qX++nfUoUQZOb6/h1Mo":{"chainKey":{"counter":7,"key":"3rHuTIDuEl8H19fa2R03koFimteU/3k1LP/UWy1HWjk="},"chainType":1,"messageKeys":{}}},"pendingPreKey":{"signedKeyId":1,"baseKey":"BZxy87MLX7OF44sv9lcg/6GpuvBSkTvh9Hopweu1Nxs/"}}},"version":"v1"}