{"_sessions":{"BS0pp8TaprG83ArH6hIa6D0Anl1Uk25l1RnRV+30Twg+":{"registrationId":1884618735,"currentRatchet":{"ephemeralKeyPair":{"pubKey":"BfFzCkDJVgDmcfIceVkyMsXO2h8GV+PtrQaeJlbUIxdV","privKey":"wBiwK0ZQWm9M2jvcdo2UnE3lvcuJvAKBoCMS46Z0jnE="},"lastRemoteEphemeralKey":"BZqnZaAJiqcT9eomaMiKDCeVJw3F8ujWHhvbIJ6f7XM8","previousCounter":0,"rootKey":"AwaQKvet7XU8mzEAeONVsjOLJ3Az2u+rJTSKRVAcEJs="},"indexInfo":{"baseKey":"BS0pp8TaprG83ArH6hIa6D0Anl1Uk25l1RnRV+30Twg+","baseKeyType":1,"closed":-1,"used":1747209564474,"created":1747209564474,"remoteIdentityKey":"BWbmAojCXoqT2Xlc5Kw4j4pFuOOjB2hZ8Txg4vxmTwVD"},"_chains":{"BfFzCkDJVgDmcfIceVkyMsXO2h8GV+PtrQaeJlbUIxdV":{"chainKey":{"counter":0,"key":"QXsGlLOj32Z9h3iFz4ampUbJBRjLrev0RugJDgL9lvU="},"chainType":1,"messageKeys":{}}},"pendingPreKey":{"signedKeyId":19,"baseKey":"BS0pp8TaprG83ArH6hIa6D0Anl1Uk25l1RnRV+30Twg+"}}},"version":"v1"}