{"_sessions":{"BRFnTB99Q4SfYkpQFhWbryiyoCak0KxNFOFhrznurNVE":{"registrationId":772707402,"currentRatchet":{"ephemeralKeyPair":{"pubKey":"BZfz10pXsnV9TGYNJDyaeLRhI+gsTARUEPk1Cqa6kBZ5","privKey":"UFIwfH4HAEJoBcXvIx+U3te6Mebhxxu1ihYqtHXiuUI="},"lastRemoteEphemeralKey":"BQMjGysQpKuJVMkfd5/LWDRpTC8QJlzChN6mgUqie6UV","previousCounter":0,"rootKey":"XHvXoQr4w5KUuAFYKxnkhmVzcoxwEGIC7IioeHKb6PI="},"indexInfo":{"baseKey":"BRFnTB99Q4SfYkpQFhWbryiyoCak0KxNFOFhrznurNVE","baseKeyType":1,"closed":-1,"used":1747219045051,"created":1747219045051,"remoteIdentityKey":"BUjpI7W3mroWG+VMgRpb2HvbObBfnZCPjdLfiAqXFp09"},"_chains":{"BZfz10pXsnV9TGYNJDyaeLRhI+gsTARUEPk1Cqa6kBZ5":{"chainKey":{"counter":0,"key":"wpYIO4cGY/Xy9FUa4QBhIjBWV9VowF0mig2UiuFRe7g="},"chainType":1,"messageKeys":{}}},"pendingPreKey":{"signedKeyId":2,"baseKey":"BRFnTB99Q4SfYkpQFhWbryiyoCak0KxNFOFhrznurNVE"}}},"version":"v1"}