{"_sessions":{"BbJRuMWKa5nEqyzsvMRJS9N8z1Eo5gnI1AgzcVHJTaNZ":{"registrationId":1977118016,"currentRatchet":{"ephemeralKeyPair":{"pubKey":"BfyPMj5dkC48BYCOyK+9JmaM3bJqCcCVDb55qQ0PQ8RO","privKey":"sDujQXt3u8QsorPc8eEdJaqCaHz5CThMkINwqclSZVE="},"lastRemoteEphemeralKey":"BYR0nA185sQkKNJCCPxNKNrYn0xVoYrzCCADrbMgVrBX","previousCounter":0,"rootKey":"/tvF+zHSYcG8xsINnSWzE7Os+AacgQYVQNIS7zJPhgA="},"indexInfo":{"baseKey":"BbJRuMWKa5nEqyzsvMRJS9N8z1Eo5gnI1AgzcVHJTaNZ","baseKeyType":1,"closed":-1,"used":1747219047297,"created":1747219047297,"remoteIdentityKey":"BYlEmyD6ulcBhc4DTzp7P1EcmhM27rJekTDyi6I4wAss"},"_chains":{"BfyPMj5dkC48BYCOyK+9JmaM3bJqCcCVDb55qQ0PQ8RO":{"chainKey":{"counter":0,"key":"fWALRPXPv87dGYziMoAx21+rH9hjQW9Giv6VlfKgpAU="},"chainType":1,"messageKeys":{}}},"pendingPreKey":{"signedKeyId":1,"baseKey":"BbJRuMWKa5nEqyzsvMRJS9N8z1Eo5gnI1AgzcVHJTaNZ","preKeyId":11668351}}},"version":"v1"}