{"_sessions":{"BdGuLcZ48BeREvZ0l1wp878xv+rwpDNOpEzyRHGOm1xp":{"registrationId":1290484300,"currentRatchet":{"ephemeralKeyPair":{"pubKey":"BThWZulJt3/B6qg33h4sQYaUOYbqMf15YMFan0KQg0YQ","privKey":"8D3Zd7uttTdbNVv4sIOLTiv9O2TtX4NElL+ML9Ko2FI="},"lastRemoteEphemeralKey":"BfBddEnrrWDz6GpHy8ZTSEEkMlRDoWdOOqi1zASVkONj","previousCounter":0,"rootKey":"TLOF6F//reW99BBaZl1qxAZkdHYvQS3E42mHIXgRzng="},"indexInfo":{"baseKey":"BdGuLcZ48BeREvZ0l1wp878xv+rwpDNOpEzyRHGOm1xp","baseKeyType":1,"closed":-1,"used":1747219047037,"created":1747219047037,"remoteIdentityKey":"Bcd8BpUC1I/9Mmer4QERYdZWq+z6I0W4K9pTPk+WYf9M"},"_chains":{"BThWZulJt3/B6qg33h4sQYaUOYbqMf15YMFan0KQg0YQ":{"chainKey":{"counter":0,"key":"ph3ZAeUGWe+CiG2TpJAq6snCMfcYt6BkX6QqLIKBgwA="},"chainType":1,"messageKeys":{}}},"pendingPreKey":{"signedKeyId":2,"baseKey":"BdGuLcZ48BeREvZ0l1wp878xv+rwpDNOpEzyRHGOm1xp","preKeyId":15562694}}},"version":"v1"}