{"_sessions":{"BQZf9bB08+v/w5e1RKgr6NvmdvJq793ou2FthbFAd/lk":{"registrationId":2086861957,"currentRatchet":{"ephemeralKeyPair":{"pubKey":"BeuSxGtLBXKebuXj08kG096ukurzMrhIsyhWmE7zi5hl","privKey":"mFDjzg22VxRARgpS3VkKPSlbhZ3H/Sba+zef31z5RkY="},"lastRemoteEphemeralKey":"BVGzr/6VQrbSc4E8Sig/QkAwAUboOMtanNpr7LTWdlEM","previousCounter":0,"rootKey":"U/ExIoZhY6JHFuCC1aodQxwWprhROEuYn7cBvjJNuPQ="},"indexInfo":{"baseKey":"BQZf9bB08+v/w5e1RKgr6NvmdvJq793ou2FthbFAd/lk","baseKeyType":2,"closed":1747231923955,"used":1747223855953,"created":1747223855953,"remoteIdentityKey":"BfumBwA+fx76i0G98bdiajvpx9y33uuUpoKbhAR38QZQ"},"_chains":{"BVGzr/6VQrbSc4E8Sig/QkAwAUboOMtanNpr7LTWdlEM":{"chainKey":{"counter":1,"key":"zHiA+HoKG2Q/ic0UCszlWBjtbuy0iRbaI4zzyI6xhFA="},"chainType":2,"messageKeys":{}},"BeuSxGtLBXKebuXj08kG096ukurzMrhIsyhWmE7zi5hl":{"chainKey":{"counter":-1,"key":"V8Aitz8mvaRE7quU3XWtIK5Vp7m9g/93KZC9s1TJ9Wo="},"chainType":1,"messageKeys":{}}}},"BYHqmgyr/uUnHIoSaS29NGACHRoczuHN5NhjVZdzJI0M":{"registrationId":2086861957,"currentRatchet":{"ephemeralKeyPair":{"pubKey":"BR+Dm8e0LHCLUZ8ob8c/ScO0XJQM/Pd4iZVRrSbf+PNa","privKey":"mGDYCLdBKrKdnvgUBfY8npk85alXAUw2Mq+L29aGu18="},"lastRemoteEphemeralKey":"BWlTPK5eevKEw5UYKkj3EQaAR63GQWpmSIh93FoswoUW","previousCounter":0,"rootKey":"j9dP840MM1y9A3erMZza1iZlyk7RVbh+YzCjDihcXdo="},"indexInfo":{"baseKey":"BYHqmgyr/uUnHIoSaS29NGACHRoczuHN5NhjVZdzJI0M","baseKeyType":2,"closed":1747232131116,"used":1747231923958,"created":1747231923958,"remoteIdentityKey":"BfumBwA+fx76i0G98bdiajvpx9y33uuUpoKbhAR38QZQ"},"_chains":{"BWlTPK5eevKEw5UYKkj3EQaAR63GQWpmSIh93FoswoUW":{"chainKey":{"counter":0,"key":"A5bJbgNbainF0tZkOGaDzwM8PGBl0ZHy+CBVquk1ZWs="},"chainType":2,"messageKeys":{}},"BR+Dm8e0LHCLUZ8ob8c/ScO0XJQM/Pd4iZVRrSbf+PNa":{"chainKey":{"counter":-1,"key":"RGA66BSoEZWpO3xhbe3WZixsE9MH1d+upnG6Yj5FqH0="},"chainType":1,"messageKeys":{}}}},"BQbILe+puuvhSVEqS67KCLWIfc7nc89sOLCmaSC9ANQ1":{"registrationId":2086861957,"currentRatchet":{"ephemeralKeyPair":{"pubKey":"BeE+ivzxZEuFy9/eGx93FvPmuEcGUI/brBXqKkoa5Ws/","privKey":"cI0QoIuVtSWnNjzEJ3W4Jlaaa0N5Pd9Hh3DYtWXWqm0="},"lastRemoteEphemeralKey":"BWPc5KB1sSM5F/xoj6BGwEm9RY5u65AbMT554MjdL4tW","previousCounter":0,"rootKey":"S7EPA0RYVpQ1TGgzc/VTAdQnJVxneZFUiDWdWYLqERc="},"indexInfo":{"baseKey":"BQbILe+puuvhSVEqS67KCLWIfc7nc89sOLCmaSC9ANQ1","baseKeyType":2,"closed":-1,"used":1747232131118,"created":1747232131118,"remoteIdentityKey":"BfumBwA+fx76i0G98bdiajvpx9y33uuUpoKbhAR38QZQ"},"_chains":{"BWPc5KB1sSM5F/xoj6BGwEm9RY5u65AbMT554MjdL4tW":{"chainKey":{"counter":0,"key":"rWEXncLMBJEsQANyFMnSwL9fG2vJ14e6bjk2TXdxjms="},"chainType":2,"messageKeys":{}},"BeE+ivzxZEuFy9/eGx93FvPmuEcGUI/brBXqKkoa5Ws/":{"chainKey":{"counter":-1,"key":"rPkxtBomfBpLRJkwl1SX+938+00+iWETgVyiWJ7gPyY="},"chainType":1,"messageKeys":{}}}}},"version":"v1"}