{"_sessions":{"BZ8iHhf+d0oG7LXUGTLPevQ0qJjloCYwh0PUzGw4CdFH":{"registrationId":1463545495,"currentRatchet":{"ephemeralKeyPair":{"pubKey":"BRXVc20ViKpD0TzFtzhAkAEu74HXAekzzB6Cd5PN+bk9","privKey":"uPZM8TvXCSDwJ8Lv0kGyqPAJ8PzI8vxIa1WDP3siEEM="},"lastRemoteEphemeralKey":"BUH/EhrgzFwXjblgfBED5da8vIiFZ5UkdGhxhUhiMIM/","previousCounter":0,"rootKey":"ZnEy1KiisGgCqaUTmLk/Z3V5RanJ1gkOPyWWNCk4udQ="},"indexInfo":{"baseKey":"BZ8iHhf+d0oG7LXUGTLPevQ0qJjloCYwh0PUzGw4CdFH","baseKeyType":1,"closed":1747232017582,"used":1747222182415,"created":1747222182415,"remoteIdentityKey":"BboBA2wCsgvJ0gFpigN9V3DPO9yTPoZRbv6gbNJm6FQQ"},"_chains":{"BRXVc20ViKpD0TzFtzhAkAEu74HXAekzzB6Cd5PN+bk9":{"chainKey":{"counter":9,"key":"9fztPaxyEtUTRyL0E2vR4GU6r4eA2jcNRa/GhmEqcIQ="},"chainType":1,"messageKeys":{}}},"pendingPreKey":{"signedKeyId":2,"baseKey":"BZ8iHhf+d0oG7LXUGTLPevQ0qJjloCYwh0PUzGw4CdFH","preKeyId":9234632}},"BX6NhqqV5LfAEqVZqlFaPxjmfuJrUWHSufe5QzvsxwoT":{"registrationId":1463545495,"currentRatchet":{"ephemeralKeyPair":{"pubKey":"BaZxRJC398/UC3nwjxCfVMrIv/EWL6xUYBvxDEfCN3Qy","privKey":"IGNIjGLB1GRGlTwg//bn/+eX2CQ66H0iUroWLAkC0Uk="},"lastRemoteEphemeralKey":"BUH/EhrgzFwXjblgfBED5da8vIiFZ5UkdGhxhUhiMIM/","previousCounter":0,"rootKey":"6WY6KkUZ93Iuycttj1lk1lskToJkYGVrDMX5rLsuHm8="},"indexInfo":{"baseKey":"BX6NhqqV5LfAEqVZqlFaPxjmfuJrUWHSufe5QzvsxwoT","baseKeyType":1,"closed":1747233028423,"used":1747232017581,"created":1747232017581,"remoteIdentityKey":"BboBA2wCsgvJ0gFpigN9V3DPO9yTPoZRbv6gbNJm6FQQ"},"_chains":{"BaZxRJC398/UC3nwjxCfVMrIv/EWL6xUYBvxDEfCN3Qy":{"chainKey":{"counter":3,"key":"JOxhJrrMG/NB7RwiU+FYZfSjgUq/yCO6fPzaYWR495Y="},"chainType":1,"messageKeys":{}}},"pendingPreKey":{"signedKeyId":2,"baseKey":"BX6NhqqV5LfAEqVZqlFaPxjmfuJrUWHSufe5QzvsxwoT","preKeyId":9235208}},"Baz5cyXUNRereAuUBb5I2UZ31oV5EOFQ4IKya2f3ER0N":{"registrationId":1463545495,"currentRatchet":{"ephemeralKeyPair":{"pubKey":"BT8olkjI4NydDA213ZO65wX+J9QxbrDQxHtom240mJdU","privKey":"EGM72nsfDTpI0SsEXnbAnbIlKi4CQISvjDbFFxj99FI="},"lastRemoteEphemeralKey":"BUH/EhrgzFwXjblgfBED5da8vIiFZ5UkdGhxhUhiMIM/","previousCounter":0,"rootKey":"7VQN8Gxi5IkHbNMU21WloLK1TcMhnbMglBIpusuiQSY="},"indexInfo":{"baseKey":"Baz5cyXUNRereAuUBb5I2UZ31oV5EOFQ4IKya2f3ER0N","baseKeyType":1,"closed":-1,"used":1747233028421,"created":1747233028421,"remoteIdentityKey":"BboBA2wCsgvJ0gFpigN9V3DPO9yTPoZRbv6gbNJm6FQQ"},"_chains":{"BT8olkjI4NydDA213ZO65wX+J9QxbrDQxHtom240mJdU":{"chainKey":{"counter":2,"key":"i3V4gbbZ07kGxHRkW+eOJD2l5LAGvpt6/lQUsqhUtko="},"chainType":1,"messageKeys":{}}},"pendingPreKey":{"signedKeyId":2,"baseKey":"Baz5cyXUNRereAuUBb5I2UZ31oV5EOFQ4IKya2f3ER0N","preKeyId":9234957}}},"version":"v1"}