{"_sessions":{"BT5LF/IxZrF3HRGWGo5U0m2RWrtR8IoUIMG5IrSt9cEA":{"registrationId":88865987,"currentRatchet":{"ephemeralKeyPair":{"pubKey":"BSi4ki2/t77muuc2uP2MjtXsxVc/yN0BrK2DKCfYWRQd","privKey":"WGmxJ+H6hp86/FNK0EwoVHzMemE3K5DNIYMPrNxS9V8="},"lastRemoteEphemeralKey":"BRA7TpYPdh4OpXIlXn5Ga2tlJZcZ97Tft3TLyfuhF+Ng","previousCounter":0,"rootKey":"yQ1xt7XA5HnZ3B3eo5ZOlzJ7nqLIeP+hVCLoVwOULLM="},"indexInfo":{"baseKey":"BT5LF/IxZrF3HRGWGo5U0m2RWrtR8IoUIMG5IrSt9cEA","baseKeyType":1,"closed":-1,"used":1747229631152,"created":1747229631152,"remoteIdentityKey":"BUeAoyUBN3pXQAhrKDtuCf33oRAPgfvyQ+cIvQhSSHsc"},"_chains":{"BSi4ki2/t77muuc2uP2MjtXsxVc/yN0BrK2DKCfYWRQd":{"chainKey":{"counter":0,"key":"+uFeHlolFTlLVwmXhmCPwdsRmqUGO7LfxO7V1328s1s="},"chainType":1,"messageKeys":{}}},"pendingPreKey":{"signedKeyId":4,"baseKey":"BT5LF/IxZrF3HRGWGo5U0m2RWrtR8IoUIMG5IrSt9cEA","preKeyId":5260782}}},"version":"v1"}