{"_sessions":{"BZbbAdyuYW3XwbZpbxS+lrGhNeJlX458l/gEy2feKadi":{"registrationId":207826517,"currentRatchet":{"ephemeralKeyPair":{"pubKey":"BQH+NIp9WWWYdPIMeMeOI+iWBgP88AW+ql46sJBGi4Js","privKey":"gO+Hx22aomTkquDCwe+5fuA4aaj4RPFPucV5HBLMNVk="},"lastRemoteEphemeralKey":"BcDzAi8tjCvBlJ2AfQGBsaRfIn0A5jRfhbbOzu2Y/Y9L","previousCounter":0,"rootKey":"fI4a7qW3zhOSjT5cZTWo3ckJxcLMRCAWU3lQg9Sb/Wc="},"indexInfo":{"baseKey":"BZbbAdyuYW3XwbZpbxS+lrGhNeJlX458l/gEy2feKadi","baseKeyType":1,"closed":-1,"used":1747219049203,"created":1747219049203,"remoteIdentityKey":"BWBzdKvgb5FAhnb8NN/xEKb7im245XoToq53mjyNCfwD"},"_chains":{"BQH+NIp9WWWYdPIMeMeOI+iWBgP88AW+ql46sJBGi4Js":{"chainKey":{"counter":0,"key":"pjKbmuCkBA92e3KLcnMkRfi+hrKSzUhGGNNlKGKPKqI="},"chainType":1,"messageKeys":{}}},"pendingPreKey":{"signedKeyId":34,"baseKey":"BZbbAdyuYW3XwbZpbxS+lrGhNeJlX458l/gEy2feKadi"}}},"version":"v1"}