{"_sessions":{"BSwtNwxISjZ2NpJhPXqQJhzh7ALT2BQPai8tc/MjeKh3":{"registrationId":1759415367,"currentRatchet":{"ephemeralKeyPair":{"pubKey":"BVz5wXAS9p07M2bKz1+HSC1LFvtryzB/guetE67f82ll","privKey":"8MArMCxBtGDiatKoVLIBzX2d+xieCkCGMMCoB2SF+kE="},"lastRemoteEphemeralKey":"BXyu4WDZn+YYlBSaYalw9a7UM/XF13zmk7AAaFq4Yz9W","previousCounter":0,"rootKey":"Gmad6NjPVu9Uavh0IN8PRyMlH/Wtqk4D5oBd2RkGPIc="},"indexInfo":{"baseKey":"BSwtNwxISjZ2NpJhPXqQJhzh7ALT2BQPai8tc/MjeKh3","baseKeyType":1,"closed":-1,"used":1747219050641,"created":1747219050641,"remoteIdentityKey":"BWC7DV7NSS0z8KAHAQUSFRLyePZM/IZkgNL+hXXzX741"},"_chains":{"BVz5wXAS9p07M2bKz1+HSC1LFvtryzB/guetE67f82ll":{"chainKey":{"counter":0,"key":"lej3dhprwfyWyCN0b00FboCbmx8R6TfW1iNctjTpn+k="},"chainType":1,"messageKeys":{}}},"pendingPreKey":{"signedKeyId":0,"baseKey":"BSwtNwxISjZ2NpJhPXqQJhzh7ALT2BQPai8tc/MjeKh3","preKeyId":11481311}}},"version":"v1"}