{"_sessions":{"BSaxltbUo7iZZ8yvptlXO99IIKAfRo55GTemlgaaTe05":{"registrationId":1514118214,"currentRatchet":{"ephemeralKeyPair":{"pubKey":"BadqLOmNOo+tPiwVtGBb9hl+XmYwkxrNdXH5EUYGIcZ+","privKey":"cNQdoQvS0SO4ouUcS6ITahHMqJ0NSSANyQqyasOPsEY="},"lastRemoteEphemeralKey":"BQUrJVATl1+/pcudl4bhcIgnqtuxVkladYSj2d+k7rhv","previousCounter":0,"rootKey":"Hpx0cwdgFK62pQSkk8RNiSeBmbogn391+hla/Mv3Y88="},"indexInfo":{"baseKey":"BSaxltbUo7iZZ8yvptlXO99IIKAfRo55GTemlgaaTe05","baseKeyType":2,"closed":1747232149689,"used":1747228195474,"created":1747228195474,"remoteIdentityKey":"BRqATijuuH2PLaQZ9wtOBaAhqQE6M2Irp0DBZLEX0HgF"},"_chains":{"BQUrJVATl1+/pcudl4bhcIgnqtuxVkladYSj2d+k7rhv":{"chainKey":{"counter":0,"key":"sW17lY5/nq718arZM48WKwBS2q9R+AxVAHIE3LZO1NM="},"chainType":2,"messageKeys":{}},"BadqLOmNOo+tPiwVtGBb9hl+XmYwkxrNdXH5EUYGIcZ+":{"chainKey":{"counter":-1,"key":"FINRfbBbRMAHKZOAcwusxGFCCQTav+GztBQ14DNFz8M="},"chainType":1,"messageKeys":{}}}},"BU0Nrff+EcnRRMTS7PcYoRZXkn8jQj60EtZ2Kg/QrhoD":{"registrationId":1514118214,"currentRatchet":{"ephemeralKeyPair":{"pubKey":"BWq1eRQW0fLrGU+gyiUNiXkc2/+W/QjKP2M/rSB69HM/","privKey":"gJURQ1iyZW2CNtN2Idnni/A551glyzMzE046/CDjaFU="},"lastRemoteEphemeralKey":"BUK6tHB8IKAHqSpbAoIMwRUfc93S1JRug43zYc8j6MMj","previousCounter":0,"rootKey":"H/ino6wV2xAgGWnG5EHeaBKgWKLHZXDddVtpJGX7u3g="},"indexInfo":{"baseKey":"BU0Nrff+EcnRRMTS7PcYoRZXkn8jQj60EtZ2Kg/QrhoD","baseKeyType":2,"closed":-1,"used":1747232149691,"created":1747232149691,"remoteIdentityKey":"BRqATijuuH2PLaQZ9wtOBaAhqQE6M2Irp0DBZLEX0HgF"},"_chains":{"BUK6tHB8IKAHqSpbAoIMwRUfc93S1JRug43zYc8j6MMj":{"chainKey":{"counter":0,"key":"l1hNG8GMEJbpNBMjEEPRrY6moV7poypMXt/1vNdAwVA="},"chainType":2,"messageKeys":{}},"BWq1eRQW0fLrGU+gyiUNiXkc2/+W/QjKP2M/rSB69HM/":{"chainKey":{"counter":-1,"key":"egSGxk/Lz9MoykIlWQnWRRo5aDbIb8rfhL0TL7P7dKs="},"chainType":1,"messageKeys":{}}}}},"version":"v1"}