{"_sessions":{"Bb6xszhKREze5+qthmH9x+PdZxbqOxBxxHj/2tsoW5lO":{"registrationId":1535421015,"currentRatchet":{"ephemeralKeyPair":{"pubKey":"BbqdXJh0ZyFt9c+jcW4EeKN3wnDNfXAUsWLO/GCuvPs4","privKey":"GPJUA7ehd9Xp3LaGBJUli1Bhl7TcVqPaDli8yqEj3UQ="},"lastRemoteEphemeralKey":"BYboMqj0TXl3vpRdzSDlgDITjOrPOuW6F+I/spoKVehI","previousCounter":0,"rootKey":"SsaqqMlSzv1okrYxujbl01e+S7y5wp9YawUrAmS6Fx4="},"indexInfo":{"baseKey":"Bb6xszhKREze5+qthmH9x+PdZxbqOxBxxHj/2tsoW5lO","baseKeyType":1,"closed":1747222190308,"used":1747222182383,"created":1747222182383,"remoteIdentityKey":"BW4ggryRgBsyWZLrbeTj0xGzE5JBOOXOXqjoLDxx6+1a"},"_chains":{"BbqdXJh0ZyFt9c+jcW4EeKN3wnDNfXAUsWLO/GCuvPs4":{"chainKey":{"counter":1,"key":"+aGb/cXAFUS7SQChrJB4g4jPmj1w9qK8qtV/cnQtwbI="},"chainType":1,"messageKeys":{}}},"pendingPreKey":{"signedKeyId":4,"baseKey":"Bb6xszhKREze5+qthmH9x+PdZxbqOxBxxHj/2tsoW5lO","preKeyId":8832904}},"BZMaz+rBS7YA3GOvM7bVxoFA+Lawsp4dgpL26jUnCW9q":{"registrationId":1535421015,"currentRatchet":{"ephemeralKeyPair":{"pubKey":"BaNMlFaHEd41R5vcsu3sGQdl62c9iASfMCKlI4ZJ3gYq","privKey":"uO9PdzqsHHzrhzjvifsH73N9y9d9RcXK8ziCd0oGUVs="},"lastRemoteEphemeralKey":"BYboMqj0TXl3vpRdzSDlgDITjOrPOuW6F+I/spoKVehI","previousCounter":0,"rootKey":"SpOpTWSJqq8QXJIUNtQqSp3lGa+I52UzIyzESsk67gs="},"indexInfo":{"baseKey":"BZMaz+rBS7YA3GOvM7bVxoFA+Lawsp4dgpL26jUnCW9q","baseKeyType":1,"closed":1747227286543,"used":1747222190306,"created":1747222190306,"remoteIdentityKey":"BW4ggryRgBsyWZLrbeTj0xGzE5JBOOXOXqjoLDxx6+1a"},"_chains":{"BaNMlFaHEd41R5vcsu3sGQdl62c9iASfMCKlI4ZJ3gYq":{"chainKey":{"counter":1,"key":"oR+e0nBDHvntsKIbLp0SiiRu40seA4/TYLOpFdhLXGg="},"chainType":1,"messageKeys":{}}},"pendingPreKey":{"signedKeyId":4,"baseKey":"BZMaz+rBS7YA3GOvM7bVxoFA+Lawsp4dgpL26jUnCW9q","preKeyId":8833386}},"BZuC0Me4Bs+IAW6TLooyN/JFbfFho4yNk3QNyJXfjLQg":{"registrationId":1535421015,"currentRatchet":{"ephemeralKeyPair":{"pubKey":"BYkuwbvJi+j+9CII3+ueNXax2yDuRboqhtcQwjLEl2Vq","privKey":"MBpMQeGnEIwcs3tg2gM/aDDndZkWfl2v+0Ei3a1qMUM="},"lastRemoteEphemeralKey":"BYboMqj0TXl3vpRdzSDlgDITjOrPOuW6F+I/spoKVehI","previousCounter":0,"rootKey":"UMLDJc7pBSDKnuAPnMmrF8yIxWuvCsjs/4bLPm7554M="},"indexInfo":{"baseKey":"BZuC0Me4Bs+IAW6TLooyN/JFbfFho4yNk3QNyJXfjLQg","baseKeyType":1,"closed":1747232015903,"used":1747227286542,"created":1747227286542,"remoteIdentityKey":"BW4ggryRgBsyWZLrbeTj0xGzE5JBOOXOXqjoLDxx6+1a"},"_chains":{"BYkuwbvJi+j+9CII3+ueNXax2yDuRboqhtcQwjLEl2Vq":{"chainKey":{"counter":5,"key":"tIBn1ggRD4Uqk+8j0eB4qFJoIsPy1YqevoKJtBsn06s="},"chainType":1,"messageKeys":{}}},"pendingPreKey":{"signedKeyId":4,"baseKey":"BZuC0Me4Bs+IAW6TLooyN/JFbfFho4yNk3QNyJXfjLQg","preKeyId":8833361}},"Ba8pYur4VbtaW4hKqw/LWIjcFdUiaZoxF+affvfLRkwP":{"registrationId":1535421015,"currentRatchet":{"ephemeralKeyPair":{"pubKey":"BWNtyF6hDAork5vcevBPmDntgUMT4U5dJOd/gQOGh/Rf","privKey":"uF3ICBKzg+gH4ocaqDPc5G4tzUB2V8A1EPYeOa+KNn8="},"lastRemoteEphemeralKey":"BYboMqj0TXl3vpRdzSDlgDITjOrPOuW6F+I/spoKVehI","previousCounter":0,"rootKey":"atmxie6H59TicTcP6ZrUEY9ytKcF/UUOxIjK5TbslI4="},"indexInfo":{"baseKey":"Ba8pYur4VbtaW4hKqw/LWIjcFdUiaZoxF+affvfLRkwP","baseKeyType":1,"closed":-1,"used":1747232015902,"created":1747232015902,"remoteIdentityKey":"BW4ggryRgBsyWZLrbeTj0xGzE5JBOOXOXqjoLDxx6+1a"},"_chains":{"BWNtyF6hDAork5vcevBPmDntgUMT4U5dJOd/gQOGh/Rf":{"chainKey":{"counter":6,"key":"R+TAiU57+P2lhnNJxZUuND7hQgbImtkZM28fxhpWRoU="},"chainType":1,"messageKeys":{}}},"pendingPreKey":{"signedKeyId":4,"baseKey":"Ba8pYur4VbtaW4hKqw/LWIjcFdUiaZoxF+affvfLRkwP","preKeyId":8832756}}},"version":"v1"}