{"_sessions":{"BdCA4DscHZiTU6UwwxLuz2a1Pri2BRobeXj+oRPjfY1c":{"registrationId":675554579,"currentRatchet":{"ephemeralKeyPair":{"pubKey":"BRi/mJASAhDn5XmiXdMOEIEGt2Kqlz5Obipiirrejdti","privKey":"GKyB2zycveCuzO/Q5G376/qZhf2DsSMgaCZg87lpC1w="},"lastRemoteEphemeralKey":"BdwUUANUz62zhb5iDluB7hTTXe604dVHJECQ4jbYSN0I","previousCounter":0,"rootKey":"6h0PV9jG4HmrdbCvmSI6kk0AWtRP0tdmT23oA1FZwsk="},"indexInfo":{"baseKey":"BdCA4DscHZiTU6UwwxLuz2a1Pri2BRobeXj+oRPjfY1c","baseKeyType":1,"closed":-1,"used":1747216483102,"created":1747216483102,"remoteIdentityKey":"BSw1AUprByDdlpz3gNa4TIFqiSx/s97oUoHr1dqjTMkM"},"_chains":{"BRi/mJASAhDn5XmiXdMOEIEGt2Kqlz5Obipiirrejdti":{"chainKey":{"counter":0,"key":"63Y3rdxtbqxr0R2uTTRHONP+2jqezvzTROhQY6Iiihk="},"chainType":1,"messageKeys":{}}},"pendingPreKey":{"signedKeyId":0,"baseKey":"BdCA4DscHZiTU6UwwxLuz2a1Pri2BRobeXj+oRPjfY1c","preKeyId":13049188}}},"version":"v1"}