{"_sessions":{"BWUGmySMB7rjYqLiE+B+ehv0HbwURZSExn1DioF8xYsS":{"registrationId":684043356,"currentRatchet":{"ephemeralKeyPair":{"pubKey":"BcEgibXCXxmbOELVr7sv2hxZS9SOt2DgBtMRDiRAGktV","privKey":"mPXf3n8T/345IHq050hHzoqUTr0LkEt8/4szRQBhIkY="},"lastRemoteEphemeralKey":"BT/KyAx6XDPokMa1qxaXYORBkt51mKP4pQwU9MCiLgdM","previousCounter":0,"rootKey":"xfKH4b/Ni3wkxksvoRls/f1C4NX991pwSk+miOk6mHs="},"indexInfo":{"baseKey":"BWUGmySMB7rjYqLiE+B+ehv0HbwURZSExn1DioF8xYsS","baseKeyType":1,"closed":-1,"used":1747219047171,"created":1747219047171,"remoteIdentityKey":"BR3tb9Qpg8bLeskjMn6juUG+SM0NhNpGvbUDlxByj8dd"},"_chains":{"BcEgibXCXxmbOELVr7sv2hxZS9SOt2DgBtMRDiRAGktV":{"chainKey":{"counter":0,"key":"sse5kO/Fgr3BehkwsWop/KuEYJsYucyjVOCUB9xrJso="},"chainType":1,"messageKeys":{}}},"pendingPreKey":{"signedKeyId":0,"baseKey":"BWUGmySMB7rjYqLiE+B+ehv0HbwURZSExn1DioF8xYsS","preKeyId":15986991}}},"version":"v1"}