{"_sessions":{"BTTkItnQmtGBMvGitE9TcVlrUVek5jjQ8XnbrzYsGSRu":{"registrationId":130,"currentRatchet":{"ephemeralKeyPair":{"pubKey":"Bd+j7TVvaNdYhD/IgGrGvSsOM+REUeRvLYqkUNomAIpR","privKey":"sGLM3d4+I7TlM+8bN37FZr80V1MPjYrbkaB4eyDsf0s="},"lastRemoteEphemeralKey":"BZQNgNxckuks1vOBBMJYzS7IZqp50v0vsV0NFiVpdSEU","previousCounter":0,"rootKey":"GfQJRWcHDOs1fUHkV7pKNpCZJmJboQhYCf+vZ7xF+mU="},"indexInfo":{"baseKey":"BTTkItnQmtGBMvGitE9TcVlrUVek5jjQ8XnbrzYsGSRu","baseKeyType":1,"closed":-1,"used":1747219044855,"created":1747219044855,"remoteIdentityKey":"BYmi+mdGdxAY/Bp85C1huY5O4/KnQ6mtVWR1OrYLyp4S"},"_chains":{"Bd+j7TVvaNdYhD/IgGrGvSsOM+REUeRvLYqkUNomAIpR":{"chainKey":{"counter":0,"key":"tIUyiiI54LzsngCtZQ2XBoyxNZZoMTD/d9O1oy89pq8="},"chainType":1,"messageKeys":{}}},"pendingPreKey":{"signedKeyId":1,"baseKey":"BTTkItnQmtGBMvGitE9TcVlrUVek5jjQ8XnbrzYsGSRu","preKeyId":45}}},"version":"v1"}