{"_sessions":{"BbvPVw7uS7YvhgabzMOl2vh/qptgevDiruNDRBuKb7VY":{"registrationId":104762761,"currentRatchet":{"ephemeralKeyPair":{"pubKey":"BacdXplQKarQHI56/Pqq6Tok2OTxj26Lw+MFXVx5Vvs3","privKey":"uKJsCJ6DgAoIxZVdkpsGeYASaloKECrGUGK2FlismE0="},"lastRemoteEphemeralKey":"BecN8RWXXvJauuNB8QuV9OXpwx/Ucu156F4Xi9kx0n0R","previousCounter":0,"rootKey":"LJjHQR+YJX4sRN1P1MUvgTobl6XmjsTbcg7c0iynzfk="},"indexInfo":{"baseKey":"BbvPVw7uS7YvhgabzMOl2vh/qptgevDiruNDRBuKb7VY","baseKeyType":1,"closed":-1,"used":1747219049125,"created":1747219049125,"remoteIdentityKey":"Bb26y3qrcG34MRagvVOQTGVAflo931G50A8KyYlmgK8T"},"_chains":{"BacdXplQKarQHI56/Pqq6Tok2OTxj26Lw+MFXVx5Vvs3":{"chainKey":{"counter":0,"key":"o6D+AAPW7kGrd6+h2RQgJKbmMZWCJVBGzBZ8nZCSAls="},"chainType":1,"messageKeys":{}}},"pendingPreKey":{"signedKeyId":6,"baseKey":"BbvPVw7uS7YvhgabzMOl2vh/qptgevDiruNDRBuKb7VY","preKeyId":571233}}},"version":"v1"}