{"_sessions":{"BbPOGJRdFsCTkxZ4gEBZor0WEApBwQPEPCjEj3vRrV5a":{"registrationId":1066560929,"currentRatchet":{"ephemeralKeyPair":{"pubKey":"BZWh4HBI5fL/vPhwK7QpNePCv6Lp/R4nr+kQaaumVD40","privKey":"4En57IjH6cQa7w8EOFhGDYPo3Wb+gNgOY5c7UZa6XUE="},"lastRemoteEphemeralKey":"Bdf9OmykJooG1U+UoV71r3wyGq0h/3NDeHh4jbHOv+FU","previousCounter":0,"rootKey":"x/CrjVTw6N8T88lNvMSq0HYMtE+K9tTaVxlVGQ6Zs9c="},"indexInfo":{"baseKey":"BbPOGJRdFsCTkxZ4gEBZor0WEApBwQPEPCjEj3vRrV5a","baseKeyType":2,"closed":-1,"used":1747235446957,"created":1747235446957,"remoteIdentityKey":"BYUvJOzY+u/CyM9zy3mI2RNdeycQ0pOQj+NeqvPr0Xhi"},"_chains":{"Bdf9OmykJooG1U+UoV71r3wyGq0h/3NDeHh4jbHOv+FU":{"chainKey":{"counter":3,"key":"AkBlz6jZo/C26f/kSgYbjeaZhCQr2q/PD9xq52wkl3U="},"chainType":2,"messageKeys":{}},"BZWh4HBI5fL/vPhwK7QpNePCv6Lp/R4nr+kQaaumVD40":{"chainKey":{"counter":-1,"key":"bZp9nDDUnozB3OVsD8PEdRyW3KQCXVSayOB7AwhvDps="},"chainType":1,"messageKeys":{}}}}},"version":"v1"}