{"_sessions":{"BRBdFAVGqSXqS3HL/87znUe8XbXVBFQnpglCG6iGZAIb":{"registrationId":675567541,"currentRatchet":{"ephemeralKeyPair":{"pubKey":"BcNjNkOUVSx9/8m5sjwWhXfQB4lvQI2qDnriY0VE0QMu","privKey":"QBtY/dR7JVlDCeBV9KNL7GLC8yT4ktx3QYXgeKzrbWk="},"lastRemoteEphemeralKey":"Ba361vVSUozqO/flE7E8EREwjnKGGIfD+SeNGztg1epE","previousCounter":0,"rootKey":"DkyGQK7OZA7zac1bp6lCusiPrU/uCaASZRs/S8KWbYs="},"indexInfo":{"baseKey":"BRBdFAVGqSXqS3HL/87znUe8XbXVBFQnpglCG6iGZAIb","baseKeyType":1,"closed":1747222938083,"used":1747219050673,"created":1747219050673,"remoteIdentityKey":"Bb1EbIlb/d+P6efUqI3qhN9c+OqEV7ublKGb1vgkK+pa"},"_chains":{"BcNjNkOUVSx9/8m5sjwWhXfQB4lvQI2qDnriY0VE0QMu":{"chainKey":{"counter":0,"key":"YNJmfbFvsw4E12beYdulKvhrl7UJBzH9Civ86kNh7D4="},"chainType":1,"messageKeys":{}}},"pendingPreKey":{"signedKeyId":3,"baseKey":"BRBdFAVGqSXqS3HL/87znUe8XbXVBFQnpglCG6iGZAIb","preKeyId":14268179}},"BVD52WzXNpxJrzsnLpU1+aBZ9gmpUM33esfTXPG+pLRx":{"registrationId":675567541,"currentRatchet":{"ephemeralKeyPair":{"pubKey":"BWUSwauqlS6y8NK6ovs+d8W7KHUpORaTCWp/NqJHooYJ","privKey":"EEA7WRzjlLcx12H1UNHmHiTklHRBzwVYNorrzgZTumM="},"lastRemoteEphemeralKey":"Bf3rDd/twYP5aYD3Cf66mYgaRoa0uYarduVm9h8MJSQv","previousCounter":0,"rootKey":"G0deUjMT65wGiY5FVLukLM0llk+9h+9wNYxHkeh+IkA="},"indexInfo":{"baseKey":"BVD52WzXNpxJrzsnLpU1+aBZ9gmpUM33esfTXPG+pLRx","baseKeyType":2,"closed":-1,"used":1747227746994,"created":1747222938086,"remoteIdentityKey":"Bb1EbIlb/d+P6efUqI3qhN9c+OqEV7ublKGb1vgkK+pa"},"_chains":{"Ba7Den1XK/m+egaJmv0poXlD98raM4m9lKDc5MJCVcte":{"chainKey":{"counter":0},"chainType":2,"messageKeys":{}},"BRdxTYjSznpCxqHS5g6m4doxnB0AAvKOT+9yDzTJKzcn":{"chainKey":{"counter":0},"chainType":2,"messageKeys":{}},"BW3RjuyxrzstYhFS5ePHgYUORmC/AU2xK3zP0pyaWc5K":{"chainKey":{"counter":1},"chainType":2,"messageKeys":{}},"BdILMHV1TI/p47bQwiKLf1f/gXfyvE/zpU9Edji1awZj":{"chainKey":{"counter":2},"chainType":2,"messageKeys":{}},"Bf3rDd/twYP5aYD3Cf66mYgaRoa0uYarduVm9h8MJSQv":{"chainKey":{"counter":0,"key":"PgaPDhMQOAwBH818E3AZmMOv5HmlpYQvFqcdvywXhJI="},"chainType":2,"messageKeys":{}},"BWUSwauqlS6y8NK6ovs+d8W7KHUpORaTCWp/NqJHooYJ":{"chainKey":{"counter":-1,"key":"Vp4AIF/Zj3wrvmxtFZXlMkzuA8KwhVD8Ph7Lu+0ALuI="},"chainType":1,"messageKeys":{}}}}},"version":"v1"}