{"_sessions":{"BfIYWnbFQMTh/IkWJQGHU2NBiBAnSirCTRvFPFmgxe9A":{"registrationId":1492463720,"currentRatchet":{"ephemeralKeyPair":{"pubKey":"BRF++k5k7p9qhrE2Ajz3TX+xbNS2zvg9BMoj9/IbzVly","privKey":"2ChKmnFXs309ZWxWq/GpBxCxWRAA3WE9NA3VFo3qUX8="},"lastRemoteEphemeralKey":"BefrbGK86h9cC9X832iqKST2Gs60AQ6ePxui6+4VXc0R","previousCounter":0,"rootKey":"hWIRxhA+3ROIgPQYMuF8bTEAqb/49xnXTZ2QZ5YYlIs="},"indexInfo":{"baseKey":"BfIYWnbFQMTh/IkWJQGHU2NBiBAnSirCTRvFPFmgxe9A","baseKeyType":1,"closed":-1,"used":1747229630967,"created":1747229630967,"remoteIdentityKey":"Bb4Ylv7E2tS1o7moWziYf8V2rhfGv4/icxD94gxMOL9p"},"_chains":{"BRF++k5k7p9qhrE2Ajz3TX+xbNS2zvg9BMoj9/IbzVly":{"chainKey":{"counter":0,"key":"bWe1wjVnU3vQc1ViyQFoaCGmJ6MChG1mhyWCy4m6bKY="},"chainType":1,"messageKeys":{}}},"pendingPreKey":{"signedKeyId":59,"baseKey":"BfIYWnbFQMTh/IkWJQGHU2NBiBAnSirCTRvFPFmgxe9A","preKeyId":3377478}}},"version":"v1"}