{"_sessions":{"BTJbEOOVpcsy1ATDdRhLRGvPmkR4bj9uXU9Y/FJ9mLZt":{"registrationId":353123352,"currentRatchet":{"ephemeralKeyPair":{"pubKey":"BQ4DdmvZkw2fWTq6WjuS5w3jKeKAz7Ffxp+TWbSUAcNg","privKey":"GDtVrrndplgIPdBuTekUyjDriO/DTmj/UjtHHpRC5WI="},"lastRemoteEphemeralKey":"BdYt6x3/OD6bjBfNBRjFKAdF4oIfGfYVBH3RyEUYpFkf","previousCounter":0,"rootKey":"cnpmRV1m+7a6lahEq4nK5gDvXN+VthckBBFE6Otr5yI="},"indexInfo":{"baseKey":"BTJbEOOVpcsy1ATDdRhLRGvPmkR4bj9uXU9Y/FJ9mLZt","baseKeyType":1,"closed":-1,"used":1747219049214,"created":1747219049214,"remoteIdentityKey":"BSjBloWXcuLA80qSV/AIZWbfQoYQpmPJ9Q9mT58ZI240"},"_chains":{"BQ4DdmvZkw2fWTq6WjuS5w3jKeKAz7Ffxp+TWbSUAcNg":{"chainKey":{"counter":0,"key":"+c1h+GtOSlFozVFtJcobv3umlaN4Q31MgcCkRqIdX1E="},"chainType":1,"messageKeys":{}}},"pendingPreKey":{"signedKeyId":2,"baseKey":"BTJbEOOVpcsy1ATDdRhLRGvPmkR4bj9uXU9Y/FJ9mLZt","preKeyId":11238173}}},"version":"v1"}