{"_sessions":{"BVfNvDDQ53WUUm5kpVVE7SUJ3B0bwj7sSeM+S0desCBM":{"registrationId":528977811,"currentRatchet":{"ephemeralKeyPair":{"pubKey":"BWT4mYenqOffUXYsc627Mh6ef5fMhNqtbqSOGx2em6A0","privKey":"aGGINfrwEGNNLSzFo8H8QEDMMXQqW8me7TziVmvHuWQ="},"lastRemoteEphemeralKey":"BbXlaar1znLdbxQwTzH/remUOeVjvugQVkDoIA2f2nZl","previousCounter":0,"rootKey":"C/EVcNFNR3GS+7XUlEq8BNYe8FPGRgdyyfGPliu6SMM="},"indexInfo":{"baseKey":"BVfNvDDQ53WUUm5kpVVE7SUJ3B0bwj7sSeM+S0desCBM","baseKeyType":1,"closed":-1,"used":1747222182497,"created":1747222182497,"remoteIdentityKey":"BaG53Zo5/y5hyVul3AoK3gMoE0Tn+daWShLMrYhVElVP"},"_chains":{"BWT4mYenqOffUXYsc627Mh6ef5fMhNqtbqSOGx2em6A0":{"chainKey":{"counter":16,"key":"gza3cccX135O9IEimNOLPrYQ6UPhYdWs/WJlauGvLE4="},"chainType":1,"messageKeys":{}}},"pendingPreKey":{"signedKeyId":5,"baseKey":"BVfNvDDQ53WUUm5kpVVE7SUJ3B0bwj7sSeM+S0desCBM","preKeyId":11562155}}},"version":"v1"}