{"_sessions":{"BaWCINAATkK/7yWEj1B9RutRDEI5xjM/P6R1qoQeyF4D":{"registrationId":678153789,"currentRatchet":{"ephemeralKeyPair":{"pubKey":"BaYEppf3cDSlPlge9pR28kQxT/ZVpK2e1RAInDHY8z1C","privKey":"2Jmy1PyBLukiKg/ZG2TupolsaFcVQxJ64JP5hgA8c2Q="},"lastRemoteEphemeralKey":"BYQAai0Cafw2E/ai11BKKR1wqbxF2zJ9mcjJBUwSK75y","previousCounter":0,"rootKey":"Eym2i94LZ+IEjhYukuDvJ6Zth2ZFftlR4AFGnLGwuLg="},"indexInfo":{"baseKey":"BaWCINAATkK/7yWEj1B9RutRDEI5xjM/P6R1qoQeyF4D","baseKeyType":1,"closed":-1,"used":1747207240264,"created":1747207240264,"remoteIdentityKey":"BUoYPAvkKYyKaRwnJFJRTxSvKg3Jy019CX1DG187g+Ye"},"_chains":{"BaYEppf3cDSlPlge9pR28kQxT/ZVpK2e1RAInDHY8z1C":{"chainKey":{"counter":7,"key":"AFIKfPAzkbWrugCANokCpU+vgITUsFAEY/Gat2bjhAE="},"chainType":1,"messageKeys":{}}},"pendingPreKey":{"signedKeyId":11,"baseKey":"BaWCINAATkK/7yWEj1B9RutRDEI5xjM/P6R1qoQeyF4D","preKeyId":15692844}}},"version":"v1"}