{"_sessions":{"BWlEP9snfRgiowqAvN4s2qOblG7NIXII0SpSDdow+qZS":{"registrationId":429176098,"currentRatchet":{"ephemeralKeyPair":{"pubKey":"BTPcZP6vLtqc6WccpWg4DzJInW1xRxZBsRs2muY4hv9M","privKey":"GGk6EQ+wwhohK5Wh+s9b0Nwqq+0d7uV++YODHkZn82o="},"lastRemoteEphemeralKey":"BdNcrInsVXOIyqusqVpRBUTzstxUTAqZzRaeqiZ+JY4l","previousCounter":0,"rootKey":"NnvoI09xqt0QhaCvZ8nqJ8vZ9WnDh65aLZ+ULnJwfmk="},"indexInfo":{"baseKey":"BWlEP9snfRgiowqAvN4s2qOblG7NIXII0SpSDdow+qZS","baseKeyType":1,"closed":-1,"used":1747229631286,"created":1747229631286,"remoteIdentityKey":"Bd5/1vIGI29DBJww3W9DXoMdpDxzEW7QAP+PsPr+NEcp"},"_chains":{"BTPcZP6vLtqc6WccpWg4DzJInW1xRxZBsRs2muY4hv9M":{"chainKey":{"counter":0,"key":"6fmcMcZ1yD0XVhS/vp32t7QrqVeSZRQIDt/wl5nqZxw="},"chainType":1,"messageKeys":{}}},"pendingPreKey":{"signedKeyId":12,"baseKey":"BWlEP9snfRgiowqAvN4s2qOblG7NIXII0SpSDdow+qZS"}}},"version":"v1"}