{"_sessions":{"BZMQ0uHILbH2gc4DOhgGhCcZ0AnRAhj+NghrWElSt5wv":{"registrationId":1101010514,"currentRatchet":{"ephemeralKeyPair":{"pubKey":"BWfI3WmUlxnbldXIE8j74X3jbXYslurX6GlDJt2nPLNI","privKey":"8BK3NDCXn+Lid37F60HC3dwLPRSEJhghQj/Lf1Gx5mI="},"lastRemoteEphemeralKey":"BWgq7jyQoGtJuGUCbsIoCIWUHG7SrrVzGjArz0QsuJt6","previousCounter":0,"rootKey":"WNudc3U6lq5QcqqVo/qolLbBc36w4qYlbWp2HhdfmdM="},"indexInfo":{"baseKey":"BZMQ0uHILbH2gc4DOhgGhCcZ0AnRAhj+NghrWElSt5wv","baseKeyType":1,"closed":-1,"used":1747229631283,"created":1747229631283,"remoteIdentityKey":"BYc+M6LiO0zAAuFvKLy8il8ovtSIXdKmgrnbXGOIiUpu"},"_chains":{"BWfI3WmUlxnbldXIE8j74X3jbXYslurX6GlDJt2nPLNI":{"chainKey":{"counter":0,"key":"bIT3kV6uZqFZtTLTLJpc9yeCuih7B+VdgShxf5jDgXk="},"chainType":1,"messageKeys":{}}},"pendingPreKey":{"signedKeyId":3,"baseKey":"BZMQ0uHILbH2gc4DOhgGhCcZ0AnRAhj+NghrWElSt5wv","preKeyId":11758880}}},"version":"v1"}