{"_sessions":{"BWGAZR5gwKdGM6JMugG3d341dUkta5jGcrVMrtJfvEJ5":{"registrationId":1299543537,"currentRatchet":{"ephemeralKeyPair":{"pubKey":"Bar1LOvOVHWs6teHtWVHk8JZKHiaKgBT7q6DlnlyW1Ik","privKey":"IKkSZLN6hQMjDGfLffTO94wgB+KlUl089UpOxYnKvFI="},"lastRemoteEphemeralKey":"Bdm1MkAtdWVlvrnjz9q+Qj1wJeujFm4DUcJ53qBJJOQS","previousCounter":0,"rootKey":"3ottZhY/oVYBoqUCQGmuECJHXEjRaSUZY7k7tPE3Hds="},"indexInfo":{"baseKey":"BWGAZR5gwKdGM6JMugG3d341dUkta5jGcrVMrtJfvEJ5","baseKeyType":1,"closed":-1,"used":1747208182604,"created":1747208182604,"remoteIdentityKey":"BfHB7c+MpKXt5DnJC4DD9iD7mbX373rk7c5Sxi1lgAUf"},"_chains":{"Bar1LOvOVHWs6teHtWVHk8JZKHiaKgBT7q6DlnlyW1Ik":{"chainKey":{"counter":1,"key":"v7JDUi4fQfPgQKfeHhNEdRLkVnCVUeNYViHsY9aXI2Q="},"chainType":1,"messageKeys":{}}},"pendingPreKey":{"signedKeyId":10,"baseKey":"BWGAZR5gwKdGM6JMugG3d341dUkta5jGcrVMrtJfvEJ5"}}},"version":"v1"}