{"_sessions":{"BYicTsyrzTnbqEnpmayCa5Zs0fZW4Aqun4RO7KVJp3Yn":{"registrationId":393633309,"currentRatchet":{"ephemeralKeyPair":{"pubKey":"BRFfgSOiCcfGNtol9P0S5Su5dS1nMOZmL8t8I6YsLhM9","privKey":"CPwXwEP3dpjNRngIb36fflXfTUZdNm4gUzTBXEZ6HFI="},"lastRemoteEphemeralKey":"BSOYA3e1Pb7wW19KCodXZcguaa0dWWVuaGZGlgKCfv5U","previousCounter":0,"rootKey":"heLt2JekC2GF9eIZXvFO4U/+B6xS7efMQBQo46bRe2Y="},"indexInfo":{"baseKey":"BYicTsyrzTnbqEnpmayCa5Zs0fZW4Aqun4RO7KVJp3Yn","baseKeyType":1,"closed":-1,"used":1747208182675,"created":1747208182675,"remoteIdentityKey":"Bfz0QAvOYmDF0R2oSYZoIaAYAtC5fBCTfz5jdGD6uzF8"},"_chains":{"BRFfgSOiCcfGNtol9P0S5Su5dS1nMOZmL8t8I6YsLhM9":{"chainKey":{"counter":2,"key":"rob9eg0B+GCz+Kj4jFejtFg4xe0DOAdDz/rdghqW62M="},"chainType":1,"messageKeys":{}}},"pendingPreKey":{"signedKeyId":5,"baseKey":"BYicTsyrzTnbqEnpmayCa5Zs0fZW4Aqun4RO7KVJp3Yn","preKeyId":12969747}}},"version":"v1"}