{"_sessions":{"BcoYtZAx5EcNJoSCkId7QWfwIx4Hm8ywdshXqk4MYNxj":{"registrationId":559310894,"currentRatchet":{"ephemeralKeyPair":{"pubKey":"BfHi4vFjDwH04jo7z8weFY4OVXi65T34DM1z97x2h5M+","privKey":"2MSO5NW12k/GUGa37emATzRdzUaNjJ6VezebWFmyxXY="},"lastRemoteEphemeralKey":"BUtGNJxhVLEQ4hB0yKPAa4k67WDRFkzkMg/uhHtmNhEx","previousCounter":0,"rootKey":"SsMhzMDkbqWMb2D90ep2ksuwGoB6TtNYG83Z0B+88wM="},"indexInfo":{"baseKey":"BcoYtZAx5EcNJoSCkId7QWfwIx4Hm8ywdshXqk4MYNxj","baseKeyType":1,"closed":-1,"used":1747208182629,"created":1747208182629,"remoteIdentityKey":"BdirazZpwhmiraZ7VFKDbYzDZImp5dg9R/gVIUUXmD0j"},"_chains":{"BfHi4vFjDwH04jo7z8weFY4OVXi65T34DM1z97x2h5M+":{"chainKey":{"counter":1,"key":"B3YCUpbh/ZME9FNswWIcdz4tT56v3OX0CkJ2k8U6uCk="},"chainType":1,"messageKeys":{}}},"pendingPreKey":{"signedKeyId":5,"baseKey":"BcoYtZAx5EcNJoSCkId7QWfwIx4Hm8ywdshXqk4MYNxj","preKeyId":13108500}}},"version":"v1"}