{"_sessions":{"BX1Y4nQFqmvD8DDqNInOQt6OHfIhiybEcB9xHhfrSPsP":{"registrationId":1980801792,"currentRatchet":{"ephemeralKeyPair":{"pubKey":"BSAwf73cTtAjDQML6Gguugs/OEkc2cKKFO9BAqG5A60n","privKey":"IG7EnVmM3vl+n7ZpkpLGBbICaY026AF9bjXRqxPEWmw="},"lastRemoteEphemeralKey":"BRmZk1eG5L4BM9692fOZpeyXypg8k8rI2Qj4d3cMw8Fb","previousCounter":0,"rootKey":"Xm4f8iW0G8i1UCRbG3X4OHWD5vbKR0qsjB0ILnzMPyc="},"indexInfo":{"baseKey":"BX1Y4nQFqmvD8DDqNInOQt6OHfIhiybEcB9xHhfrSPsP","baseKeyType":1,"closed":-1,"used":1747209564462,"created":1747209564462,"remoteIdentityKey":"BYL8IGH23Kvp+mZWSKdMKzgrPwvmRdOjU17AVLnbCGx3"},"_chains":{"BSAwf73cTtAjDQML6Gguugs/OEkc2cKKFO9BAqG5A60n":{"chainKey":{"counter":0,"key":"moqyh5AsWIBuLFk+qdUxIrR55M/Z8YU1gKyfeCz2ki8="},"chainType":1,"messageKeys":{}}},"pendingPreKey":{"signedKeyId":2,"baseKey":"BX1Y4nQFqmvD8DDqNInOQt6OHfIhiybEcB9xHhfrSPsP","preKeyId":12364506}}},"version":"v1"}