{"_sessions":{"BeX9jgog+O14B3EjoNk6Oo52eWgQ/J07wVkEg1YloslK":{"registrationId":1859700532,"currentRatchet":{"ephemeralKeyPair":{"pubKey":"BXYH0VdeP71Y6QjNsXQazVnTi8fSM0qTL0ZYzhHdIzBw","privKey":"IBcTlWNWroVeFx4iRDurhQFZWJpgy96MdurH/i2H7Vs="},"lastRemoteEphemeralKey":"BauNmRC9rvrzi9X3tZATtUI45vB8vJqO5PzyjBB0Y6RE","previousCounter":0,"rootKey":"YS2RsaY1YeLA+JTSzuub8kFGkjvHUY7oEIbKLj4k6MA="},"indexInfo":{"baseKey":"BeX9jgog+O14B3EjoNk6Oo52eWgQ/J07wVkEg1YloslK","baseKeyType":1,"closed":-1,"used":1747219049105,"created":1747219049105,"remoteIdentityKey":"BTetnVBryDkeFLXe4hSGLK0f2YNAPi8yiyHniKF4PNFL"},"_chains":{"BXYH0VdeP71Y6QjNsXQazVnTi8fSM0qTL0ZYzhHdIzBw":{"chainKey":{"counter":0,"key":"NAN1NDD2ghCWfF1K7Z/90HUGhcBMFyPvsDHsqi6/xr0="},"chainType":1,"messageKeys":{}}},"pendingPreKey":{"signedKeyId":11,"baseKey":"BeX9jgog+O14B3EjoNk6Oo52eWgQ/J07wVkEg1YloslK","preKeyId":5619520}}},"version":"v1"}