{"_sessions":{"BfaE8Sc5wm8gERrqISTKkcUIbFtp3JF9xRYrqqQApdkI":{"registrationId":537197922,"currentRatchet":{"ephemeralKeyPair":{"pubKey":"BXcKieL9wqmXRTuoOnzuoQ+cmD6929V904leRSPBu9NB","privKey":"eC3Rvx91OrHenvdPedzQcvbuyRhwoiU1Mx5mBZ2Aw34="},"lastRemoteEphemeralKey":"BUH2Q1cj66D7FaWNjbYm8h1A3OAtbVWJ5/3d7zbMtWwX","previousCounter":0,"rootKey":"WEUnkgG3QF9Q9wOS68vFaMSYx/0HBCqxWry+z/LQi1U="},"indexInfo":{"baseKey":"BfaE8Sc5wm8gERrqISTKkcUIbFtp3JF9xRYrqqQApdkI","baseKeyType":1,"closed":-1,"used":1747219046896,"created":1747219046896,"remoteIdentityKey":"BdTcXJrU8EHimYrFunvtc9Vo446dg8EcQkIRblH67g4x"},"_chains":{"BXcKieL9wqmXRTuoOnzuoQ+cmD6929V904leRSPBu9NB":{"chainKey":{"counter":0,"key":"afiou14906CnClRJpoWy5QOa9RpiEh7H9yzGja0Re9U="},"chainType":1,"messageKeys":{}}},"pendingPreKey":{"signedKeyId":1,"baseKey":"BfaE8Sc5wm8gERrqISTKkcUIbFtp3JF9xRYrqqQApdkI"}}},"version":"v1"}