{"_sessions":{"BdlATiOGXHLFpfxBtJd4+177ktlle/KOmxY4GNmrzxY9":{"registrationId":530759343,"currentRatchet":{"ephemeralKeyPair":{"pubKey":"BbliEHJ2qPNuXRzMxPX1ZDejW/FQ1h/3uzOONX2hQ6wy","privKey":"GIAVrV53xZd6zwaNVsyjNyN8J9KrZw0/SBznbM15b10="},"lastRemoteEphemeralKey":"BfnoMR6+/OkOKvFQezq63B1vwmgnbkqEpUuqH8+uPrtN","previousCounter":0,"rootKey":"Nw3eR4TRCTKfz43yCUUjmWY1L3zGkEgKwNYtoqcEa7o="},"indexInfo":{"baseKey":"BdlATiOGXHLFpfxBtJd4+177ktlle/KOmxY4GNmrzxY9","baseKeyType":1,"closed":-1,"used":1747222182480,"created":1747222182480,"remoteIdentityKey":"BbaeC9YZ2DyZuUV8lOqNR0EEJlfeUsRTRgiUdHJ+3uBR"},"_chains":{"BbliEHJ2qPNuXRzMxPX1ZDejW/FQ1h/3uzOONX2hQ6wy":{"chainKey":{"counter":16,"key":"VEsMr0l4MMTea2Ct0eQOFrLMmnrsKfoMsSZaqkassb0="},"chainType":1,"messageKeys":{}}},"pendingPreKey":{"signedKeyId":12,"baseKey":"BdlATiOGXHLFpfxBtJd4+177ktlle/KOmxY4GNmrzxY9"}}},"version":"v1"}