{"_sessions":{"BbagNOpUXLH4gBNHeG3RjwNa/gbpy1WQlj3Ca1lv95wQ":{"registrationId":5,"currentRatchet":{"ephemeralKeyPair":{"pubKey":"BcjGdt5Rqya4wl59RDGIMGsuUdsOkqu+h+rD6RFOHgYu","privKey":"sNGGnoEN2TVMF9oHu8HIT7fyuULrbPd1JXR7giP3HGg="},"lastRemoteEphemeralKey":"BS32WzDNvkTRBn+2FUj1vR3t8Wdh8GDPWHHtLl6t69cT","previousCounter":0,"rootKey":"GaFqADCB0TqIJHyUtkSqDY40oD8Rw6URw2nVRafC1Ko="},"indexInfo":{"baseKey":"BbagNOpUXLH4gBNHeG3RjwNa/gbpy1WQlj3Ca1lv95wQ","baseKeyType":1,"closed":-1,"used":1747219044725,"created":1747219044725,"remoteIdentityKey":"BaKMFu1hx3iv7aUE85T+Fwx+tjFoORPLGBPfISuK91R4"},"_chains":{"BcjGdt5Rqya4wl59RDGIMGsuUdsOkqu+h+rD6RFOHgYu":{"chainKey":{"counter":0,"key":"egiI1ApfByUHuNlkU4HLeE0nXupORPLP9yf5bMBK+Sw="},"chainType":1,"messageKeys":{}}},"pendingPreKey":{"signedKeyId":1,"baseKey":"BbagNOpUXLH4gBNHeG3RjwNa/gbpy1WQlj3Ca1lv95wQ"}}},"version":"v1"}