{"_sessions":{"BcSw3bwTOIEpJvEEjhqpJIZB5rS8CdQ8yjoPsHw+U9Zv":{"registrationId":802304413,"currentRatchet":{"ephemeralKeyPair":{"pubKey":"BT1PrkUCmEVHGeGAVjX+8tKHvkaIe6MbQcy6jMjHmAFk","privKey":"iHFzsUKY6vGj+Mvk0fNGkdUxOwUjL/F3A2qc2kN860s="},"lastRemoteEphemeralKey":"Be9GPJkSrWjXNk3LwrA8jaKekd4b++l9q40NJNQR+9AG","previousCounter":0,"rootKey":"OHpBifalRbAtiwziW29P19JhnAj03jOLv4J6EoRB5RU="},"indexInfo":{"baseKey":"BcSw3bwTOIEpJvEEjhqpJIZB5rS8CdQ8yjoPsHw+U9Zv","baseKeyType":1,"closed":-1,"used":1747209564615,"created":1747209564615,"remoteIdentityKey":"BbFv04QqK79QIAkh+d5vfh5dN9ZLZ5hk9Ryz+vApLQgE"},"_chains":{"BT1PrkUCmEVHGeGAVjX+8tKHvkaIe6MbQcy6jMjHmAFk":{"chainKey":{"counter":0,"key":"j3JUASUMJvt/E852nxxtdLAJjGKhNWPeB14bT+M9aZw="},"chainType":1,"messageKeys":{}}},"pendingPreKey":{"signedKeyId":6,"baseKey":"BcSw3bwTOIEpJvEEjhqpJIZB5rS8CdQ8yjoPsHw+U9Zv","preKeyId":12193962}}},"version":"v1"}