{"_sessions":{"BTPJEg0P87zdRHl5f887tRb9lrJ1HEBp0agj4dRhWE4X":{"registrationId":343319541,"currentRatchet":{"ephemeralKeyPair":{"pubKey":"BeHsON8L1/mAw92LF4P6F1ssGrrH/Upbhp7uDC6kGbF9","privKey":"COvCs1C06JIbawP8zea7Dlz+SN9u2xbQKxteivsj6HI="},"lastRemoteEphemeralKey":"BSkYoL/LuceNLQiogrwN9tPVmM4C8VU/lyhvL2+81Lkt","previousCounter":0,"rootKey":"PKJAIASLgD8W96cYyBsRoARp3JJSlUAj5uIy74I45Sw="},"indexInfo":{"baseKey":"BTPJEg0P87zdRHl5f887tRb9lrJ1HEBp0agj4dRhWE4X","baseKeyType":1,"closed":-1,"used":1747229631274,"created":1747229631274,"remoteIdentityKey":"BX5tkCH0SHXGKpCVitqfvnyWuUZjd7kZI8sSB14gNcNC"},"_chains":{"BeHsON8L1/mAw92LF4P6F1ssGrrH/Upbhp7uDC6kGbF9":{"chainKey":{"counter":0,"key":"YIBx7MWleHOJoyp9Wim8JtHUYA4kMirb2c5SsIm5sKk="},"chainType":1,"messageKeys":{}}},"pendingPreKey":{"signedKeyId":20,"baseKey":"BTPJEg0P87zdRHl5f887tRb9lrJ1HEBp0agj4dRhWE4X","preKeyId":14290512}}},"version":"v1"}