{"_sessions":{"BesoqRQrrTB9ga0gUTfdGgTThiImoEvvXwFCvw0kwBV6":{"registrationId":4558,"currentRatchet":{"ephemeralKeyPair":{"pubKey":"BakJ/UmWsGEzVdHp4rbvktgelmuZcdWPG98ds6km3XEf","privKey":"gIxpuzsFN3uV9Ed7altRwoNAA8L2ta8rNmuy0e1EQEQ="},"lastRemoteEphemeralKey":"BTgVovkgi71LlGQyq0i0Urpy5CRaOcY9/W/roHaxKN43","previousCounter":0,"rootKey":"xfnhQ8BHtzyR8Yk5iBpouP7tB3t8q+5SF8dolBd7wVI="},"indexInfo":{"baseKey":"BesoqRQrrTB9ga0gUTfdGgTThiImoEvvXwFCvw0kwBV6","baseKeyType":1,"closed":-1,"used":1747219044692,"created":1747219044692,"remoteIdentityKey":"BTGUCG4kZTMPLRV/ZTbqzzPOrfjTzj4PN9TzRdmWZLIe"},"_chains":{"BakJ/UmWsGEzVdHp4rbvktgelmuZcdWPG98ds6km3XEf":{"chainKey":{"counter":0,"key":"3QjVdXbVvgqv/c9Ey4SK+g5eoucKG+bqWelfiUEb/AY="},"chainType":1,"messageKeys":{}}},"pendingPreKey":{"signedKeyId":1,"baseKey":"BesoqRQrrTB9ga0gUTfdGgTThiImoEvvXwFCvw0kwBV6"}}},"version":"v1"}