{"_sessions":{"BU43CEEdqDNUvtrfclsPI9MDTADYicT5ueG6HYkhZWVl":{"registrationId":255946030,"currentRatchet":{"ephemeralKeyPair":{"pubKey":"BdInk7FaCp5qcgE7o6jDop4ioQNTBB67bHsEgs0lI6gH","privKey":"YI/apaFAhyDtyT8iZUhHV8boyU2uQR/ii95jFHwGonU="},"lastRemoteEphemeralKey":"BcMvqbXI7x2hYH7d7Ri4kNf/I0T9adtSTpUNqyEQvIAi","previousCounter":0,"rootKey":"kIfan0zCkhDFh39BgFnbhOMov73tzLBgrELsYpHoF1k="},"indexInfo":{"baseKey":"BU43CEEdqDNUvtrfclsPI9MDTADYicT5ueG6HYkhZWVl","baseKeyType":1,"closed":-1,"used":1747216483029,"created":1747216483029,"remoteIdentityKey":"BR4+vGVdjwXu1mjx1eyVjghOG1jI5DWX1TdjpcDg0V5g"},"_chains":{"BdInk7FaCp5qcgE7o6jDop4ioQNTBB67bHsEgs0lI6gH":{"chainKey":{"counter":0,"key":"8EvSptPr4RWI+YZVbWVWQhxV6lJAdKlHaa/y7mX0kxE="},"chainType":1,"messageKeys":{}}},"pendingPreKey":{"signedKeyId":6,"baseKey":"BU43CEEdqDNUvtrfclsPI9MDTADYicT5ueG6HYkhZWVl","preKeyId":6762369}}},"version":"v1"}