{"_sessions":{"Be9stToQ6oWCKa1H0K5fdegdwEiByh0zCXTov2adeKsM":{"registrationId":1785913820,"currentRatchet":{"ephemeralKeyPair":{"pubKey":"BXVgxwyNes6/Cxw5hMkbcXh9gqLaLUfNLxXRSYBUtp8W","privKey":"UIA8fxFwRwckkiQnqZJYpFkFFzjHCW618DXMS/H5HmY="},"lastRemoteEphemeralKey":"BS985bdmyAVA95ICS7UJP7ZntH2Sw/gbkjECBUUBwlw5","previousCounter":0,"rootKey":"+P4ObNCiOPrqealTMDADmvbi4UVCPjSeOwmviNac8+k="},"indexInfo":{"baseKey":"Be9stToQ6oWCKa1H0K5fdegdwEiByh0zCXTov2adeKsM","baseKeyType":1,"closed":-1,"used":1747207240150,"created":1747207240150,"remoteIdentityKey":"BbiZFneyBpsGXPW5cmYRkISC/mOb2/KMvztm2VxK8wAK"},"_chains":{"BXVgxwyNes6/Cxw5hMkbcXh9gqLaLUfNLxXRSYBUtp8W":{"chainKey":{"counter":7,"key":"51psUk4nqeALeKAsQf9dC03zEXg3eHSkgUdWqXOL9dA="},"chainType":1,"messageKeys":{}}},"pendingPreKey":{"signedKeyId":11902610,"baseKey":"Be9stToQ6oWCKa1H0K5fdegdwEiByh0zCXTov2adeKsM","preKeyId":466}}},"version":"v1"}