{"_sessions":{"BURdt1A/hQ/yGLZpV+WccA+2C3v8+51zEOeAV9lHeyEM":{"registrationId":1066560929,"currentRatchet":{"ephemeralKeyPair":{"pubKey":"BdWqlH5xWXCtpnTtE3llZfP0JyyGVCkzNKwnAecIMzEP","privKey":"WBAQ3RYlEukzb4GcxLs3NhKXKEsQe7ScL8Pw+hu7yEA="},"lastRemoteEphemeralKey":"BTljXxvgqpuPu3gG0/aE5n05qOsIMVr/3gAKxrbvMApQ","previousCounter":0,"rootKey":"WuT8FB961YEevvHWggbJFvRYJ4v60hb/IEf1NDnEk8U="},"indexInfo":{"baseKey":"BURdt1A/hQ/yGLZpV+WccA+2C3v8+51zEOeAV9lHeyEM","baseKeyType":1,"closed":-1,"used":1747207240105,"created":1747207240105,"remoteIdentityKey":"BYUvJOzY+u/CyM9zy3mI2RNdeycQ0pOQj+NeqvPr0Xhi"},"_chains":{"BdWqlH5xWXCtpnTtE3llZfP0JyyGVCkzNKwnAecIMzEP":{"chainKey":{"counter":7,"key":"heBjuv5ajdJbDbvCa00g2x2YNy9UjIKo3Mdtqz6hLnI="},"chainType":1,"messageKeys":{}}},"pendingPreKey":{"signedKeyId":2,"baseKey":"BURdt1A/hQ/yGLZpV+WccA+2C3v8+51zEOeAV9lHeyEM","preKeyId":3270801}}},"version":"v1"}