{"_sessions":{"BbveQFZmF71eu2KDRB0h0d9hJGqlEjmjxCcSc+K85dZm":{"registrationId":399842514,"currentRatchet":{"ephemeralKeyPair":{"pubKey":"BaChmsxH5G2B2vXwgZf9Z+pakeXaGN/Jrl5nDWKXoB4k","privKey":"yBmQgdRNoqWWegpnXbWL+2brlIlmYj6O0m1ls/1bk1o="},"lastRemoteEphemeralKey":"BUaBGVruXz948dgCZ09+s29mEVTOvPlaKWBUWNBOd00p","previousCounter":0,"rootKey":"GY1VsIxT0CuqYyD7F+/+JRj/MokuwpWl2ghjTLpZq/I="},"indexInfo":{"baseKey":"BbveQFZmF71eu2KDRB0h0d9hJGqlEjmjxCcSc+K85dZm","baseKeyType":1,"closed":-1,"used":1747219049157,"created":1747219049157,"remoteIdentityKey":"BVzflpLuliCNSWFstgwlilojXtoC3LgARbCY2oVv95cx"},"_chains":{"BaChmsxH5G2B2vXwgZf9Z+pakeXaGN/Jrl5nDWKXoB4k":{"chainKey":{"counter":0,"key":"pV6Zz3SiMoKRZH3nTeLWkDma0QgWRexRZv2vo46xYBg="},"chainType":1,"messageKeys":{}}},"pendingPreKey":{"signedKeyId":12,"baseKey":"BbveQFZmF71eu2KDRB0h0d9hJGqlEjmjxCcSc+K85dZm","preKeyId":15965327}}},"version":"v1"}