{"_sessions":{"BSVdrBLbwx0ohGxEp5Ey2ISicuOBJPIGUG28L+tOgI5k":{"registrationId":1482866900,"currentRatchet":{"ephemeralKeyPair":{"pubKey":"BXYp1Uw8vdkRPWQoabrST8ui4mdlazM97yqgQgMpldYl","privKey":"wKOvSMLlYs/6PqIZC6FiyYW3uBa/BoQ33khgYyndFkg="},"lastRemoteEphemeralKey":"BR45WpHc7t7CR6pUb+DC2y4sq6fByQfdxtuV9DTG+aIP","previousCounter":0,"rootKey":"u57DxKMDK9hYCKuLImVM9DnjOOh607+9Gc/ysGiF4kk="},"indexInfo":{"baseKey":"BSVdrBLbwx0ohGxEp5Ey2ISicuOBJPIGUG28L+tOgI5k","baseKeyType":1,"closed":-1,"used":1747219049132,"created":1747219049132,"remoteIdentityKey":"BZYWRrXJYNkzmUQEZquMGMTkP0GAep9X9p3flWbMfjQz"},"_chains":{"BXYp1Uw8vdkRPWQoabrST8ui4mdlazM97yqgQgMpldYl":{"chainKey":{"counter":0,"key":"aQC/YVoJQ0GHDponOHKsIjsqIrAiAINA7vGZ5+DweVs="},"chainType":1,"messageKeys":{}}},"pendingPreKey":{"signedKeyId":1,"baseKey":"BSVdrBLbwx0ohGxEp5Ey2ISicuOBJPIGUG28L+tOgI5k","preKeyId":15550633}}},"version":"v1"}