{"_sessions":{"BYRCGY+t01RntOYgNpUfyCrJQELudUJ0xCBUgBb8iMRa":{"registrationId":1228970228,"currentRatchet":{"ephemeralKeyPair":{"pubKey":"BaYtpSejwEN4blhuQbLJeALfyjOjAhefugr1r9MEVGZn","privKey":"mKWJy0+XGzpsXDY4XmlLKjonLmf8Rbx91vOCIWa2vHk="},"lastRemoteEphemeralKey":"BWVKL0cXIRVtfjkog+MMznOQmcgAqS+x/c4NiUtraCgj","previousCounter":0,"rootKey":"fF7bNldd7AJnjG9pa5XDzimod6af6npQ5dowJA3RYew="},"indexInfo":{"baseKey":"BYRCGY+t01RntOYgNpUfyCrJQELudUJ0xCBUgBb8iMRa","baseKeyType":1,"closed":-1,"used":1747219046914,"created":1747219046914,"remoteIdentityKey":"BYzlqzG6nvoZGZB6sRGyNQWQXp2Pm7U4ElfnJYqBsOc1"},"_chains":{"BaYtpSejwEN4blhuQbLJeALfyjOjAhefugr1r9MEVGZn":{"chainKey":{"counter":0,"key":"I+q5glVDIEYo8FFi21Yptfj7DUUIKVO9hZe3EsT7UjU="},"chainType":1,"messageKeys":{}}},"pendingPreKey":{"signedKeyId":0,"baseKey":"BYRCGY+t01RntOYgNpUfyCrJQELudUJ0xCBUgBb8iMRa","preKeyId":3872192}}},"version":"v1"}