{"_sessions":{"BR5vmekWjDrlfO7h0KF9UeDAaAdCgd48Idw1NXDaXpVd":{"registrationId":241,"currentRatchet":{"ephemeralKeyPair":{"pubKey":"BZXDwRAT3G/g/6oXt1+ynrdf5OmM8M2VBNiCi/BLt5wn","privKey":"oBTZjoN0yxPVCGwuPVmdC2C7oTedzOY/p4vWCXrdkVc="},"lastRemoteEphemeralKey":"BYJHLarC490EJGPwL9PsAcplgdhRbLzShMxUziN9edRd","previousCounter":0,"rootKey":"oXTLfQmpZPW9GANLmPzxiEQ0kiQfKVJEARuqJjakhYk="},"indexInfo":{"baseKey":"BR5vmekWjDrlfO7h0KF9UeDAaAdCgd48Idw1NXDaXpVd","baseKeyType":1,"closed":-1,"used":1747219044847,"created":1747219044847,"remoteIdentityKey":"BUq8dHWLS9wG1inrpp1tjb8Uim54lgUTUJURzNrgaBNs"},"_chains":{"BZXDwRAT3G/g/6oXt1+ynrdf5OmM8M2VBNiCi/BLt5wn":{"chainKey":{"counter":0,"key":"FjerYMOMnTDTzPOljJVD7ZzZ18RSDSHCWeiSoZXwt0Y="},"chainType":1,"messageKeys":{}}},"pendingPreKey":{"signedKeyId":1,"baseKey":"BR5vmekWjDrlfO7h0KF9UeDAaAdCgd48Idw1NXDaXpVd"}}},"version":"v1"}