{"_sessions":{"BSngJagaflx+zg9eMKLYd5J1QvM8KbYvoxG+tZgHG+Iz":{"registrationId":1352807956,"currentRatchet":{"ephemeralKeyPair":{"pubKey":"BV44JyJhrr3jeIw2lZLfcZ0RH2wtWSY9rpIBM4oQp5gE","privKey":"aPrg7cKMm7ze4DhKrMHMQ+1khbFx3rbbVpHsbnooa3E="},"lastRemoteEphemeralKey":"BZzrYMAzJwUxUVGypLpuGZ7D/6+ddgSp/pl8TFtHOYcm","previousCounter":0,"rootKey":"L9BhmHNZHwe2L0yfb5BqkDdcpmKll3KcGQCevX9OOFk="},"indexInfo":{"baseKey":"BSngJagaflx+zg9eMKLYd5J1QvM8KbYvoxG+tZgHG+Iz","baseKeyType":1,"closed":-1,"used":1747219048957,"created":1747219048957,"remoteIdentityKey":"BbvbqAzKgccvxzRoQAi/5gceEUk9DQlaasTCbYASLVx7"},"_chains":{"BV44JyJhrr3jeIw2lZLfcZ0RH2wtWSY9rpIBM4oQp5gE":{"chainKey":{"counter":0,"key":"sqXMup005i7xk4JTJ1TFC/QZ0xWmPYzekIKAeEbzqZo="},"chainType":1,"messageKeys":{}}},"pendingPreKey":{"signedKeyId":3,"baseKey":"BSngJagaflx+zg9eMKLYd5J1QvM8KbYvoxG+tZgHG+Iz","preKeyId":7243379}}},"version":"v1"}