{"_sessions":{"BfGKJxAHvMk2fs84Ik6AqR8Wt5Hp/ipUsYd8akLx+nlM":{"registrationId":203459294,"currentRatchet":{"ephemeralKeyPair":{"pubKey":"BUxuBvXIFQ1Tph3W4Jl0Mp0lsVQQU8gJKUB/0rINWgJI","privKey":"MKAfbK++1lko++RdJ1rfnsVUdIwIRtHADW7xYyWHqHY="},"lastRemoteEphemeralKey":"BWRuK95+koYNIrS3BBciSNNEVT10eDi9r8O5LlsjnEwl","previousCounter":0,"rootKey":"kTFY6fhBo97fRWyvc/HmyRPV0ecPPmKv8LhVd62oyLQ="},"indexInfo":{"baseKey":"BfGKJxAHvMk2fs84Ik6AqR8Wt5Hp/ipUsYd8akLx+nlM","baseKeyType":1,"closed":-1,"used":1747229631181,"created":1747229631181,"remoteIdentityKey":"BaCwGv0LiwVHhOf1BVrSboMg+kD8unOqeAigEaUPJnwh"},"_chains":{"BUxuBvXIFQ1Tph3W4Jl0Mp0lsVQQU8gJKUB/0rINWgJI":{"chainKey":{"counter":0,"key":"gxiq03y4DF5k1b2zphVp9KMFkBAnIpwAqXu/1sZPySY="},"chainType":1,"messageKeys":{}}},"pendingPreKey":{"signedKeyId":0,"baseKey":"BfGKJxAHvMk2fs84Ik6AqR8Wt5Hp/ipUsYd8akLx+nlM"}}},"version":"v1"}