{"_sessions":{"Bfj2TX2wTjurftp4MllpXlHeHrZ1GB85RRNWbX6wbflH":{"registrationId":108774810,"currentRatchet":{"ephemeralKeyPair":{"pubKey":"BQhRvO84VjF/bu3CY6paaBSz3IaYnzLULoplHcYmkzx0","privKey":"WEhIgIqeFpT/F3hS/+jQRSJWeaKKpoKtJ10gjNiQxHw="},"lastRemoteEphemeralKey":"BTQEZ/q1m++Njx3Wpwqk4L7ISiZT585IxpVhzL36bw9W","previousCounter":0,"rootKey":"zUKSZVX1ZAgngW2YcROHP+Ge6xIx6D3wWhP1PYQJNoo="},"indexInfo":{"baseKey":"Bfj2TX2wTjurftp4MllpXlHeHrZ1GB85RRNWbX6wbflH","baseKeyType":1,"closed":-1,"used":1747209564491,"created":1747209564491,"remoteIdentityKey":"BR0UD1Ral0hFMjQ+gr5V6tVxm7NMB3WrIZi7jvAADAsA"},"_chains":{"BQhRvO84VjF/bu3CY6paaBSz3IaYnzLULoplHcYmkzx0":{"chainKey":{"counter":0,"key":"b2cW7pXudeJ5TwBI3/fhlVpifXnwpW+55YX2aCnfKhQ="},"chainType":1,"messageKeys":{}}},"pendingPreKey":{"signedKeyId":2,"baseKey":"Bfj2TX2wTjurftp4MllpXlHeHrZ1GB85RRNWbX6wbflH","preKeyId":284799}}},"version":"v1"}