{"_sessions":{"BbiCvQDB+BvEtDY5RiBFlByUq8eVTVKkNhIH6cb840Mc":{"registrationId":719406429,"currentRatchet":{"ephemeralKeyPair":{"pubKey":"BfyWFQmq0umKn5Kx6+yLltkfFfLXBupo0lJBXpFhArhW","privKey":"gI3zUslyP/axZg2DAPgKsLIFpM2nm+2OBGahKc04ZUk="},"lastRemoteEphemeralKey":"BYURD7O9KspLqpV/Gx9yHtft5MVLg61Io4Vg0NwTA+Ad","previousCounter":0,"rootKey":"7w8Nna3Sj3Q0z0n49sSgrDr7FxJkEP4+UnTv4vSWZ3Y="},"indexInfo":{"baseKey":"BbiCvQDB+BvEtDY5RiBFlByUq8eVTVKkNhIH6cb840Mc","baseKeyType":1,"closed":-1,"used":1747229631266,"created":1747229631266,"remoteIdentityKey":"BaeIOHLlx30fJUS0SCw0cEw3TGc/LbXeGO34mAC6JU8m"},"_chains":{"BfyWFQmq0umKn5Kx6+yLltkfFfLXBupo0lJBXpFhArhW":{"chainKey":{"counter":0,"key":"l5zrrMD0pyt79CAwlzMoe18j5UqcKRA/Do63p/almAI="},"chainType":1,"messageKeys":{}}},"pendingPreKey":{"signedKeyId":6,"baseKey":"BbiCvQDB+BvEtDY5RiBFlByUq8eVTVKkNhIH6cb840Mc"}}},"version":"v1"}