{"_sessions":{"BVYy915bAJdXnxvbDjWqf6VskzJkSratkv2i1Z1mX7tV":{"registrationId":949330029,"currentRatchet":{"ephemeralKeyPair":{"pubKey":"BQWIf2OYPXR+Z6anhRmImrj8Nvy8PqNX9a9RsykhN+ss","privKey":"UNKJXUowAuiIAR/j6xlxLxzY4rOGkxflx1qHwVz02Vg="},"lastRemoteEphemeralKey":"BbpsfFGw7F6Xc6+M3OLLPxN81XT07OgordcO+zmSvjc0","previousCounter":0,"rootKey":"qtGvf3xze9UqQB58+Q+FLl1LFMsfEkEBUoT2HS4dVMM="},"indexInfo":{"baseKey":"BVYy915bAJdXnxvbDjWqf6VskzJkSratkv2i1Z1mX7tV","baseKeyType":1,"closed":-1,"used":1747219049165,"created":1747219049165,"remoteIdentityKey":"BVlUEtP4U+MI9zE/YmcORZLIBuFRhUHnEnf452Ook89w"},"_chains":{"BQWIf2OYPXR+Z6anhRmImrj8Nvy8PqNX9a9RsykhN+ss":{"chainKey":{"counter":0,"key":"0KrKFMCTh2w82bipZ4tzfc0QJsJ/aiu6J0xM1L/Wnjc="},"chainType":1,"messageKeys":{}}},"pendingPreKey":{"signedKeyId":1,"baseKey":"BVYy915bAJdXnxvbDjWqf6VskzJkSratkv2i1Z1mX7tV"}}},"version":"v1"}