{"_sessions":{"Bdn+TcdrVBJqNxjINZF4jOLpYpFIipMnzdTnnvhJfGdp":{"registrationId":433581911,"currentRatchet":{"ephemeralKeyPair":{"pubKey":"BUhTD1mQ9cYxJQYEVvOyRC9ZDKuSSImpPYN8wRa1xglx","privKey":"0C/cBvIJuMRjkSsWjqeFhG9Zs+YB5es7KPuOKG23dWY="},"lastRemoteEphemeralKey":"BVHGuLGUMt8FTE+1kXLlrRUggc3Ioc/wui4nXjRbHlVl","previousCounter":0,"rootKey":"MyQVRJfS+4IeAylAJPuUloRlGH3xppMs+Tck/xlegRo="},"indexInfo":{"baseKey":"Bdn+TcdrVBJqNxjINZF4jOLpYpFIipMnzdTnnvhJfGdp","baseKeyType":1,"closed":-1,"used":1747219045047,"created":1747219045047,"remoteIdentityKey":"BdKp8pdUcgCxenKuEI3Az6noJI3YnM0b4YI0qD52gJYY"},"_chains":{"BUhTD1mQ9cYxJQYEVvOyRC9ZDKuSSImpPYN8wRa1xglx":{"chainKey":{"counter":0,"key":"Nz9srkSbyhZZ/lSyerOCWEzBZ8OvExpeLYUB2QwwGGU="},"chainType":1,"messageKeys":{}}},"pendingPreKey":{"signedKeyId":7,"baseKey":"Bdn+TcdrVBJqNxjINZF4jOLpYpFIipMnzdTnnvhJfGdp","preKeyId":11902610}}},"version":"v1"}