{"_sessions":{"BRlPiga7qkXZJIhE8DUmq3cdVKR4z+teslDidf/TqqwB":{"registrationId":459909372,"currentRatchet":{"ephemeralKeyPair":{"pubKey":"BUpxqs+aw2HgUCbUWFMzO/zARGaHrI5GTQCcBHtKntpB","privKey":"kFPE4qT/KIE1WtvBTmTvBH40ZabeKkv7uCSpFRu2Vk4="},"lastRemoteEphemeralKey":"BQVdHZjz3xI3glXOTeAE0e5EO5ziMhNk/R8++/akEnR+","previousCounter":0,"rootKey":"5g43Le4v7BksP2wvOoGpkZf0og5S9O0MWotgimL5/hY="},"indexInfo":{"baseKey":"BRlPiga7qkXZJIhE8DUmq3cdVKR4z+teslDidf/TqqwB","baseKeyType":1,"closed":1747232919908,"used":1747232236581,"created":1747232236581,"remoteIdentityKey":"BQRMIWJ1rX4iuexJrz9I0GE96kw8UGO9hqe6YnBVm/Nm"},"_chains":{"BUpxqs+aw2HgUCbUWFMzO/zARGaHrI5GTQCcBHtKntpB":{"chainKey":{"counter":1,"key":"tPcBgo+5wo2RAGll1ql1e3OV8XnXsgl1tPFGqJ4D9UI="},"chainType":1,"messageKeys":{}}},"pendingPreKey":{"signedKeyId":0,"baseKey":"BRlPiga7qkXZJIhE8DUmq3cdVKR4z+teslDidf/TqqwB","preKeyId":16021548}},"BYSaF1sgk6Tz+RC2mCmEzHM6Vj1vGKQzUH32ia/VUAlu":{"registrationId":459909372,"currentRatchet":{"ephemeralKeyPair":{"pubKey":"BbZG67FLqXE4yfxs7tZDO7hJsgUzWKQPN1uo2xCENkku","privKey":"4LyNIoMIRWuBG0K7fpZu+FsfBNJNMXzs1fp1PmbKk2M="},"lastRemoteEphemeralKey":"BQVdHZjz3xI3glXOTeAE0e5EO5ziMhNk/R8++/akEnR+","previousCounter":0,"rootKey":"ZmF9V10YHrCJH0HNP0RBdRti2avzKzfBeRdBYNcDLcY="},"indexInfo":{"baseKey":"BYSaF1sgk6Tz+RC2mCmEzHM6Vj1vGKQzUH32ia/VUAlu","baseKeyType":1,"closed":-1,"used":1747232919908,"created":1747232919908,"remoteIdentityKey":"BQRMIWJ1rX4iuexJrz9I0GE96kw8UGO9hqe6YnBVm/Nm"},"_chains":{"BbZG67FLqXE4yfxs7tZDO7hJsgUzWKQPN1uo2xCENkku":{"chainKey":{"counter":4,"key":"yf6aNEXgD7s/9GcHlBt/Ck3u5Sx6zfEcAbNSSLYqObE="},"chainType":1,"messageKeys":{}}},"pendingPreKey":{"signedKeyId":0,"baseKey":"BYSaF1sgk6Tz+RC2mCmEzHM6Vj1vGKQzUH32ia/VUAlu","preKeyId":16021063}}},"version":"v1"}