{"_sessions":{"BRi+LR9+CeEKlkiOReHXObbTl/my5iJnVFkV+BpgC9ho":{"registrationId":19670755,"currentRatchet":{"ephemeralKeyPair":{"pubKey":"BXgFNPir5CGB0vrlGOSE/wQbH0ruaehDk5xbic9WYZ1X","privKey":"wFxu6AoZ97IlmCNIbCpSrwTvyAtY0yqPyCROvlKnEWk="},"lastRemoteEphemeralKey":"BTkhGi3un3ow9VTsslJP/fbCp675gTOJUa0N1Bq329Qn","previousCounter":0,"rootKey":"hj7QjILnsgnGT9QTgsh+HTzvDmyt0BSltaARlF3a8WU="},"indexInfo":{"baseKey":"BRi+LR9+CeEKlkiOReHXObbTl/my5iJnVFkV+BpgC9ho","baseKeyType":1,"closed":-1,"used":1747222182501,"created":1747222182501,"remoteIdentityKey":"Bf+dHBBkwxJfflOQ2p1GSXxT8rI5X7HoOoQicm89P8pt"},"_chains":{"BXgFNPir5CGB0vrlGOSE/wQbH0ruaehDk5xbic9WYZ1X":{"chainKey":{"counter":8,"key":"L8INMo8+T4XYVyDIjx+QDxHBiKjig6+0pVEfU1dgPPM="},"chainType":1,"messageKeys":{}}},"pendingPreKey":{"signedKeyId":1,"baseKey":"BRi+LR9+CeEKlkiOReHXObbTl/my5iJnVFkV+BpgC9ho","preKeyId":13057982}}},"version":"v1"}