{"_sessions":{"BfWk26B73yKZhdOvGhQEJ15v+XXOP5SS1oPHiknvWFgu":{"registrationId":1968976445,"currentRatchet":{"ephemeralKeyPair":{"pubKey":"Bc2ZLl/mKaFWf2LZO1+VQSVgMhOJwiowo24+LsHR7lER","privKey":"2AyYzKdovlCujkh0zCt1vH0p/cnseE83OtZ/o+gQj3Y="},"lastRemoteEphemeralKey":"BUXmETjK08HxWGVBYhI+JV77BgBq4bBrLuyaJj6wkrMF","previousCounter":0,"rootKey":"fQL63HfETT7gazEA/e2dr0Xn4MDnRfTFEuJiMPIFuFI="},"indexInfo":{"baseKey":"BfWk26B73yKZhdOvGhQEJ15v+XXOP5SS1oPHiknvWFgu","baseKeyType":1,"closed":-1,"used":1747209564603,"created":1747209564603,"remoteIdentityKey":"Bftv9n/YSHy9XE588ShR2nHrt5I8IEv2qa9yPSYCzvl7"},"_chains":{"Bc2ZLl/mKaFWf2LZO1+VQSVgMhOJwiowo24+LsHR7lER":{"chainKey":{"counter":0,"key":"gd6hulJwGrjhRvYLfWC69gmYyMrND/UeO8j3eek24rA="},"chainType":1,"messageKeys":{}}},"pendingPreKey":{"signedKeyId":14,"baseKey":"BfWk26B73yKZhdOvGhQEJ15v+XXOP5SS1oPHiknvWFgu","preKeyId":10626831}}},"version":"v1"}