{"_sessions":{"BYRk7j6rrV6EErh8eSkQ7MsgocbT994oiw0XNmgrNp88":{"registrationId":2006247829,"currentRatchet":{"ephemeralKeyPair":{"pubKey":"BYgqd6f+8assi/xcSX4lZ4EjfqWUDE6cwYsWLOxUCBg7","privKey":"aNMXLaDDcN4mJMheTCh36t5yRpVGClXCMUVYDMK5Q1s="},"lastRemoteEphemeralKey":"BddtODw9yAwDKnVOfE7E57iTaUDCoJXN/FCOSqPsXfE8","previousCounter":0,"rootKey":"rHADvp1yuYyf+Pl1T4kdtR+iNp09B5iEFHfcHzoX5Ns="},"indexInfo":{"baseKey":"BYRk7j6rrV6EErh8eSkQ7MsgocbT994oiw0XNmgrNp88","baseKeyType":1,"closed":-1,"used":1747209564618,"created":1747209564618,"remoteIdentityKey":"Bb0O+22qTfvV52tLSTvfEOo6HlNMwt/jlYOFyduP/3s6"},"_chains":{"BYgqd6f+8assi/xcSX4lZ4EjfqWUDE6cwYsWLOxUCBg7":{"chainKey":{"counter":0,"key":"+wpjLiaF9smtF8gc92t7GogabedLaiL184ar8hJW4Y8="},"chainType":1,"messageKeys":{}}},"pendingPreKey":{"signedKeyId":3514718,"baseKey":"BYRk7j6rrV6EErh8eSkQ7MsgocbT994oiw0XNmgrNp88"}}},"version":"v1"}