{"_sessions":{"BSi0E6poEnLCXlAObjzQojbXBC6xcjMP4l7JymcrjMEZ":{"registrationId":1483875529,"currentRatchet":{"ephemeralKeyPair":{"pubKey":"BbDqcmcgEXMoVrXfvbnA13mYLEPMzukjOC8tuwzBcO5z","privKey":"2MBMiioEOg9ebqX52dKB5HEIM4JhEHjUWL6TzEZ1/mk="},"lastRemoteEphemeralKey":"BeaImOSeM8h/xm+nzHIi80wj9Ry8W8cbBzBB0XlGA4RZ","previousCounter":0,"rootKey":"EkpRNsU/fjAsXrsRkiPdhxzZ0NLC9rBHQrZx9SJUMyo="},"indexInfo":{"baseKey":"BSi0E6poEnLCXlAObjzQojbXBC6xcjMP4l7JymcrjMEZ","baseKeyType":1,"closed":-1,"used":1747208182704,"created":1747208182704,"remoteIdentityKey":"BYHv6JhZo5KgsBg+K6ivWOTz3cXsYu3JBiCS+tJbgiJd"},"_chains":{"BbDqcmcgEXMoVrXfvbnA13mYLEPMzukjOC8tuwzBcO5z":{"chainKey":{"counter":2,"key":"Al2v0ze4pntieSsEXjKa1hFOie1ZN0M+e0oAhclE6+Q="},"chainType":1,"messageKeys":{}}},"pendingPreKey":{"signedKeyId":6,"baseKey":"BSi0E6poEnLCXlAObjzQojbXBC6xcjMP4l7JymcrjMEZ","preKeyId":670376}}},"version":"v1"}