{"_sessions":{"BXGhB7VsHwOumD1MrvptCO13Pe4r6pliZM7bJE/hohxP":{"registrationId":1463545495,"currentRatchet":{"ephemeralKeyPair":{"pubKey":"BaV9M5OY2i0d7BOyISa3dDaKxm8E6OTwGPRlpL0XGhA7","privKey":"iIQgViyVSwPhqsG+yIV+8RzbfdFmC8AEJSqjVB+Pe2E="},"lastRemoteEphemeralKey":"BZK6cpz+2Hg3zJlEprabLBJisRgRdlUbQxZPop6+NKAk","previousCounter":0,"rootKey":"ePvHGS7yzj6w4C1DAthD9X0t4t2w1W1J5oRiZMj58+E="},"indexInfo":{"baseKey":"BXGhB7VsHwOumD1MrvptCO13Pe4r6pliZM7bJE/hohxP","baseKeyType":2,"closed":1747233008621,"used":1747229828039,"created":1747229828039,"remoteIdentityKey":"BboBA2wCsgvJ0gFpigN9V3DPO9yTPoZRbv6gbNJm6FQQ"},"_chains":{"BZK6cpz+2Hg3zJlEprabLBJisRgRdlUbQxZPop6+NKAk":{"chainKey":{"counter":0,"key":"dtfCPbcfng/vqZ38czRQghQowuuhqIfFArIU7dK6+Gw="},"chainType":2,"messageKeys":{}},"BaV9M5OY2i0d7BOyISa3dDaKxm8E6OTwGPRlpL0XGhA7":{"chainKey":{"counter":-1,"key":"VksXqL0t9/iEkzi4AIZJ2yZBlk5WeJU6nuVnKi70JZk="},"chainType":1,"messageKeys":{}}}},"BcO+cc0qeDMrRBTI14yxDfSIdYmKFCYxEix2OLik2Y85":{"registrationId":1463545495,"currentRatchet":{"ephemeralKeyPair":{"pubKey":"BSE7o1aHhCIH3v0ihRqFwRzAthNQb7O6Yfr4heSEcWZf","privKey":"IHKUynrR47IxO1BS+rlXDKv7RgC6uCyubKqmB2cBcVI="},"lastRemoteEphemeralKey":"BVtBlyGot+Y3l1M4AnAUgBZ2Ug6MDLm5QCSJ9cgAy8hc","previousCounter":0,"rootKey":"4izG1k0nhbEEqRBWx3/d1F2tTvNulowPlU/lQwb5Jfg="},"indexInfo":{"baseKey":"BcO+cc0qeDMrRBTI14yxDfSIdYmKFCYxEix2OLik2Y85","baseKeyType":2,"closed":-1,"used":1747233008625,"created":1747233008625,"remoteIdentityKey":"BboBA2wCsgvJ0gFpigN9V3DPO9yTPoZRbv6gbNJm6FQQ"},"_chains":{"BVtBlyGot+Y3l1M4AnAUgBZ2Ug6MDLm5QCSJ9cgAy8hc":{"chainKey":{"counter":0,"key":"JURnUdDQoL4XsEtbatnZpT8tocNy4D7TWl12+nHfZ2Y="},"chainType":2,"messageKeys":{}},"BSE7o1aHhCIH3v0ihRqFwRzAthNQb7O6Yfr4heSEcWZf":{"chainKey":{"counter":-1,"key":"/yx9Ad6xQulQfO4OUi/Tq8wJ4OB4qVwAH7J/5GMhu2Q="},"chainType":1,"messageKeys":{}}}}},"version":"v1"}