{"_sessions":{"BRUyIcviZsMEErBgJxzDfK5943DRq7ivqGj5puyq7b49":{"registrationId":2101372471,"currentRatchet":{"ephemeralKeyPair":{"pubKey":"BVn1422+2s9yuBio/OafS9wFAC0Y6RPdeEr/NvLJRntx","privKey":"UH8MbxOlzunganWQ3bgb20HZsz57vrWvaW8f//XVink="},"lastRemoteEphemeralKey":"BeI1jcHu0d6v7yRj0FhfdaG0i00EslunFnPN0so1umcU","previousCounter":0,"rootKey":"hwbPQWt+JF7uYCYKNPRbxfknWu7G4kYA3x8zkevjlCM="},"indexInfo":{"baseKey":"BRUyIcviZsMEErBgJxzDfK5943DRq7ivqGj5puyq7b49","baseKeyType":1,"closed":-1,"used":1747219044941,"created":1747219044941,"remoteIdentityKey":"BSMcvCRgRXa/CvWkd1JR5khb1x/fBCTT0tGX3mRb+3gW"},"_chains":{"BVn1422+2s9yuBio/OafS9wFAC0Y6RPdeEr/NvLJRntx":{"chainKey":{"counter":0,"key":"uuFDui3VSwbqUgLGGZU22LyonN2uoPwrQUzmvnwAwj0="},"chainType":1,"messageKeys":{}}},"pendingPreKey":{"signedKeyId":4,"baseKey":"BRUyIcviZsMEErBgJxzDfK5943DRq7ivqGj5puyq7b49","preKeyId":3883078}}},"version":"v1"}