{"_sessions":{"BRZ2r0El565H3eHE8+L2I0riGiAuZIac/2Q2MUo62AEP":{"registrationId":1364406128,"currentRatchet":{"ephemeralKeyPair":{"pubKey":"BXFnjZ0Un4r8tncu6dUoQlJfR+6pHdFRWT8NF4tOXOVq","privKey":"OBtuOpmk7Tpr97x301DeVJQJdWtX9I1DuQ/FQtPgN1c="},"lastRemoteEphemeralKey":"BVipWeiCqSug0qxzzCgn4cRC1aDumr1CtMdhmF31gmQj","previousCounter":0,"rootKey":"v0wQMar3QSqZOloSkTsAlcJMEMpWev6ZlyAu2c3KoRU="},"indexInfo":{"baseKey":"BRZ2r0El565H3eHE8+L2I0riGiAuZIac/2Q2MUo62AEP","baseKeyType":1,"closed":-1,"used":1747219050660,"created":1747219050660,"remoteIdentityKey":"BYbaEMv/ik3z1C/4laFfyH/XosHUa2aMfx9yh4j5kkdQ"},"_chains":{"BXFnjZ0Un4r8tncu6dUoQlJfR+6pHdFRWT8NF4tOXOVq":{"chainKey":{"counter":0,"key":"UokSQlqnPLapHpMxva5iYwrwLfycIjQGsooxoeodMp0="},"chainType":1,"messageKeys":{}}},"pendingPreKey":{"signedKeyId":5,"baseKey":"BRZ2r0El565H3eHE8+L2I0riGiAuZIac/2Q2MUo62AEP"}}},"version":"v1"}