{"_sessions":{"BV34GLqbX1U+o86XgAoo0MwXY7IwJFB9JTo4m1gNO8BX":{"registrationId":925911321,"currentRatchet":{"ephemeralKeyPair":{"pubKey":"BZsUiecK4UZZ1HLYqWE/HR4ARjKJjGHnPpUNfH5yv003","privKey":"yIBgYyJzIAWyZkMM8o0CsdZF1tNvYF2de9bJ+z0qA0g="},"lastRemoteEphemeralKey":"Bc1FmA1rdfB0GMlQWiX8x64/0If6roXzB3NaiRzohxNW","previousCounter":0,"rootKey":"BMJfeBGwMLPIGw24k1NDpGOxrbQTA8+E0HqJstvks1M="},"indexInfo":{"baseKey":"BV34GLqbX1U+o86XgAoo0MwXY7IwJFB9JTo4m1gNO8BX","baseKeyType":1,"closed":-1,"used":1747229445059,"created":1747229445059,"remoteIdentityKey":"BZZso4iwCiWFtkLUxVF12vZwo5ntUs3vaQyTOQurYM9A"},"_chains":{"BZsUiecK4UZZ1HLYqWE/HR4ARjKJjGHnPpUNfH5yv003":{"chainKey":{"counter":2,"key":"XFUKlGBcJXxV3tYKzsh6U2DV8m9jwC8i62N1y4j5l/g="},"chainType":1,"messageKeys":{}}},"pendingPreKey":{"signedKeyId":12,"baseKey":"BV34GLqbX1U+o86XgAoo0MwXY7IwJFB9JTo4m1gNO8BX","preKeyId":11400481}}},"version":"v1"}