{"_sessions":{"BVfnrtQLQ/dXfr1AhjNmPOcjmRN04c8xucvOLx7qRDoD":{"registrationId":505014133,"currentRatchet":{"ephemeralKeyPair":{"pubKey":"BXIgSKrls6g5s8mH7kWFSt5e5G1XhKmQqCebhDf3SlkI","privKey":"8NtORtP4oOjuxtac4asduXoPLHpbIqKAVRtR3FItGkc="},"lastRemoteEphemeralKey":"BVTDeQbU+OG07y28vYCjv8xs5tU/XgzlIJqUIx7UmGJ1","previousCounter":0,"rootKey":"4N8pRFYPodUFOKqz7tsdulg3mBmxB8QclqewR0v5tcs="},"indexInfo":{"baseKey":"BVfnrtQLQ/dXfr1AhjNmPOcjmRN04c8xucvOLx7qRDoD","baseKeyType":1,"closed":-1,"used":1747219049097,"created":1747219049097,"remoteIdentityKey":"Bet5GcJpwW6r6RdlV7ve2B+UD+cW9/hYea5UdHXaT8lL"},"_chains":{"BXIgSKrls6g5s8mH7kWFSt5e5G1XhKmQqCebhDf3SlkI":{"chainKey":{"counter":0,"key":"lvlWkqwmtfbsZs648UQ+XvNX/KUE1Uigu7wo3dQMCYQ="},"chainType":1,"messageKeys":{}}},"pendingPreKey":{"signedKeyId":5,"baseKey":"BVfnrtQLQ/dXfr1AhjNmPOcjmRN04c8xucvOLx7qRDoD","preKeyId":207342}}},"version":"v1"}