{"_sessions":{"BaKVxVWPiQTKFZLoAh0kv0WotiLnbMg7zn0SyYrJ+y51":{"registrationId":524857822,"currentRatchet":{"ephemeralKeyPair":{"pubKey":"BU+yfUq0uFxVx1Rbq+I/8YLmJs1n8SkZrzbRGB1nCB93","privKey":"EH/fonqhxuVZlwf0wyQA6XRFcuaZqZJxCeGO663vW2g="},"lastRemoteEphemeralKey":"BbZUe/S/aYswXsEeNYhKMLk0gkBR/eHqfXN8ounuNKJQ","previousCounter":0,"rootKey":"HyY9oB5m1NJyB10/m2TswHpP9OYVzL+1dGXiwdK7gTY="},"indexInfo":{"baseKey":"BaKVxVWPiQTKFZLoAh0kv0WotiLnbMg7zn0SyYrJ+y51","baseKeyType":1,"closed":-1,"used":1747208182654,"created":1747208182654,"remoteIdentityKey":"BUoIfSR5Z6663Suw9p/CKGtWMeHizLB4kPbkYX8R9FQG"},"_chains":{"BU+yfUq0uFxVx1Rbq+I/8YLmJs1n8SkZrzbRGB1nCB93":{"chainKey":{"counter":1,"key":"c3wX5jHwDJNGuA7eHW9J3tHSXbbaDu34y1mAZvIJRVU="},"chainType":1,"messageKeys":{}}},"pendingPreKey":{"signedKeyId":1,"baseKey":"BaKVxVWPiQTKFZLoAh0kv0WotiLnbMg7zn0SyYrJ+y51","preKeyId":14107771}}},"version":"v1"}