{"_sessions":{"BUQ5s34Wu5E3iynYX8BMr+RUtU+9cOUG47WBDNQFwCIF":{"registrationId":31358034,"currentRatchet":{"ephemeralKeyPair":{"pubKey":"BeMwq/M2mDNJxkPfRL07a6UrjV3kWSCjOXuR2TkdsBtf","privKey":"4JLvcXJPJPI6UoAM4RPoxA3olgd7LUYcgcyapBhOb30="},"lastRemoteEphemeralKey":"BSgPwsHajwfCfWMr6duDRx0f6CwlS7U2pA7ST7UySHdF","previousCounter":0,"rootKey":"TMFZotW6v9MF2m42zSbSQ6SHWFRDHAUI2LDS2dgjZZA="},"indexInfo":{"baseKey":"BUQ5s34Wu5E3iynYX8BMr+RUtU+9cOUG47WBDNQFwCIF","baseKeyType":1,"closed":-1,"used":1747216483045,"created":1747216483045,"remoteIdentityKey":"BagRtHIXa7vm/ZPGPdY7MZNr13Tg9oopcUBRz0TRIP4e"},"_chains":{"BeMwq/M2mDNJxkPfRL07a6UrjV3kWSCjOXuR2TkdsBtf":{"chainKey":{"counter":0,"key":"gF0D90OI/f1esLrLyhatroE56ZdpwcU8Mh/hpXD5fWY="},"chainType":1,"messageKeys":{}}},"pendingPreKey":{"signedKeyId":0,"baseKey":"BUQ5s34Wu5E3iynYX8BMr+RUtU+9cOUG47WBDNQFwCIF","preKeyId":2563169}}},"version":"v1"}