{"_sessions":{"BWbnSSgyvd5YDaZU1atPkMqnvce+pB4ujII/e/9ItylV":{"registrationId":2127491197,"currentRatchet":{"ephemeralKeyPair":{"pubKey":"BbXaUrLjHr91jNa8fi72jMFP1W9ke1RTSdMh+vb2SShS","privKey":"2F8MaDdVXXJR+LUHQV1JTgj41Y2ZAN4ACl38jUJLRXk="},"lastRemoteEphemeralKey":"BfM2116ShaLlvwVXzk6wvLoxekdUN52i4LDaUvSEwf8j","previousCounter":0,"rootKey":"4rfh6gdL1h9h6WU5zuAncoGKL+CQhttwNwSCfi3Z7XY="},"indexInfo":{"baseKey":"BWbnSSgyvd5YDaZU1atPkMqnvce+pB4ujII/e/9ItylV","baseKeyType":1,"closed":-1,"used":1747219049060,"created":1747219049060,"remoteIdentityKey":"BcnbL6wEFCfAHItfclOrKveedvtH2SQuKJShw1Ec7O8h"},"_chains":{"BbXaUrLjHr91jNa8fi72jMFP1W9ke1RTSdMh+vb2SShS":{"chainKey":{"counter":0,"key":"zq38+ve1m96NMwsu1lHmcsfYr3G//Kb9PM23SG6EFJs="},"chainType":1,"messageKeys":{}}},"pendingPreKey":{"signedKeyId":7,"baseKey":"BWbnSSgyvd5YDaZU1atPkMqnvce+pB4ujII/e/9ItylV"}}},"version":"v1"}