{"_sessions":{"BRnGG1HeIuThCjbwm3kM21nH2GTn4U9Sz+b+HTt0lBJB":{"registrationId":217723249,"currentRatchet":{"ephemeralKeyPair":{"pubKey":"Ba41Zv0woypinyOaP3LxlKLK6+KBEAaVdLjqLfpVSeoo","privKey":"uD86jrs9koBSAo49tVj4jh9iDWyVZxDz++v3Kz5AWWE="},"lastRemoteEphemeralKey":"BRW5gRk1y1iv4+k71JGff2TPf56DWZrPNpmmtzu5Cmhe","previousCounter":0,"rootKey":"X7chdz3RlfPcVV61pW6VkQqFUsaAFkHbJ9RU9cZ4Cng="},"indexInfo":{"baseKey":"BRnGG1HeIuThCjbwm3kM21nH2GTn4U9Sz+b+HTt0lBJB","baseKeyType":1,"closed":-1,"used":1747229631198,"created":1747229631198,"remoteIdentityKey":"BWEL3mF/WzCYGMiiN6dN3G07Z4Swa8NItCVD6F69i7Ay"},"_chains":{"Ba41Zv0woypinyOaP3LxlKLK6+KBEAaVdLjqLfpVSeoo":{"chainKey":{"counter":0,"key":"kKjh1Hr/7n5y212QTjnJ26C2cHP4aZfB9JsvUTMMjLw="},"chainType":1,"messageKeys":{}}},"pendingPreKey":{"signedKeyId":2,"baseKey":"BRnGG1HeIuThCjbwm3kM21nH2GTn4U9Sz+b+HTt0lBJB","preKeyId":7984273}}},"version":"v1"}