{"_sessions":{"BeK1fkoplyPQZuaK33GWQ35s7zkvy3+EJYHqX3kT6M0g":{"registrationId":1848511292,"currentRatchet":{"ephemeralKeyPair":{"pubKey":"BaU+vA5cpPShN+e0VHZ6JNjbe5VceqddAucZMr6NgQJx","privKey":"ILnscTwE/tScUd+DP+FwgM+sOfja9ha5fYnKPf47Cm8="},"lastRemoteEphemeralKey":"BSaZBD1bA0uSWwoyb0XrDwIaixSyJd0vVLLgjBtbxJkC","previousCounter":0,"rootKey":"gOzCgO4Jh+szjXK375pAT7xe1rHn1qrpZDRL0fMOJlU="},"indexInfo":{"baseKey":"BeK1fkoplyPQZuaK33GWQ35s7zkvy3+EJYHqX3kT6M0g","baseKeyType":1,"closed":-1,"used":1747219051135,"created":1747219051135,"remoteIdentityKey":"Bf0LBHS7x/RZp39yRbbhp1+iNCxKl7c5Q9fCryr1T1lm"},"_chains":{"BaU+vA5cpPShN+e0VHZ6JNjbe5VceqddAucZMr6NgQJx":{"chainKey":{"counter":0,"key":"bKzHdq2p1LB8Yyg67r51J7Brv+x20S93OZ4gwFuirqI="},"chainType":1,"messageKeys":{}}},"pendingPreKey":{"signedKeyId":1,"baseKey":"BeK1fkoplyPQZuaK33GWQ35s7zkvy3+EJYHqX3kT6M0g","preKeyId":3969622}}},"version":"v1"}