{"_sessions":{"BUnQo5d+2qntTsu+NGmMC32WMJa6ROkqxmxPumtOjlc1":{"registrationId":1280442249,"currentRatchet":{"ephemeralKeyPair":{"pubKey":"BVOj7/lZjk62EKwg0DVhvMIbjX4pjVHg/ZPRt+3GdtVS","privKey":"2Fl+k47zqJd1PSOjPbrvqhU6YxkQpg71EnaV/638Vno="},"lastRemoteEphemeralKey":"BUXAu+1CYAasi6lM2xaLYbJaajVoNg0jVmkB/Y1BUfx0","previousCounter":0,"rootKey":"FsGHOdgMLZ96ff+5KnV7omjxg5wKd0Yx583N5OMt5OE="},"indexInfo":{"baseKey":"BUnQo5d+2qntTsu+NGmMC32WMJa6ROkqxmxPumtOjlc1","baseKeyType":1,"closed":-1,"used":1747216483037,"created":1747216483037,"remoteIdentityKey":"BaZeVzFBf+6UcVK3Eo8gl+MyP00vibwyX5NB2j0tjN8q"},"_chains":{"BVOj7/lZjk62EKwg0DVhvMIbjX4pjVHg/ZPRt+3GdtVS":{"chainKey":{"counter":0,"key":"SaATZe0PJ5Vl29gzGK2nzABrRkW4yOLs/y4uPi4o4qI="},"chainType":1,"messageKeys":{}}},"pendingPreKey":{"signedKeyId":2,"baseKey":"BUnQo5d+2qntTsu+NGmMC32WMJa6ROkqxmxPumtOjlc1","preKeyId":981251}}},"version":"v1"}