{"_sessions":{"BSUH9kqT9YAn4yRlTYHmv6cGq++fsy9KdMhNoyuz7CpT":{"registrationId":1529861275,"currentRatchet":{"ephemeralKeyPair":{"pubKey":"Be52r2oNLI3fBMJn6VH/uyRoYKDBON1MtqFYm+8BnWtE","privKey":"yI5SEVCox8L/qUjW6z/NCMjcl89id+KDB/NnCcWffm4="},"lastRemoteEphemeralKey":"BV3szKbHjjReq+U7dLltHLDuz6JG/hO0gBoQ5lJDhQdx","previousCounter":0,"rootKey":"c+5jgxWHpbEcMUjm3+sS91E82SPn3p8GzTRmsVdp1hA="},"indexInfo":{"baseKey":"BSUH9kqT9YAn4yRlTYHmv6cGq++fsy9KdMhNoyuz7CpT","baseKeyType":1,"closed":-1,"used":1747219050933,"created":1747219050933,"remoteIdentityKey":"BXaaScFAQLcRVwrx0DWJ52QBFwQHMYKOJwOru7s2vKRf"},"_chains":{"Be52r2oNLI3fBMJn6VH/uyRoYKDBON1MtqFYm+8BnWtE":{"chainKey":{"counter":0,"key":"bnJ4NnHvHnFbBZ1KARCqjhoD7xIDOGP2V3BZQf+QE/U="},"chainType":1,"messageKeys":{}}},"pendingPreKey":{"signedKeyId":1,"baseKey":"BSUH9kqT9YAn4yRlTYHmv6cGq++fsy9KdMhNoyuz7CpT","preKeyId":10963809}}},"version":"v1"}