{"_sessions":{"BReW/rz4n5+l/KCEv3rgiY8Z9BfrvtHh9/7VEnYTS581":{"registrationId":580746084,"currentRatchet":{"ephemeralKeyPair":{"pubKey":"BZjNB92MXJ5hxyIteMFJjgM8SlLgJjLmfLeF+NwTFKR2","privKey":"6LPdOCjOxIkGYkTPoXCkg0brC3//nLJOB2STxjNDUmw="},"lastRemoteEphemeralKey":"BbQpH612YIpLMJGxTozhr6BKHmdDUdVXNWnl50A1oy0H","previousCounter":0,"rootKey":"ZUjarNRh09mHtbamdMY0PXfsGkegxrqQKgjepPjrW/k="},"indexInfo":{"baseKey":"BReW/rz4n5+l/KCEv3rgiY8Z9BfrvtHh9/7VEnYTS581","baseKeyType":1,"closed":-1,"used":1747229630991,"created":1747229630991,"remoteIdentityKey":"BcLjESZkNw+n8pVZV+AQbRWCxRuajdZUnb1LaVdq9jED"},"_chains":{"BZjNB92MXJ5hxyIteMFJjgM8SlLgJjLmfLeF+NwTFKR2":{"chainKey":{"counter":0,"key":"6alKinttpAVIuWkw//gtvFM7dvcFmwttMqtDOCgKRJk="},"chainType":1,"messageKeys":{}}},"pendingPreKey":{"signedKeyId":2,"baseKey":"BReW/rz4n5+l/KCEv3rgiY8Z9BfrvtHh9/7VEnYTS581","preKeyId":11326040}}},"version":"v1"}