{"_sessions":{"BX4qshaNUrPBU2oiYUNlmndCnhobc36M0qZoSA+cnyZZ":{"registrationId":1052990423,"currentRatchet":{"ephemeralKeyPair":{"pubKey":"BQTZNJoz1QCXQz9crzoyAMVepn3lJjYQhUi3sUPlv184","privKey":"QB4kbs4+fukf9Xm9gja/JMCYLny2dNq0gt1QfKq+NnI="},"lastRemoteEphemeralKey":"BcqU8CqBgZAi0gu/a7E/+Cnmqu6gQ6ka9ny2wYHKNtYA","previousCounter":0,"rootKey":"fsSCw2xGHB6a3d9X0E429g5t1x/vljjXn+bYvdaadvg="},"indexInfo":{"baseKey":"BX4qshaNUrPBU2oiYUNlmndCnhobc36M0qZoSA+cnyZZ","baseKeyType":1,"closed":-1,"used":1747219044878,"created":1747219044878,"remoteIdentityKey":"BQl83a0eUI6BkZ9feKflQFXbY7JmTb6Qh0IrwOg2ZX8S"},"_chains":{"BQTZNJoz1QCXQz9crzoyAMVepn3lJjYQhUi3sUPlv184":{"chainKey":{"counter":0,"key":"8CFcS03vQ/MX39+UWe63Vorpt5RNZj1AOe6PMUddfQM="},"chainType":1,"messageKeys":{}}},"pendingPreKey":{"signedKeyId":0,"baseKey":"BX4qshaNUrPBU2oiYUNlmndCnhobc36M0qZoSA+cnyZZ","preKeyId":16207036}}},"version":"v1"}