{"_sessions":{"Bd+5C0Qx328r/OBvbC50ioHDveFR/zEa9jF18AhODfFI":{"registrationId":992239364,"currentRatchet":{"ephemeralKeyPair":{"pubKey":"BesC/ADqtuNpbQq/FbUQpOvN8g1kNdKbC+8X/LSjJR5v","privKey":"aLH08n2eI4UoMAFG9WzvrMRRF0gV67fgdRQq+01dYm8="},"lastRemoteEphemeralKey":"BQMbgPYloW6XW1pSJV8aWqGyIPrZpnrTBVEFZ/zidTwX","previousCounter":0,"rootKey":"HSuGSN4HuO1/uUjFG/BTX0zFS6KRwzi/wPZ4IZTIPBA="},"indexInfo":{"baseKey":"Bd+5C0Qx328r/OBvbC50ioHDveFR/zEa9jF18AhODfFI","baseKeyType":1,"closed":-1,"used":1747219049016,"created":1747219049016,"remoteIdentityKey":"BT1evQT45VivGpwZjSSVAujTXsWmE8rNzKbFFv6wgeI+"},"_chains":{"BesC/ADqtuNpbQq/FbUQpOvN8g1kNdKbC+8X/LSjJR5v":{"chainKey":{"counter":0,"key":"fL7nAdLjGMeIR9WJo0DHHzRrNpGoylBPE470i0LHh9M="},"chainType":1,"messageKeys":{}}},"pendingPreKey":{"signedKeyId":3,"baseKey":"Bd+5C0Qx328r/OBvbC50ioHDveFR/zEa9jF18AhODfFI","preKeyId":10656182}}},"version":"v1"}