{"_sessions":{"BcWD9XB2zhPq8YSocI9x+Sm2eHxT3+gEpMCVIJxbxUZn":{"registrationId":280072230,"currentRatchet":{"ephemeralKeyPair":{"pubKey":"BVxL0BJ86bdNN8hJhIQuzUYFMg8kR7bf3KTIfI1QVSYV","privKey":"qNhtId5pcCmsBfcm10hSeMSAk1xxgmW9NK8qzbWOKVM="},"lastRemoteEphemeralKey":"BQ476CWCe149ExTJnNV1h2r+67UY8xENut8MsukeyExj","previousCounter":0,"rootKey":"7zDVjbudyVFcSggJZv2999e+wZXQ5XXzAWyDq1bT45A="},"indexInfo":{"baseKey":"BcWD9XB2zhPq8YSocI9x+Sm2eHxT3+gEpMCVIJxbxUZn","baseKeyType":1,"closed":-1,"used":1747219047001,"created":1747219047001,"remoteIdentityKey":"BYYKk8lifNpy2DXVSLqIar1GNOKT/xqkig7+yaY7zMtN"},"_chains":{"BVxL0BJ86bdNN8hJhIQuzUYFMg8kR7bf3KTIfI1QVSYV":{"chainKey":{"counter":0,"key":"fzHuFFZxB2jOWjRd0aKUZSUbAs4LibPJI2p6mfTK0mk="},"chainType":1,"messageKeys":{}}},"pendingPreKey":{"signedKeyId":0,"baseKey":"BcWD9XB2zhPq8YSocI9x+Sm2eHxT3+gEpMCVIJxbxUZn","preKeyId":6685140}}},"version":"v1"}