{"_sessions":{"BUiujkzGpoRXHIfAFIpsU2Labp/ARUh2F3qpNLB61xEY":{"registrationId":567022307,"currentRatchet":{"ephemeralKeyPair":{"pubKey":"BUWx+f3ekkmIaM9rI67xiYNNwH+CMBETN95RrMckCq1i","privKey":"ODtwB/e1qxxdD97e/j09JFFqZbYdWz1GL/C9vGpCQF8="},"lastRemoteEphemeralKey":"BYwNw3xlG2EjFuki45/K1PrNVp7tgwUwxqBc1qfBPw4r","previousCounter":0,"rootKey":"GZlUGyH9naMk0im5tYoXdQv9TY8mMIkdvz4xCngR9Cw="},"indexInfo":{"baseKey":"BUiujkzGpoRXHIfAFIpsU2Labp/ARUh2F3qpNLB61xEY","baseKeyType":1,"closed":-1,"used":1747222182394,"created":1747222182394,"remoteIdentityKey":"BRismYgLTQPUDlUjHE2JLhx2d5cR86ZgCshu0z36VLpO"},"_chains":{"BUWx+f3ekkmIaM9rI67xiYNNwH+CMBETN95RrMckCq1i":{"chainKey":{"counter":16,"key":"rKR3Fjap5axhMq0oeRILbC8fxkLKoiwlSCXnqrLJV3M="},"chainType":1,"messageKeys":{}}},"pendingPreKey":{"signedKeyId":1,"baseKey":"BUiujkzGpoRXHIfAFIpsU2Labp/ARUh2F3qpNLB61xEY"}}},"version":"v1"}