{"_sessions":{"BRB9/g0Xmhj24A+DOUrbVj/C86piEI5XXL2XLJR8Rj9e":{"registrationId":591782431,"currentRatchet":{"ephemeralKeyPair":{"pubKey":"BStX4F6hr3Ce9bUmBRmjMcD8HcNzPvWo5tDS6RIXay0z","privKey":"4LzfRw5xsl5oriHwz5jc0VvtCPZ3eJKJey/f50d7oGA="},"lastRemoteEphemeralKey":"BTXtLMdpGQzCSKoXY0BGL7AGCQnUmmSS8J3xAKmaLjwX","previousCounter":0,"rootKey":"rUBEwlxqPcA2YnJcCxHLHiVAN8tLuHYq0j1bhT7No2k="},"indexInfo":{"baseKey":"BRB9/g0Xmhj24A+DOUrbVj/C86piEI5XXL2XLJR8Rj9e","baseKeyType":1,"closed":-1,"used":1747229631238,"created":1747229631238,"remoteIdentityKey":"BbIfGqa0InuZJR0tnvipxh0NTR9x9VqxeU35w9gEiA84"},"_chains":{"BStX4F6hr3Ce9bUmBRmjMcD8HcNzPvWo5tDS6RIXay0z":{"chainKey":{"counter":0,"key":"bEpxZ+22MrfmFY+bLRtZjznixZPQkJxjxFZAX3WsQRo="},"chainType":1,"messageKeys":{}}},"pendingPreKey":{"signedKeyId":34,"baseKey":"BRB9/g0Xmhj24A+DOUrbVj/C86piEI5XXL2XLJR8Rj9e","preKeyId":5247054}}},"version":"v1"}