{"_sessions":{"Betxr/XzcxKtJbvNMku3L/xWRCF9myCT7r32mm8bDtIp":{"registrationId":1802041115,"currentRatchet":{"ephemeralKeyPair":{"pubKey":"BZ0zz82IX0aXwxHcjwglUAoebV9nYgi8e0ThwHKw/7pR","privKey":"wBbSj2mQN4315FdAPUoDWXoCdAU7UOUbQHkul2GQAVE="},"lastRemoteEphemeralKey":"BW0BDrUjsIOMEkWA+h0ATLx+GyinRkjtmdjAXclPOjNq","previousCounter":0,"rootKey":"Xy7tSbcsqHNCfz+GhXklS3xTv2GjG58yGtsDVF+ox5g="},"indexInfo":{"baseKey":"Betxr/XzcxKtJbvNMku3L/xWRCF9myCT7r32mm8bDtIp","baseKeyType":1,"closed":-1,"used":1747216483012,"created":1747216483012,"remoteIdentityKey":"BdZM1kCchAGxoPSk0fJVzeis4wimZpxXhet7vzcUDL8W"},"_chains":{"BZ0zz82IX0aXwxHcjwglUAoebV9nYgi8e0ThwHKw/7pR":{"chainKey":{"counter":0,"key":"XqxuSoQNt7VNfW338Cpg4bVKejmYrZvFzTAkwp4AQOg="},"chainType":1,"messageKeys":{}}},"pendingPreKey":{"signedKeyId":6,"baseKey":"Betxr/XzcxKtJbvNMku3L/xWRCF9myCT7r32mm8bDtIp","preKeyId":12645551}}},"version":"v1"}