{"_sessions":{"BQ2Z2Mm75qxwEIExHfqGI7Ho6CYtJrR8V3SPEYaZwDJI":{"registrationId":1888546386,"currentRatchet":{"ephemeralKeyPair":{"pubKey":"BV10IZBruc+ejHTtQmLN1qiUVBOHLyskTOwL6dihz7c3","privKey":"0LnJaQ6g/UyNFJDYTo/OZPWW6Cs+X3FfBSjMdDdulnY="},"lastRemoteEphemeralKey":"BXGtzQ+d0sS8n3FuW5uAustYwhlhPNe93EOPM7ntm5Yc","previousCounter":0,"rootKey":"4IzghzhwrqkD8zU0LX5qGeHNnR9gypuwevASyqhXj3w="},"indexInfo":{"baseKey":"BQ2Z2Mm75qxwEIExHfqGI7Ho6CYtJrR8V3SPEYaZwDJI","baseKeyType":1,"closed":-1,"used":1747219050764,"created":1747219050764,"remoteIdentityKey":"Benw6+eLrQMs25INbomCucniyQlMaxxj3aS2tm+z3fFU"},"_chains":{"BV10IZBruc+ejHTtQmLN1qiUVBOHLyskTOwL6dihz7c3":{"chainKey":{"counter":0,"key":"8GUKj5HaerMLex/Le29PHTY2FN5VHMpu/8HDB4G2RSU="},"chainType":1,"messageKeys":{}}},"pendingPreKey":{"signedKeyId":0,"baseKey":"BQ2Z2Mm75qxwEIExHfqGI7Ho6CYtJrR8V3SPEYaZwDJI","preKeyId":2356166}}},"version":"v1"}