{"_sessions":{"BS4VtXC0NZGDPwq9Fmn12hdlCET3GYR2v5Dog/wt5zQ2":{"registrationId":1330363684,"currentRatchet":{"ephemeralKeyPair":{"pubKey":"BaDZqrJ8/jGy+KJtkuZc8ICsominPtGWDu6eyS/59NVV","privKey":"OMo6MU9jXgWo4veSAB8pO0zH5QTJWemNqCUZjWspbWY="},"lastRemoteEphemeralKey":"BUNbrzTE3fnIQuNWV/p3+ADBw8aoHKsrCtr7bCUeIokT","previousCounter":0,"rootKey":"k7XkPA/HQJoHmxTRW5vaJJiaAQynCpDVYvGweGUr+Vo="},"indexInfo":{"baseKey":"BS4VtXC0NZGDPwq9Fmn12hdlCET3GYR2v5Dog/wt5zQ2","baseKeyType":1,"closed":-1,"used":1747208182637,"created":1747208182637,"remoteIdentityKey":"BdILYC0RjUcJZdZx40YeOk+alefST2EoboBl74Z0chx4"},"_chains":{"BaDZqrJ8/jGy+KJtkuZc8ICsominPtGWDu6eyS/59NVV":{"chainKey":{"counter":2,"key":"6qFMPhuLqxKaBONq1AsMu+bA4sXmj1KsQTfHHIkQGBE="},"chainType":1,"messageKeys":{}}},"pendingPreKey":{"signedKeyId":1,"baseKey":"BS4VtXC0NZGDPwq9Fmn12hdlCET3GYR2v5Dog/wt5zQ2"}}},"version":"v1"}