{"_sessions":{"Be/sno+tMRci8flra8vzV5Gda0lVDyHx6rOHtf9S8GRw":{"registrationId":78,"currentRatchet":{"ephemeralKeyPair":{"pubKey":"Bb1EZlz/t7f1n+UBdZkkN+iLTfYpFbfyul1DokOYay15","privKey":"IPm89ulwGdhn6G5OLorvmXCST6PBEG5dQpUFfsREUWc="},"lastRemoteEphemeralKey":"BZ5iHzRPUceAD3g2WASbmaooCGstyZ4mxXeZZAL+RLVb","previousCounter":0,"rootKey":"dtKw1AGd+IOMgbT4Rd0oZX+PYCWYEjCMPSarqTxaEO8="},"indexInfo":{"baseKey":"Be/sno+tMRci8flra8vzV5Gda0lVDyHx6rOHtf9S8GRw","baseKeyType":1,"closed":-1,"used":1747219044921,"created":1747219044921,"remoteIdentityKey":"BUYvZ6qCKlJABsrR58s3zS87ELj9wO6Yco+ArKehn1cX"},"_chains":{"Bb1EZlz/t7f1n+UBdZkkN+iLTfYpFbfyul1DokOYay15":{"chainKey":{"counter":0,"key":"bOdR7KRr7ABswKSIKHlVXWhtvPkvnAz2PsREG3PA/ao="},"chainType":1,"messageKeys":{}}},"pendingPreKey":{"signedKeyId":1,"baseKey":"Be/sno+tMRci8flra8vzV5Gda0lVDyHx6rOHtf9S8GRw","preKeyId":682}}},"version":"v1"}