{"_sessions":{"BV3Ywx35S6XxsslHPiHA2enpq5U4ShyNnm9dTZRCTSNZ":{"registrationId":107974039,"currentRatchet":{"ephemeralKeyPair":{"pubKey":"BUJf1mIAnDiPot0oGAc0UYDXGc+2RHkyQANpEUA4pncu","privKey":"4GxJzVN8KmFqmFuzQ3xFI43GHoUQ9OKJH2QB5GqfE1I="},"lastRemoteEphemeralKey":"BUo2cLRlinpSXT1Rr4hD+lxauu02N1efwBby6M1hh7wd","previousCounter":0,"rootKey":"TZWZtVlrBpKCG8Wh6dDc86enZTy+88fCOk5pisMQqCE="},"indexInfo":{"baseKey":"BV3Ywx35S6XxsslHPiHA2enpq5U4ShyNnm9dTZRCTSNZ","baseKeyType":1,"closed":-1,"used":1747208182641,"created":1747208182641,"remoteIdentityKey":"BXsb+3UPuy6TmfNvCUYuc9nceVDUJ5SVZ/GZmMT0x+xa"},"_chains":{"BUJf1mIAnDiPot0oGAc0UYDXGc+2RHkyQANpEUA4pncu":{"chainKey":{"counter":1,"key":"fkK2nhurYg+25+l6DuQVuK5h7pOm4kgMBUePJdH1J94="},"chainType":1,"messageKeys":{}}},"pendingPreKey":{"signedKeyId":7,"baseKey":"BV3Ywx35S6XxsslHPiHA2enpq5U4ShyNnm9dTZRCTSNZ","preKeyId":1675012}}},"version":"v1"}