{"_sessions":{"BXXaAinaVLqN+6CfaEHMXt8Yb9KKKmH1vhYvdWkS+pEK":{"registrationId":192520155,"currentRatchet":{"ephemeralKeyPair":{"pubKey":"BTl5bGZIYVx//OAjWNFD8iBlitgN7HLGS3g/qW12QQNl","privKey":"AEOqmamHPav/93UuQYomdOQD8i+G8ARQ1uh2dtyDn1c="},"lastRemoteEphemeralKey":"BfEAiSSsOOx/FaxsdClpDcya0WKnFS+sfns42YL/kzEO","previousCounter":0,"rootKey":"hFITUALvLL99qxDXWk3M510fMFJbQdgFqFhvjCjE7qc="},"indexInfo":{"baseKey":"BXXaAinaVLqN+6CfaEHMXt8Yb9KKKmH1vhYvdWkS+pEK","baseKeyType":1,"closed":-1,"used":1747216483033,"created":1747216483033,"remoteIdentityKey":"BVQaQm1m+Kdm32mI1OvIHGuRC8xx45Iy8If0rxGSlp9H"},"_chains":{"BTl5bGZIYVx//OAjWNFD8iBlitgN7HLGS3g/qW12QQNl":{"chainKey":{"counter":0,"key":"otNdKDqbmiKZyEqvjqMurJeE/qi6djkQamCCfcpSjb8="},"chainType":1,"messageKeys":{}}},"pendingPreKey":{"signedKeyId":0,"baseKey":"BXXaAinaVLqN+6CfaEHMXt8Yb9KKKmH1vhYvdWkS+pEK","preKeyId":13704829}}},"version":"v1"}