{"_sessions":{"BZRrMFn+RfbvbudSyX8/uTydgaJUgL79+KixT822RQZ6":{"registrationId":875026137,"currentRatchet":{"ephemeralKeyPair":{"pubKey":"BTN07sH4VXYP/CMTgdq/qyO2UftEiCj2jU+JFBEAIUZR","privKey":"yBeJPAoj8wBbeeHzPg8A0q/0Z9RcEzR2jK9P4Xt2V10="},"lastRemoteEphemeralKey":"BQWhObnyE64260ygwAn6OzeMJcbEFAE4brtcwhfKQs1W","previousCounter":0,"rootKey":"EjNjqfRf2tXKXVXlTj907AXDa5AEAwRzhMmq0kW36Bg="},"indexInfo":{"baseKey":"BZRrMFn+RfbvbudSyX8/uTydgaJUgL79+KixT822RQZ6","baseKeyType":1,"closed":-1,"used":1747219050680,"created":1747219050680,"remoteIdentityKey":"BQCg882X4zwrwqEYBC+Z19kVK00R9+JL+pSc5kLLJus2"},"_chains":{"BTN07sH4VXYP/CMTgdq/qyO2UftEiCj2jU+JFBEAIUZR":{"chainKey":{"counter":0,"key":"7RsfyxSvb4bN76RuqZCabjhnE0egkOdEHLFzAXbsc+s="},"chainType":1,"messageKeys":{}}},"pendingPreKey":{"signedKeyId":12,"baseKey":"BZRrMFn+RfbvbudSyX8/uTydgaJUgL79+KixT822RQZ6","preKeyId":5518290}}},"version":"v1"}