{"_sessions":{"BR1OcxZaP9vf9Zwl6cm2rU6PecvGdkr/gU10n/QuXlp9":{"registrationId":1684917242,"currentRatchet":{"ephemeralKeyPair":{"pubKey":"Be+HX0zzKkDqVJJyPx2+2AqamE3Qb6r3WoliF/qa2/w2","privKey":"2PJog2z/tDYTSpEVb/YWsmMnfxeyfDyaqgOuCLdO4kA="},"lastRemoteEphemeralKey":"BXnwDHCY9YRLb+cGtGCLnS3j5wXjDEqMV3ER0KspcZQ4","previousCounter":0,"rootKey":"lO+gVX2Fo3ui558yn0wuvEJ+gRZadPe7T9HaeZUyo6g="},"indexInfo":{"baseKey":"BR1OcxZaP9vf9Zwl6cm2rU6PecvGdkr/gU10n/QuXlp9","baseKeyType":1,"closed":-1,"used":1747216483134,"created":1747216483134,"remoteIdentityKey":"BbBQEgFgzm2E5RjaZel8d1pA9S5zb44zi6u2GfPlFOQ4"},"_chains":{"Be+HX0zzKkDqVJJyPx2+2AqamE3Qb6r3WoliF/qa2/w2":{"chainKey":{"counter":0,"key":"bBE9NnuU/IkpIm3O5dHE1pyYpVi/rvdNTuhbftgmMNA="},"chainType":1,"messageKeys":{}}},"pendingPreKey":{"signedKeyId":1,"baseKey":"BR1OcxZaP9vf9Zwl6cm2rU6PecvGdkr/gU10n/QuXlp9","preKeyId":1928432}}},"version":"v1"}