{"_sessions":{"BYFUivIlVXDE0P7wi2aSzJvzhd+k9qcOXHWmevU4aWx9":{"registrationId":307298419,"currentRatchet":{"ephemeralKeyPair":{"pubKey":"BZe1eHHECIxTti04kZ2y/OGd8mW3sE5362EM9E0J6oY8","privKey":"SF11UG7A5URLFUQtHkGN2IRUpxWKm2VL6yZ3zKswMGc="},"lastRemoteEphemeralKey":"BUzdHEkAcERB6FVb1gzeHYSZ3TilSCnq+GOPF5HMEyBJ","previousCounter":0,"rootKey":"uXwdoY4XW5TYO3dgnaH8U1xZiqPhML3D3mF7GuahIZY="},"indexInfo":{"baseKey":"BYFUivIlVXDE0P7wi2aSzJvzhd+k9qcOXHWmevU4aWx9","baseKeyType":2,"closed":-1,"used":1747213847057,"created":1747213847057,"remoteIdentityKey":"BRaHqCI1RUhze1xZAk41ff4Gj6Hi2Axr/L2dmic4IcgY"},"_chains":{"BUzdHEkAcERB6FVb1gzeHYSZ3TilSCnq+GOPF5HMEyBJ":{"chainKey":{"counter":0,"key":"YL9RqWvujSwIXojs3tMkvW2/t7F7USVjFMjdjL7oH7A="},"chainType":2,"messageKeys":{}},"BZe1eHHECIxTti04kZ2y/OGd8mW3sE5362EM9E0J6oY8":{"chainKey":{"counter":-1,"key":"O/cCMjhBQqAhAm+zm1EGNpFeGSsv0/v3y9qyD2hIvTM="},"chainType":1,"messageKeys":{}}}}},"version":"v1"}