{"_sessions":{"BeCyQOXGRavo67AINLNbou+RxGjWO4Ay9GwxPRT/DL1Q":{"registrationId":2086861957,"currentRatchet":{"ephemeralKeyPair":{"pubKey":"BWNEvqMZkWDqKzmstVVMlBh5ewLOwsiS00DpjFCHe/tu","privKey":"0BIBMqCT8KJm1Gw+iMXfcCWvIfDfYhGTON64MgkGg0k="},"lastRemoteEphemeralKey":"BVZCv/KH/4o4ddI75hJBAcvdFolE18OKn2jhyalNz2Fl","previousCounter":0,"rootKey":"dFdwbK9H5FuLX2o+GR8EYQUGyto+wTh7LR2NwL5qiT4="},"indexInfo":{"baseKey":"BeCyQOXGRavo67AINLNbou+RxGjWO4Ay9GwxPRT/DL1Q","baseKeyType":1,"closed":1747227285998,"used":1747222182534,"created":1747222182534,"remoteIdentityKey":"BfumBwA+fx76i0G98bdiajvpx9y33uuUpoKbhAR38QZQ"},"_chains":{"BWNEvqMZkWDqKzmstVVMlBh5ewLOwsiS00DpjFCHe/tu":{"chainKey":{"counter":3,"key":"2FhWzgBHgcToCOB8jclpsx628po5ziCvt3PXblF6XhM="},"chainType":1,"messageKeys":{}}},"pendingPreKey":{"signedKeyId":32,"baseKey":"BeCyQOXGRavo67AINLNbou+RxGjWO4Ay9GwxPRT/DL1Q","preKeyId":8634928}},"BQ7fg3sewjRjWxaqK2INwFp3AY76OFvWS1PFACESnC1D":{"registrationId":2086861957,"currentRatchet":{"ephemeralKeyPair":{"pubKey":"BVo27VWp7ltq13YOTxEm91JwsZyfkb5eoCA7Q95Maqsa","privKey":"sHd7JbuwmdmDFRH9c6uem2LqS8vwxHFc/qzmq62jPmc="},"lastRemoteEphemeralKey":"BVZCv/KH/4o4ddI75hJBAcvdFolE18OKn2jhyalNz2Fl","previousCounter":0,"rootKey":"wQgtZ30QXolkMiOn/XnR1Bpk/88l5rgjh5S0i5VeTnQ="},"indexInfo":{"baseKey":"BQ7fg3sewjRjWxaqK2INwFp3AY76OFvWS1PFACESnC1D","baseKeyType":1,"closed":1747232016737,"used":1747227285997,"created":1747227285997,"remoteIdentityKey":"BfumBwA+fx76i0G98bdiajvpx9y33uuUpoKbhAR38QZQ"},"_chains":{"BVo27VWp7ltq13YOTxEm91JwsZyfkb5eoCA7Q95Maqsa":{"chainKey":{"counter":5,"key":"BkAD8v9JC2GiLz2Gk0QkaVz1a8Sw4hItPitGkvSV2qs="},"chainType":1,"messageKeys":{}}},"pendingPreKey":{"signedKeyId":32,"baseKey":"BQ7fg3sewjRjWxaqK2INwFp3AY76OFvWS1PFACESnC1D","preKeyId":8635758}},"BQ7NkJ5HxFdIS+/Km0iC+hNKlsNjsAujmhq4fHFlX/ws":{"registrationId":2086861957,"currentRatchet":{"ephemeralKeyPair":{"pubKey":"BRsCKFcgj5h6iZPVjbmFzJtQArtFL0xWwyRD0BOI+Ggw","privKey":"MLGgNbbqvX5X72s7xInomgo8Db/KmkXd2EzahlmP5nc="},"lastRemoteEphemeralKey":"BVZCv/KH/4o4ddI75hJBAcvdFolE18OKn2jhyalNz2Fl","previousCounter":0,"rootKey":"OeEnCX5hHhF1GzzJ0FIkabt4bX5IMJkTkcPxO3ePA/Q="},"indexInfo":{"baseKey":"BQ7NkJ5HxFdIS+/Km0iC+hNKlsNjsAujmhq4fHFlX/ws","baseKeyType":1,"closed":1747232920747,"used":1747232016736,"created":1747232016736,"remoteIdentityKey":"BfumBwA+fx76i0G98bdiajvpx9y33uuUpoKbhAR38QZQ"},"_chains":{"BRsCKFcgj5h6iZPVjbmFzJtQArtFL0xWwyRD0BOI+Ggw":{"chainKey":{"counter":1,"key":"v9beGusJBXD62RwEh+EdrZ3Zq/lE0oUH3GGWq6Edgws="},"chainType":1,"messageKeys":{}}},"pendingPreKey":{"signedKeyId":32,"baseKey":"BQ7NkJ5HxFdIS+/Km0iC+hNKlsNjsAujmhq4fHFlX/ws","preKeyId":8636494}},"BVaUMQhWbGJ4aVIq/OEGSIyVTTcQB/t5oikiQ8cIkl8s":{"registrationId":2086861957,"currentRatchet":{"ephemeralKeyPair":{"pubKey":"BeCfwcitT9dH8KjAfTpFiYrqMGdZGO0gVPyeq+7EzFRN","privKey":"aH4gDyY8vA/7lQmx8624Zkj3zKek2M/x8QdefgG4em0="},"lastRemoteEphemeralKey":"BVZCv/KH/4o4ddI75hJBAcvdFolE18OKn2jhyalNz2Fl","previousCounter":0,"rootKey":"trdJQu6HSxrqaQBINN8YeItgI8XLFqTaD9kTnmxxeUg="},"indexInfo":{"baseKey":"BVaUMQhWbGJ4aVIq/OEGSIyVTTcQB/t5oikiQ8cIkl8s","baseKeyType":1,"closed":-1,"used":1747232920746,"created":1747232920746,"remoteIdentityKey":"BfumBwA+fx76i0G98bdiajvpx9y33uuUpoKbhAR38QZQ"},"_chains":{"BeCfwcitT9dH8KjAfTpFiYrqMGdZGO0gVPyeq+7EzFRN":{"chainKey":{"counter":4,"key":"Pu7Q6QHLratnhj0F6oNj3Mje/D58x/7tq25HXwg9JWM="},"chainType":1,"messageKeys":{}}},"pendingPreKey":{"signedKeyId":32,"baseKey":"BVaUMQhWbGJ4aVIq/OEGSIyVTTcQB/t5oikiQ8cIkl8s","preKeyId":8636543}}},"version":"v1"}