{"_sessions":{"BS9ecZol3k/7SDqc/LNKqMxtVEuZTwWq5rrXNTYUpYcN":{"registrationId":1152958555,"currentRatchet":{"ephemeralKeyPair":{"pubKey":"BRY0GZ+k+LoJ5INiRI2op9I9NVXE14n/jieWF/0LIlQ7","privKey":"yOUwgvkfGpy1z/IFs1azHYBRz5o6xZrFue2DC6KNaGo="},"lastRemoteEphemeralKey":"BaGCylPPWLSraQH1h0h4hLBGy5qv/GJir/CKkpPfPQUq","previousCounter":0,"rootKey":"Vub3y7nH/0HUIZJUw/5HXdUwioutJE3fPeZG0IYrX7o="},"indexInfo":{"baseKey":"BS9ecZol3k/7SDqc/LNKqMxtVEuZTwWq5rrXNTYUpYcN","baseKeyType":1,"closed":-1,"used":1747209564499,"created":1747209564499,"remoteIdentityKey":"BZrE9uAwVNnQWXjXVbNHlBgB/NQDuLGZghNHZju/KSY/"},"_chains":{"BRY0GZ+k+LoJ5INiRI2op9I9NVXE14n/jieWF/0LIlQ7":{"chainKey":{"counter":0,"key":"0NCnXcliSfm+tkIRsPkxH6DaxAuoCIl8ovgXA2HZnoI="},"chainType":1,"messageKeys":{}}},"pendingPreKey":{"signedKeyId":28,"baseKey":"BS9ecZol3k/7SDqc/LNKqMxtVEuZTwWq5rrXNTYUpYcN","preKeyId":15428532}}},"version":"v1"}