{"_sessions":{"BR7tG8sx7YYE5f/rOJOyQZquyT2dIxvJ03G3Eh4Z2TM2":{"registrationId":357861136,"currentRatchet":{"ephemeralKeyPair":{"pubKey":"Bd/tZtrwWPchuJDoHUDckcQe+2v4A9/GUeHVveGXU99s","privKey":"AM61DWOuwuGRkTO09rctynfYl7UbnSUp5kJEeaXIOWc="},"lastRemoteEphemeralKey":"BVnne8MpF5atvI69vt/evgKEovsGs+MfN1exDtFPQ9R5","previousCounter":0,"rootKey":"R8ooSKzwL4NT/p2YCzU6Y5i+L6T7+CjSvoXOtHOh30Y="},"indexInfo":{"baseKey":"BR7tG8sx7YYE5f/rOJOyQZquyT2dIxvJ03G3Eh4Z2TM2","baseKeyType":1,"closed":-1,"used":1747219047292,"created":1747219047292,"remoteIdentityKey":"BWrpiaSvG56WOZKhIYswgkAQbA1wKI6WrbeO+SFmNJt2"},"_chains":{"Bd/tZtrwWPchuJDoHUDckcQe+2v4A9/GUeHVveGXU99s":{"chainKey":{"counter":0,"key":"qiglZHP9t1YgaQeoyFFWVzUwRegwKTvmUYtZCZocSBo="},"chainType":1,"messageKeys":{}}},"pendingPreKey":{"signedKeyId":6,"baseKey":"BR7tG8sx7YYE5f/rOJOyQZquyT2dIxvJ03G3Eh4Z2TM2"}}},"version":"v1"}