{"_sessions":{"BdEhWU1LmspetjBiRgkeg51Et2cMSN7CLd1XzahNPRBd":{"registrationId":606387249,"currentRatchet":{"ephemeralKeyPair":{"pubKey":"BabV5rIWd9RwXik6uyJAd/V9wZAP9tTAwsPx2n5oaFcC","privKey":"CBcS/DD2bKubildRO3evVexWmP9D8QYbX9IAV5DCFm8="},"lastRemoteEphemeralKey":"BZ2dRoqRTRlD0PBszEDLASNwxFYGIVyDrvjApzE+zzsT","previousCounter":0,"rootKey":"TrLOwiXGyU+dJVufqmqv1jJJYj69q5yAUKclYOZr8kY="},"indexInfo":{"baseKey":"BdEhWU1LmspetjBiRgkeg51Et2cMSN7CLd1XzahNPRBd","baseKeyType":1,"closed":-1,"used":1747219047289,"created":1747219047289,"remoteIdentityKey":"Bf7LwsxIdJbuNzrrOhvlp1TprWp/niGNo8DrTGjxQrJR"},"_chains":{"BabV5rIWd9RwXik6uyJAd/V9wZAP9tTAwsPx2n5oaFcC":{"chainKey":{"counter":0,"key":"AHSI/vcdVjRBpbUTZ4t4pHiDgZ3lITghUPRZYFH6+e8="},"chainType":1,"messageKeys":{}}},"pendingPreKey":{"signedKeyId":2,"baseKey":"BdEhWU1LmspetjBiRgkeg51Et2cMSN7CLd1XzahNPRBd","preKeyId":12067877}}},"version":"v1"}