{"_sessions":{"BU/vFC9nB4oJXetOP64gyKzsRrrCGlwpE09Mj962hcwi":{"registrationId":2077732788,"currentRatchet":{"ephemeralKeyPair":{"pubKey":"BTDIsZpOTdIh1fuHlG1A+h7yWmuvA4t/vpEiVCORuBED","privKey":"+MKOqYm4A+UPDi/HOX4/jTkTj6wUDFJWKR+6ixJj1U4="},"lastRemoteEphemeralKey":"BUVEZLr/nmeroPVtZwvy9tUQ5vpyC9IaOQ5DNLRg5zow","previousCounter":0,"rootKey":"G4QtGV5VHG48TZ5ZGc4gjKWkJTCwz8X2ljRsrkcH2dI="},"indexInfo":{"baseKey":"BU/vFC9nB4oJXetOP64gyKzsRrrCGlwpE09Mj962hcwi","baseKeyType":1,"closed":-1,"used":1747229631295,"created":1747229631295,"remoteIdentityKey":"BbTp63DR8Gu3IPvHPwnFuKvTDo3xbAvg3XtRbVjLNaMX"},"_chains":{"BTDIsZpOTdIh1fuHlG1A+h7yWmuvA4t/vpEiVCORuBED":{"chainKey":{"counter":0,"key":"SBDU9c5PNY2dqGxKYY3bL9FzPHPxotYncOE+VpjMSsk="},"chainType":1,"messageKeys":{}}},"pendingPreKey":{"signedKeyId":10,"baseKey":"BU/vFC9nB4oJXetOP64gyKzsRrrCGlwpE09Mj962hcwi","preKeyId":15261583}}},"version":"v1"}