{"_sessions":{"BX1kY8Wb82Pk+VxzyvidsFdei+0glHc6fcFrfwNPM3Zu":{"registrationId":1748541695,"currentRatchet":{"ephemeralKeyPair":{"pubKey":"BaT98edbVd/NGilf6boaVPXU2FFKL96lOyNna+H5f+5C","privKey":"4CfUMRdhjln1LJKi65zSznAfENPOeLS5OIxIFo3P93U="},"lastRemoteEphemeralKey":"BTRts6QiprApNSSgtFT/xKuOTCNdfNXQDBJhUdiN9AsR","previousCounter":0,"rootKey":"cKymIKAWaQYO5lSBhkzjGMCsLIRAah+k28cruaWcymI="},"indexInfo":{"baseKey":"BX1kY8Wb82Pk+VxzyvidsFdei+0glHc6fcFrfwNPM3Zu","baseKeyType":1,"closed":-1,"used":1747219050600,"created":1747219050600,"remoteIdentityKey":"BaiUqIhGuUcy19/69t+S/aVUXYnKiO2XlrT37rb7O/Fb"},"_chains":{"BaT98edbVd/NGilf6boaVPXU2FFKL96lOyNna+H5f+5C":{"chainKey":{"counter":0,"key":"IwUKNnJBMfA3z3mm03w5gD+N4F0A5+Kym97AvYGp/X8="},"chainType":1,"messageKeys":{}}},"pendingPreKey":{"signedKeyId":0,"baseKey":"BX1kY8Wb82Pk+VxzyvidsFdei+0glHc6fcFrfwNPM3Zu"}}},"version":"v1"}