{"_sessions":{"BdcXopS+3Fj5jeB6y/lP+gxDOQmscI53XevKIK/rEBMD":{"registrationId":1256454441,"currentRatchet":{"ephemeralKeyPair":{"pubKey":"BXaGmDikzqSlwRJKWwt9p0FBMIeRcZ3Wupq9vPc0MnRX","privKey":"gEPjeISju3XylXBsYFD0r3G9a9Diks18SFQERyYhklw="},"lastRemoteEphemeralKey":"BfXzc7ACDqTJWt1dq6W1k6jGJ/X9V978M2sq+m3zwi4n","previousCounter":0,"rootKey":"Gs+3+HhE89CaNioKPIXc6y4AT0tHobGxwxZ3dVYiBrE="},"indexInfo":{"baseKey":"BdcXopS+3Fj5jeB6y/lP+gxDOQmscI53XevKIK/rEBMD","baseKeyType":1,"closed":-1,"used":1747219049140,"created":1747219049140,"remoteIdentityKey":"BfdIgSl+thuJpe8R71qv0iPwM5GEQYmtAGuvvMbdTAt4"},"_chains":{"BXaGmDikzqSlwRJKWwt9p0FBMIeRcZ3Wupq9vPc0MnRX":{"chainKey":{"counter":0,"key":"pt3bGe0Su/3O6uEIfGsNDjCsDAZP6ZKJA2phwN2LJS8="},"chainType":1,"messageKeys":{}}},"pendingPreKey":{"signedKeyId":14,"baseKey":"BdcXopS+3Fj5jeB6y/lP+gxDOQmscI53XevKIK/rEBMD","preKeyId":8958378}}},"version":"v1"}