{"_sessions":{"BVewiu0eVaOtTOMmCuTAmBErsS7W4xLUTwaU2UP3b9hM":{"registrationId":238168243,"currentRatchet":{"ephemeralKeyPair":{"pubKey":"BXRmgejRUyi24wPSzM9Lpg2VlL7zhBNFiQdw1Mx+Z8lm","privKey":"uAMNphslaIshXxomHfOUSZt7yxzOEozf3CQelFjtRHA="},"lastRemoteEphemeralKey":"BcOvkGSP8/JlyQ/JjObDjnScVJVWctPtwPIC9LDgLacX","previousCounter":0,"rootKey":"4dFYyAj27wlY6S4awtwHlwH6rSrkQsAWdYvY2xavMfY="},"indexInfo":{"baseKey":"BVewiu0eVaOtTOMmCuTAmBErsS7W4xLUTwaU2UP3b9hM","baseKeyType":1,"closed":-1,"used":1747219048991,"created":1747219048991,"remoteIdentityKey":"BdLrZA3Abq/ePAwJUPrvVPHK1yqdW8xe2xNu0Vw1t9gd"},"_chains":{"BXRmgejRUyi24wPSzM9Lpg2VlL7zhBNFiQdw1Mx+Z8lm":{"chainKey":{"counter":0,"key":"4es79BV0TozmJsC4PcLu+/qlRg+89RuxgRBmYlFPbp0="},"chainType":1,"messageKeys":{}}},"pendingPreKey":{"signedKeyId":0,"baseKey":"BVewiu0eVaOtTOMmCuTAmBErsS7W4xLUTwaU2UP3b9hM"}}},"version":"v1"}