{"_sessions":{"BUINBnigZJ46YcdbjJCUdpymxeraQ6ylLujTwnXYg6Ub":{"registrationId":148,"currentRatchet":{"ephemeralKeyPair":{"pubKey":"BWkZvvCA4p91GQk6y2ikrEgv4gjqMfRrlsmBlMH+dEI+","privKey":"+MFn3x14CXh3VwRTqeESwcQ7sCq8rx+Px6LGVHx4W38="},"lastRemoteEphemeralKey":"BYEwSLpU76opSJDOtwxiaP7tmzI6k+HzqzFsSUo+bGhg","previousCounter":0,"rootKey":"fhO/nXFpoZeVO+TDFrXX+HK0dclCGA97/mVILEAcV0A="},"indexInfo":{"baseKey":"BUINBnigZJ46YcdbjJCUdpymxeraQ6ylLujTwnXYg6Ub","baseKeyType":1,"closed":-1,"used":1747219044722,"created":1747219044722,"remoteIdentityKey":"BVuhfAZomF+6MoK39Sph2lg/jlDTk+O1F4Ol6i+8IAdg"},"_chains":{"BWkZvvCA4p91GQk6y2ikrEgv4gjqMfRrlsmBlMH+dEI+":{"chainKey":{"counter":0,"key":"24EcIaLwy+4DBaEi3MyM8z1I02+hsgOxtdWir2o7iiM="},"chainType":1,"messageKeys":{}}},"pendingPreKey":{"signedKeyId":1,"baseKey":"BUINBnigZJ46YcdbjJCUdpymxeraQ6ylLujTwnXYg6Ub"}}},"version":"v1"}