{"_sessions":{"BVeL/TL3vZHv26LwokMUWsiWB6LnG7yEGS6YxJ+2ilsj":{"registrationId":887826252,"currentRatchet":{"ephemeralKeyPair":{"pubKey":"BZmxr2feEUzgIKlbYtNtPzYCIUQ5/2zNCN0WK86hzJNo","privKey":"gNra0PNsdghWzPEhlHUrcfIYk947TEmCgmd91A54+F4="},"lastRemoteEphemeralKey":"Bdc9WoQuRHrRjCYXcj/Gb3Q45c9hF8TToyiiytea2yd0","previousCounter":0,"rootKey":"jORJ1k667YBl41PDjnF9iYM4ZVXLkIkeciHzNakBWJo="},"indexInfo":{"baseKey":"BVeL/TL3vZHv26LwokMUWsiWB6LnG7yEGS6YxJ+2ilsj","baseKeyType":1,"closed":-1,"used":1747219048813,"created":1747219048813,"remoteIdentityKey":"BcoshHHUZYxX0KLG4ZaKAOTyIA42ThI/v6M2NMXklaNJ"},"_chains":{"BZmxr2feEUzgIKlbYtNtPzYCIUQ5/2zNCN0WK86hzJNo":{"chainKey":{"counter":0,"key":"WadaaPjUQRNT1j8SVGXSOiTeCbWoq8MesxR7quI1rzU="},"chainType":1,"messageKeys":{}}},"pendingPreKey":{"signedKeyId":3,"baseKey":"BVeL/TL3vZHv26LwokMUWsiWB6LnG7yEGS6YxJ+2ilsj","preKeyId":12695859}}},"version":"v1"}