{"_sessions":{"BdHEgYEAixOhnMdpRO0XlorASSbgPzLp+165hT1It8IC":{"registrationId":12304,"currentRatchet":{"ephemeralKeyPair":{"pubKey":"BbDAw5cvCbhDHqB+BffX+cBoDRKZZJwSWPHysI6+++MH","privKey":"YAaU1fMCvMjdjoHgytlJpCITZicG+YSA7nU2kfUblF4="},"lastRemoteEphemeralKey":"BYgpSbvwMqZPBYcz/PIpICfY08yVZ5XCkQZ2KwtcSLRy","previousCounter":0,"rootKey":"/WLh4EzYLhIsA0ewvwr+gx6hTH0IhhBCew2YPHnjzsw="},"indexInfo":{"baseKey":"BdHEgYEAixOhnMdpRO0XlorASSbgPzLp+165hT1It8IC","baseKeyType":1,"closed":-1,"used":1747222182358,"created":1747222182358,"remoteIdentityKey":"BaYtxzvDmvKEJpZUP+LXRCEdsBSO5cAe9eDxegemII8O"},"_chains":{"BbDAw5cvCbhDHqB+BffX+cBoDRKZZJwSWPHysI6+++MH":{"chainKey":{"counter":16,"key":"3k023RsvMNYvpNjE3BSmX9HivV+UcTnlKoJxvlsvUUM="},"chainType":1,"messageKeys":{}}},"pendingPreKey":{"signedKeyId":1,"baseKey":"BdHEgYEAixOhnMdpRO0XlorASSbgPzLp+165hT1It8IC"}}},"version":"v1"}