{"_sessions":{"BYi3MhPzNRJx4sDrIfs6OiwF5qJB93ihM3t1cOQ3dphW":{"registrationId":856310178,"currentRatchet":{"ephemeralKeyPair":{"pubKey":"BYBOSRFHqAcbdZOFmK8Mx+6izDO1sRhOFCMGmV/xt3NQ","privKey":"4HXjo8Ek1MmyErtbagn132P+evEoOVcMg1UjhHsbOGE="},"lastRemoteEphemeralKey":"BZJjinalZyZbbp0cyfT+8H8kffObveSiqcVBkyV/v1Mn","previousCounter":0,"rootKey":"dRK+1YR446d+kQCeYxyWybi41FrbgoSOo07V0BfFons="},"indexInfo":{"baseKey":"BYi3MhPzNRJx4sDrIfs6OiwF5qJB93ihM3t1cOQ3dphW","baseKeyType":1,"closed":-1,"used":1747229631031,"created":1747229631031,"remoteIdentityKey":"BVLoL9pqbLUdw7PWEwGznXNCclixWP9uQNHG6XY1K00y"},"_chains":{"BYBOSRFHqAcbdZOFmK8Mx+6izDO1sRhOFCMGmV/xt3NQ":{"chainKey":{"counter":0,"key":"BWCn/RN8vtrW6SUNWsF3+PzLcZ7F7FbXzVc3oE0zxUM="},"chainType":1,"messageKeys":{}}},"pendingPreKey":{"signedKeyId":60,"baseKey":"BYi3MhPzNRJx4sDrIfs6OiwF5qJB93ihM3t1cOQ3dphW"}}},"version":"v1"}