{"_sessions":{"BWRpVVQX6nBT6ouuTgi8XNpe5xWGEMK/hFvQouOS21Rd":{"registrationId":1661857747,"currentRatchet":{"ephemeralKeyPair":{"pubKey":"BbgGS9sN4KEhz2hCKYD8sKWY9Q4EiHjwa2+vCWApRcpw","privKey":"sDa63MWolfRBrH+3F2onXPzwg5hhde+Hb8BI37D3EUI="},"lastRemoteEphemeralKey":"BRoAyCiVvQkh5kfwDdDOjrdgi45HQyRQ1GZTs5TeXu1B","previousCounter":0,"rootKey":"D43sm/r0pCYO52WhV4O5C6OhCFcnjEPHhtJQS8FAhBo="},"indexInfo":{"baseKey":"BWRpVVQX6nBT6ouuTgi8XNpe5xWGEMK/hFvQouOS21Rd","baseKeyType":1,"closed":-1,"used":1747219050961,"created":1747219050961,"remoteIdentityKey":"Bev3E9dEJRKytGsGl+hdFKDMifZWj0sMA61DNj6cIDwK"},"_chains":{"BbgGS9sN4KEhz2hCKYD8sKWY9Q4EiHjwa2+vCWApRcpw":{"chainKey":{"counter":0,"key":"rpMUpdV+t8sWtsqj9glcwxN2qabzlXjsS0uWpdDHVT0="},"chainType":1,"messageKeys":{}}},"pendingPreKey":{"signedKeyId":3,"baseKey":"BWRpVVQX6nBT6ouuTgi8XNpe5xWGEMK/hFvQouOS21Rd","preKeyId":11166214}}},"version":"v1"}