{"_sessions":{"BXZkQPtFjKZEn03Rz+lHl7MaHfRDvosP1LX7CvZyGB06":{"registrationId":782288191,"currentRatchet":{"ephemeralKeyPair":{"pubKey":"BW462lo+hEZohJEWLCsI3yKeCcHi5QEhTR5bO1aulGNu","privKey":"+OpOyTeXXi4VePhFFzC44xxCFHZpX7f9UHNGN+OPEXI="},"lastRemoteEphemeralKey":"BVbLxvUhkN7fgs0VYibqwWmOC2Z43LEneFhIq/AXMFlI","previousCounter":0,"rootKey":"X9yf/UoRgBWKmC0ee4COIvwwwQPvrFJJ4jLR8emoNQY="},"indexInfo":{"baseKey":"BXZkQPtFjKZEn03Rz+lHl7MaHfRDvosP1LX7CvZyGB06","baseKeyType":1,"closed":-1,"used":1747219044670,"created":1747219044670,"remoteIdentityKey":"BeFrhTu9dfc762I1HH/7zNzy+DHwUk7XMfkAF6qfW/QS"},"_chains":{"BW462lo+hEZohJEWLCsI3yKeCcHi5QEhTR5bO1aulGNu":{"chainKey":{"counter":0,"key":"PlT69Ys3Bys0i1Le0Vu57SPFJRWgcEPPXQjAXrTeXoM="},"chainType":1,"messageKeys":{}}},"pendingPreKey":{"signedKeyId":3,"baseKey":"BXZkQPtFjKZEn03Rz+lHl7MaHfRDvosP1LX7CvZyGB06","preKeyId":11440392}}},"version":"v1"}