{"_sessions":{"BTflvY0KmKOfWFVTfF1Kh+nQZwaNWpxzxxPaczgs4zUk":{"registrationId":13017,"currentRatchet":{"ephemeralKeyPair":{"pubKey":"BUgs+rdUP6t2i2uuXsehr2rYigT44Sht90xtq5UAY7tn","privKey":"4KtUB8s667KCOvGIgxe0alCgrKIgjND0FY6a0j5TEmQ="},"lastRemoteEphemeralKey":"BbgEx3/6ICbhNZpcXMOdpnrCJRrnfsLcE2B4jGrTvGhe","previousCounter":0,"rootKey":"/d3fHvYkmovSthHZY+R72iNMD44rHN1aS+2eWFTDt70="},"indexInfo":{"baseKey":"BTflvY0KmKOfWFVTfF1Kh+nQZwaNWpxzxxPaczgs4zUk","baseKeyType":1,"closed":-1,"used":1747216482979,"created":1747216482979,"remoteIdentityKey":"BUPa0UDdslxxptiaCalrDQ+I6HXauYi8u3Dp15/fxIYx"},"_chains":{"BUgs+rdUP6t2i2uuXsehr2rYigT44Sht90xtq5UAY7tn":{"chainKey":{"counter":0,"key":"ur4eD1WHoplhvAGhtmcOMLb0oZVeeRGzfbhY80VKm7s="},"chainType":1,"messageKeys":{}}},"pendingPreKey":{"signedKeyId":1,"baseKey":"BTflvY0KmKOfWFVTfF1Kh+nQZwaNWpxzxxPaczgs4zUk","preKeyId":390}}},"version":"v1"}