{"_sessions":{"BXxLtKN5YC2Uj/k1Uv8KWjc/H1HBox8u9kF0b0m+OUV5":{"registrationId":1018856767,"currentRatchet":{"ephemeralKeyPair":{"pubKey":"BcKOYubDDr1Qarp/ekNlcyQA8mxxgpJNKPcrOFSw7mMH","privKey":"8CeJKe4NWmWBkvs7tAUEXijAFiLlh1uS1iQUAjD65FI="},"lastRemoteEphemeralKey":"BTW+BmJs76mT422orlwuYVNe9MrmVnIQzRmPZdWY5E8Y","previousCounter":0,"rootKey":"rYbdqSi/26u+Fi8qUXVsDQu4fWfQov9fBcHw8DQt8rg="},"indexInfo":{"baseKey":"BXxLtKN5YC2Uj/k1Uv8KWjc/H1HBox8u9kF0b0m+OUV5","baseKeyType":1,"closed":-1,"used":1747219045030,"created":1747219045030,"remoteIdentityKey":"Bd1sYyBgIRQPVvvHwQ0xJdMCNUdFaS8MFFz1a4NyjhB5"},"_chains":{"BcKOYubDDr1Qarp/ekNlcyQA8mxxgpJNKPcrOFSw7mMH":{"chainKey":{"counter":0,"key":"hx2KUlPdabsiPGbtvjwgQ48UkypEesQEr7Oi0hqBYN4="},"chainType":1,"messageKeys":{}}},"pendingPreKey":{"signedKeyId":2,"baseKey":"BXxLtKN5YC2Uj/k1Uv8KWjc/H1HBox8u9kF0b0m+OUV5","preKeyId":8765228}}},"version":"v1"}