{"_sessions":{"BaVrMJkJO57E3X41o7/0Q9OmuhFCP/tCf41wLee04icg":{"registrationId":1460028842,"currentRatchet":{"ephemeralKeyPair":{"pubKey":"BfBux0qs/hMRr7wPkDHbQPoajTYMZAHTH4M63lckkqA8","privKey":"6K2SkYsPDR3szemlCXgB4+olFEO9gP5B/MucJ95x+2M="},"lastRemoteEphemeralKey":"BdFFfrlo5q8G9XEy3jKGXP5CYtU/4ahuIMrag+Vs0dV5","previousCounter":0,"rootKey":"O03o7ZyMqbRhWGTO8wYbK7F5jBK0hc2Str0IRrySjoU="},"indexInfo":{"baseKey":"BaVrMJkJO57E3X41o7/0Q9OmuhFCP/tCf41wLee04icg","baseKeyType":2,"closed":-1,"used":1747224346779,"created":1747224346779,"remoteIdentityKey":"BVrdtvR6KIvk8iZ/e9KuVRT/BQ2/YDm1xYveD2DgvXB+"},"_chains":{"BdFFfrlo5q8G9XEy3jKGXP5CYtU/4ahuIMrag+Vs0dV5":{"chainKey":{"counter":0,"key":"jBkft/3NnzBXysrq9b9nPIPlxFnBf/mHn/v6Xg8BjIE="},"chainType":2,"messageKeys":{}},"BfBux0qs/hMRr7wPkDHbQPoajTYMZAHTH4M63lckkqA8":{"chainKey":{"counter":-1,"key":"TIEWKUnUn8d2xYZ4wTfMVnHmBsf1FojRrQAWqG5kUAk="},"chainType":1,"messageKeys":{}}}}},"version":"v1"}