{"_sessions":{"BRakGzg8WFQEFG+z5/vtPWzXOudfUUrDyUTYFFExaocA":{"registrationId":1239169080,"currentRatchet":{"ephemeralKeyPair":{"pubKey":"Bdj/bIM/TsLBG4c4H1XhjmcU2wbs++W25jcUNt+ZI8A1","privKey":"mMGb94gKqJCCSI4IDu39tWsKmNxPZh0yFZjHLhhfMWs="},"lastRemoteEphemeralKey":"BUIycvjZjMeliTD8QRkzZ9SbreTNB3Tw8klN1GSf60dy","previousCounter":0,"rootKey":"z8m/Z/XWBfBf6kVgrlE+M0LzGa/I+oyw9vmfDcVtTDI="},"indexInfo":{"baseKey":"BRakGzg8WFQEFG+z5/vtPWzXOudfUUrDyUTYFFExaocA","baseKeyType":1,"closed":1747232916742,"used":1747222182367,"created":1747222182367,"remoteIdentityKey":"Bc+1FYjpExdlbL6q20+/kOFuaoYBPCrsn31neQ9wEdco"},"_chains":{"Bdj/bIM/TsLBG4c4H1XhjmcU2wbs++W25jcUNt+ZI8A1":{"chainKey":{"counter":10,"key":"8pCK5a1zQuhM30TYQki0PX9729pCQ2ETJ26PRQEiU+E="},"chainType":1,"messageKeys":{}}},"pendingPreKey":{"signedKeyId":15,"baseKey":"BRakGzg8WFQEFG+z5/vtPWzXOudfUUrDyUTYFFExaocA","preKeyId":6594}},"BSRlLO+RtMQC+sY+U3Iy2ZHsKIqrXQP7hsc+gopudH5c":{"registrationId":1239169080,"currentRatchet":{"ephemeralKeyPair":{"pubKey":"BdxovBO6CulyPPHkqD9X5X00CcbnV/egGju8lvKWl9UX","privKey":"eLx8ueYrzLvFMEuiz0/5R1r9p102cTWavW0umEJzUXg="},"lastRemoteEphemeralKey":"BUIycvjZjMeliTD8QRkzZ9SbreTNB3Tw8klN1GSf60dy","previousCounter":0,"rootKey":"vtjaVMTYCfhz1U0sFwawGWuJ18WgGgRhQPYypbhX6qM="},"indexInfo":{"baseKey":"BSRlLO+RtMQC+sY+U3Iy2ZHsKIqrXQP7hsc+gopudH5c","baseKeyType":1,"closed":1747232921541,"used":1747232916739,"created":1747232916739,"remoteIdentityKey":"Bc+1FYjpExdlbL6q20+/kOFuaoYBPCrsn31neQ9wEdco"},"_chains":{"BdxovBO6CulyPPHkqD9X5X00CcbnV/egGju8lvKWl9UX":{"chainKey":{"counter":0,"key":"Vc0k9clRmpog/NFi8HZ5Mwv66xQdD54Z4B+83hLYb/M="},"chainType":1,"messageKeys":{}}},"pendingPreKey":{"signedKeyId":15,"baseKey":"BSRlLO+RtMQC+sY+U3Iy2ZHsKIqrXQP7hsc+gopudH5c","preKeyId":6993}},"BQWNYYQ0sN4W5HZIHgERsxrjcY5lX+6+lkFB12HO6cRv":{"registrationId":1239169080,"currentRatchet":{"ephemeralKeyPair":{"pubKey":"Bd7mE26C3blFuUwTIvKLsoy6iyDK+bge/40DECm2NOJd","privKey":"aKUSuu82TYzVrb0ipxb7lpLe1dUIXO69659I5qvo12s="},"lastRemoteEphemeralKey":"BUIycvjZjMeliTD8QRkzZ9SbreTNB3Tw8klN1GSf60dy","previousCounter":0,"rootKey":"jSsHYD3BH3aXrLQakWrcohe2xf1N/bPYxLuwfoqfwWQ="},"indexInfo":{"baseKey":"BQWNYYQ0sN4W5HZIHgERsxrjcY5lX+6+lkFB12HO6cRv","baseKeyType":1,"closed":1747232921806,"used":1747232921540,"created":1747232921540,"remoteIdentityKey":"Bc+1FYjpExdlbL6q20+/kOFuaoYBPCrsn31neQ9wEdco"},"_chains":{"Bd7mE26C3blFuUwTIvKLsoy6iyDK+bge/40DECm2NOJd":{"chainKey":{"counter":-1,"key":"kjVQhFMlP98Zf+cIIn5VbtC2+X/b7mIQCcvDAWKfb68="},"chainType":1,"messageKeys":{}}},"pendingPreKey":{"signedKeyId":15,"baseKey":"BQWNYYQ0sN4W5HZIHgERsxrjcY5lX+6+lkFB12HO6cRv","preKeyId":6732}},"BRoUfbYh1ATF9DGPLNRls4n82SYCRF5U+gP6JmkM8Pse":{"registrationId":1239169080,"currentRatchet":{"ephemeralKeyPair":{"pubKey":"BZJZWdA7I7PGUQknYfYIs/YhvHiht8cv3crSgU7CXLJm","privKey":"KD8rZrogVXt+hrAiNNYuIrrzfOD6g5D0iGu54WKKzG8="},"lastRemoteEphemeralKey":"BUIycvjZjMeliTD8QRkzZ9SbreTNB3Tw8klN1GSf60dy","previousCounter":0,"rootKey":"gh2uy16xzQN2fm7N6gDIQOe6kg0Xdf2kNmTPnV5tHmM="},"indexInfo":{"baseKey":"BRoUfbYh1ATF9DGPLNRls4n82SYCRF5U+gP6JmkM8Pse","baseKeyType":1,"closed":-1,"used":1747232921805,"created":1747232921805,"remoteIdentityKey":"Bc+1FYjpExdlbL6q20+/kOFuaoYBPCrsn31neQ9wEdco"},"_chains":{"BZJZWdA7I7PGUQknYfYIs/YhvHiht8cv3crSgU7CXLJm":{"chainKey":{"counter":4,"key":"JpQyy2LHz1jrqXqnbhDR7TUdwmvdqz9TPzAQ8gJ03Uo="},"chainType":1,"messageKeys":{}}},"pendingPreKey":{"signedKeyId":15,"baseKey":"BRoUfbYh1ATF9DGPLNRls4n82SYCRF5U+gP6JmkM8Pse","preKeyId":6625}}},"version":"v1"}