{"_sessions":{"BRjbLZg9VKqxgV+RU7SnI4NtQYpx93RBpXLPrfZqn2MO":{"registrationId":133,"currentRatchet":{"ephemeralKeyPair":{"pubKey":"BTVdiYiac5kSVVguzjYKEH8JgRGmo41+C5MIc6ZSsyJT","privKey":"kP5+3IGyW/I/hTyWcgVbJ4qWDFEPyMC5z+uqs6GPmks="},"lastRemoteEphemeralKey":"BTYsDVxmgUwab+0rKK2bJfS63q+iSHYqbBEL4e0VWywQ","previousCounter":0,"rootKey":"Dq7xT4daCUghlWjwIzyw6/G2Bw9f9+Vj37h7ikrSUDo="},"indexInfo":{"baseKey":"BRjbLZg9VKqxgV+RU7SnI4NtQYpx93RBpXLPrfZqn2MO","baseKeyType":1,"closed":-1,"used":1747219044783,"created":1747219044783,"remoteIdentityKey":"BRwEkgK3+90xo0BnUWxsB5fSiCrJbqtcNbbWko0LHdl0"},"_chains":{"BTVdiYiac5kSVVguzjYKEH8JgRGmo41+C5MIc6ZSsyJT":{"chainKey":{"counter":0,"key":"vDbQ1bVEQYM142gfXfpIgcq2pIfdWCg7JHSoGadLw6U="},"chainType":1,"messageKeys":{}}},"pendingPreKey":{"signedKeyId":1,"baseKey":"BRjbLZg9VKqxgV+RU7SnI4NtQYpx93RBpXLPrfZqn2MO"}}},"version":"v1"}