{"_sessions":{"BZBaalW8yW49oD/yPGjWYJWPgVxJUUwCIbcS5t+cR/5C":{"registrationId":175293546,"currentRatchet":{"ephemeralKeyPair":{"pubKey":"BUa7D64nNX9HWwezh4Q8kwuNcBMWnuE3x/hlkBPOKVcT","privKey":"gPPXRljeWRa0JcgPAZkmO8a3UeNNrFzzFjqWao+ohF8="},"lastRemoteEphemeralKey":"BZJNxFCiVp2c02pruX9hBjUY6CjgkTRL66u+khTuOW8G","previousCounter":0,"rootKey":"M5h2c4w6bc83IfJZGwErV+LDmtEc9R/NJtpoS7urvCk="},"indexInfo":{"baseKey":"BZBaalW8yW49oD/yPGjWYJWPgVxJUUwCIbcS5t+cR/5C","baseKeyType":1,"closed":-1,"used":1747219044928,"created":1747219044928,"remoteIdentityKey":"BZovxcrxlTIdIl+OfbujOKGfTQVpebG/Z6LfgyZ4y7xq"},"_chains":{"BUa7D64nNX9HWwezh4Q8kwuNcBMWnuE3x/hlkBPOKVcT":{"chainKey":{"counter":0,"key":"WCBGahcl6u08lfJLYP8VfHasfkBVgWviH68QLlob/CA="},"chainType":1,"messageKeys":{}}},"pendingPreKey":{"signedKeyId":3,"baseKey":"BZBaalW8yW49oD/yPGjWYJWPgVxJUUwCIbcS5t+cR/5C","preKeyId":1004759}}},"version":"v1"}