{"_sessions":{"Bc56C00Ae9dG3sfZlzOd2/oc8jWACjsUjfY4gcQcyYo0":{"registrationId":28648776,"currentRatchet":{"ephemeralKeyPair":{"pubKey":"Bb/T/U9o2iL8W7NN0XiP1LPnK6DdruAJSN4fWCsdr2BL","privKey":"2HxbI2/1ukHLNMGHRYNm7AnzL4iu3iSv7sVw2wC0U0c="},"lastRemoteEphemeralKey":"BfwN3aECe7bPHg8Gc/F0aiBtLUDliBgBY2aV3rjt/Mw+","previousCounter":0,"rootKey":"EiQKgLm1vnJUwaZrdls6Z539RAjsJU6IzSGuxN1b2Xc="},"indexInfo":{"baseKey":"Bc56C00Ae9dG3sfZlzOd2/oc8jWACjsUjfY4gcQcyYo0","baseKeyType":1,"closed":-1,"used":1747219047269,"created":1747219047269,"remoteIdentityKey":"BY9qdIYNxMSgyNCKd9T8gHYimrad8Bk1IgaeEWWYQxtX"},"_chains":{"Bb/T/U9o2iL8W7NN0XiP1LPnK6DdruAJSN4fWCsdr2BL":{"chainKey":{"counter":0,"key":"oKSkn6sLTEEytEuFufur3u2S93hw7yIflrUsoSiJ/H4="},"chainType":1,"messageKeys":{}}},"pendingPreKey":{"signedKeyId":7,"baseKey":"Bc56C00Ae9dG3sfZlzOd2/oc8jWACjsUjfY4gcQcyYo0","preKeyId":15973506}}},"version":"v1"}