{"_sessions":{"BTXkQF1qh6GmJI5DLynF7ciPPnR9Mm++sGPvCDUIPFta":{"registrationId":1997112770,"currentRatchet":{"ephemeralKeyPair":{"pubKey":"BUI/X3ev5kHgCpTJw/myYWTp3kUA6kBLZ3z2lOxwb/ZD","privKey":"SBR3zSa9MVIix1nV4ebqFa1nGK5899hpkVC1hey4Sko="},"lastRemoteEphemeralKey":"BX+YdOpXniwdJRBfMkWQl3GU96IfKaDp7fJljXjatV0B","previousCounter":0,"rootKey":"idSxyudV5VPyKSwy7m4gqboSvUAdtI9QFkKtQ5W16Hk="},"indexInfo":{"baseKey":"BTXkQF1qh6GmJI5DLynF7ciPPnR9Mm++sGPvCDUIPFta","baseKeyType":1,"closed":-1,"used":1747219044999,"created":1747219044999,"remoteIdentityKey":"BUZjUehTv45wePCYYFWeY+i3OxtVybCarVxoLESwr4Al"},"_chains":{"BUI/X3ev5kHgCpTJw/myYWTp3kUA6kBLZ3z2lOxwb/ZD":{"chainKey":{"counter":0,"key":"z2FowDexKUCnIP0mh0jQZaYmZoaeeLHJLLp8OD15Gqs="},"chainType":1,"messageKeys":{}}},"pendingPreKey":{"signedKeyId":0,"baseKey":"BTXkQF1qh6GmJI5DLynF7ciPPnR9Mm++sGPvCDUIPFta","preKeyId":10842380}}},"version":"v1"}