{"_sessions":{"Bbpw3VpGV3Z6kRBP9WYQHax2CQsMXyRvhhV+xPB3o8te":{"registrationId":844915835,"currentRatchet":{"ephemeralKeyPair":{"pubKey":"Bct8zvpjQ2FU8KnceClY8xpaV/z0yKJFUqJhRoM1mIh2","privKey":"QP5nkvIYQno1pNl6tAJAe6cACsE/pE/PVbI0OnyVE1M="},"lastRemoteEphemeralKey":"BfTigV3yTKCGA/4pPOVcPXqvp3FbVHlmjkc+149eLo8c","previousCounter":0,"rootKey":"0X1+m2+2tJMy1k1Y8Iklz1R7Wj7iKk0vfXzgubico+I="},"indexInfo":{"baseKey":"Bbpw3VpGV3Z6kRBP9WYQHax2CQsMXyRvhhV+xPB3o8te","baseKeyType":1,"closed":-1,"used":1747219050584,"created":1747219050584,"remoteIdentityKey":"BZB04QQtMaKGg6plNvH4LqIppC/FQ8wHVWFkYHoHJws7"},"_chains":{"Bct8zvpjQ2FU8KnceClY8xpaV/z0yKJFUqJhRoM1mIh2":{"chainKey":{"counter":0,"key":"kbt9jBmZ4Qe+X0lUkgmPwfmDoypN6lOMG3J9ULDbTEE="},"chainType":1,"messageKeys":{}}},"pendingPreKey":{"signedKeyId":10,"baseKey":"Bbpw3VpGV3Z6kRBP9WYQHax2CQsMXyRvhhV+xPB3o8te","preKeyId":4234047}}},"version":"v1"}