{"_sessions":{"BVZQau9tVzvjyn4e576fluHAmUMA1vXe2WjPtmDtyhop":{"registrationId":1468943585,"currentRatchet":{"ephemeralKeyPair":{"pubKey":"BdSjg1AxZG+YvG1lZ2KDxWyKOV7D5PC7LTny1H4smbQZ","privKey":"kPNpm9GsFgWmU21pPZggeYi1fkOXAkuPNl2kenm5ZFM="},"lastRemoteEphemeralKey":"BYsM+SLir9RMeAwUsZWZDZhPKiTAue8GrEIEW+e0jcsq","previousCounter":0,"rootKey":"Lri/jULCn+W32BVsZ1otqUzuFPi5Wey5Lfdjx6CyQpg="},"indexInfo":{"baseKey":"BVZQau9tVzvjyn4e576fluHAmUMA1vXe2WjPtmDtyhop","baseKeyType":2,"closed":-1,"used":1747225475495,"created":1747225475495,"remoteIdentityKey":"BfNFN9Y5DmKvcMxroaPaau1Dir1CP/iGmCMF9lVarG1L"},"_chains":{"BYsM+SLir9RMeAwUsZWZDZhPKiTAue8GrEIEW+e0jcsq":{"chainKey":{"counter":0,"key":"wR3SqWhDDLoSgvuII/emVAFH6PMpW/+svF7HMSOJmWc="},"chainType":2,"messageKeys":{}},"BdSjg1AxZG+YvG1lZ2KDxWyKOV7D5PC7LTny1H4smbQZ":{"chainKey":{"counter":-1,"key":"phwkLaaXYhYxBDAnREAwcQ9XWiD7/5D0mp6ANHXSVI8="},"chainType":1,"messageKeys":{}}}}},"version":"v1"}