{"_sessions":{"BaFz4fltDtSHy473cyX8xUpmTzBGedP6T41S/n5fDRZ/":{"registrationId":1130356133,"currentRatchet":{"ephemeralKeyPair":{"pubKey":"BbU8S/Y/R5m+nfkz3/OzKKVIkE5L8qEQk2332dD0bR8b","privKey":"sKyKI9XWzXX34eLlbB8ATS8VNKXiQ3XQnA5RpT4hwHo="},"lastRemoteEphemeralKey":"BXrXzQjJSewCjJ8Wz/0hCpmHMRkxglOLJg/ZxwNqLgF9","previousCounter":0,"rootKey":"xvQWPkDhVc4+vRBqLKd1oJ4eZM23SlsNnD85z5PnQAA="},"indexInfo":{"baseKey":"BaFz4fltDtSHy473cyX8xUpmTzBGedP6T41S/n5fDRZ/","baseKeyType":1,"closed":-1,"used":1747209564398,"created":1747209564398,"remoteIdentityKey":"BZBesqIvjMCpMkeOKheDMhdbFrsfTPdgdDtfAf9lQt8D"},"_chains":{"BbU8S/Y/R5m+nfkz3/OzKKVIkE5L8qEQk2332dD0bR8b":{"chainKey":{"counter":0,"key":"8KfwIu4W4AUQ7T9stoRh996dLZVXnyU6/wDmcx7MI3s="},"chainType":1,"messageKeys":{}}},"pendingPreKey":{"signedKeyId":1,"baseKey":"BaFz4fltDtSHy473cyX8xUpmTzBGedP6T41S/n5fDRZ/","preKeyId":13695299}}},"version":"v1"}