{"_sessions":{"BTUfth385KrPvPv39KZRyUxjtYGYlXbDH86YOQgEpqRU":{"registrationId":194,"currentRatchet":{"ephemeralKeyPair":{"pubKey":"BUWdGCfS62jUPOmwDEGCaKUL120iA6xFuwPUEtqI7bcT","privKey":"EMf/I+8lW4m9LvZTN4qhVplj6lvnPLjc1yi4H5cjvEY="},"lastRemoteEphemeralKey":"BWYx9ujzD/JA38tvK6qF/eBxP66NSh/Doz61sbYhgwpP","previousCounter":0,"rootKey":"eAeg/mhsfEn3LRJqfYnfP4AQtIU60QlyYPOvF/qDxno="},"indexInfo":{"baseKey":"BTUfth385KrPvPv39KZRyUxjtYGYlXbDH86YOQgEpqRU","baseKeyType":1,"closed":-1,"used":1747209564405,"created":1747209564405,"remoteIdentityKey":"Ben7coIhTzYIauAHqaj6LNCLKbXSRlgDfh/VySHZZI4Z"},"_chains":{"BUWdGCfS62jUPOmwDEGCaKUL120iA6xFuwPUEtqI7bcT":{"chainKey":{"counter":0,"key":"hkRXQPEmE2flljhi5mLMSGxmmsy1EyvoTdR+1AXsKZk="},"chainType":1,"messageKeys":{}}},"pendingPreKey":{"signedKeyId":1,"baseKey":"BTUfth385KrPvPv39KZRyUxjtYGYlXbDH86YOQgEpqRU"}}},"version":"v1"}