{"_sessions":{"BWDYj+3FYiVcV02qSoFYeeSKEtx7xxBmfq01iVMhioVk":{"registrationId":1299405493,"currentRatchet":{"ephemeralKeyPair":{"pubKey":"Bay67XX0vAXSiaxcnYtqHpRIQLgvbMhmSTBvxIcgVu1n","privKey":"gDpqMNWujYLW0asBBqIDS4nkk32jAY/hRZMwJwCebHQ="},"lastRemoteEphemeralKey":"BVOJqGDhWJqb539DynZssQpukOKPFgEr8Z67rEQjcHsk","previousCounter":0,"rootKey":"ztTt3XYhvhpZ+spYu1vrY2DUb+Ca/qKgMyQ5jbmz0qg="},"indexInfo":{"baseKey":"BWDYj+3FYiVcV02qSoFYeeSKEtx7xxBmfq01iVMhioVk","baseKeyType":1,"closed":-1,"used":1747207240042,"created":1747207240042,"remoteIdentityKey":"BWPoyjKU9GD4m0Tbv5apTI1YrZuXw3epHUtcr4ds7c8o"},"_chains":{"Bay67XX0vAXSiaxcnYtqHpRIQLgvbMhmSTBvxIcgVu1n":{"chainKey":{"counter":7,"key":"UrVWRJySV1J4wWagcLcI/TSCM4giU6WQQ5s/7UFljxo="},"chainType":1,"messageKeys":{}}},"pendingPreKey":{"signedKeyId":1,"baseKey":"BWDYj+3FYiVcV02qSoFYeeSKEtx7xxBmfq01iVMhioVk","preKeyId":5911483}}},"version":"v1"}