{"_sessions":{"Bb1PAXacSR/ePewmlq7LN/gzBu8xaTS9ey8StljtKQ99":{"registrationId":9602,"currentRatchet":{"ephemeralKeyPair":{"pubKey":"Bbjo3fRhUFG2pDvRYfFPLDP8RwwxzgBUqKelBBKYZV5y","privKey":"oJTRQbnJ3ST+Gia/95Zlb7Co4a94tBwGYPMDkm06A2E="},"lastRemoteEphemeralKey":"Bb9mg8b1sdGdSKfFsbxW57sBUNJWjOuZgemEQLjIkBQK","previousCounter":0,"rootKey":"9UIhQhnHtmbeEVQ1B3pZuxTVBGTLq+Vn0wc7v7WrCpQ="},"indexInfo":{"baseKey":"Bb1PAXacSR/ePewmlq7LN/gzBu8xaTS9ey8StljtKQ99","baseKeyType":1,"closed":-1,"used":1747208249677,"created":1747208249677,"remoteIdentityKey":"BUznl4FFHxD2Xm7rBbPEAmJWMcmG6tMszOmTOP4lTohb"},"_chains":{"Bbjo3fRhUFG2pDvRYfFPLDP8RwwxzgBUqKelBBKYZV5y":{"chainKey":{"counter":1,"key":"DJ3Jqrc4JEc+dDZRkG3a6Rx9P+dUuQelfQowMUrS9Ow="},"chainType":1,"messageKeys":{}}},"pendingPreKey":{"signedKeyId":1,"baseKey":"Bb1PAXacSR/ePewmlq7LN/gzBu8xaTS9ey8StljtKQ99","preKeyId":327}}},"version":"v1"}