{"_sessions":{"BU1kQd1uQt23BFVJrjNlzf1rUdD9Nwtr7CAOanP+PzJP":{"registrationId":86,"currentRatchet":{"ephemeralKeyPair":{"pubKey":"BdtA9l7aiyBvrR9X1blAfzBueCrVq9QfPwYT3fPFul9a","privKey":"sHMs2JmTXEtXwRfIF1gWpcukodIZMER56GrK9olHkF8="},"lastRemoteEphemeralKey":"BcF58eUHtcmmXLdMr1KtzS+bPXSqmQnqh0nayK8EWjdt","previousCounter":0,"rootKey":"L2mEVWdpO95AusNjLbYGgRDtqUOo7O2J+Z3JpRos+7g="},"indexInfo":{"baseKey":"BU1kQd1uQt23BFVJrjNlzf1rUdD9Nwtr7CAOanP+PzJP","baseKeyType":1,"closed":-1,"used":1747232014327,"created":1747232014327,"remoteIdentityKey":"BVaq/+osXwpOvhodcMpyLYe8s2sxiUHBqdhugPHJ3oQF"},"_chains":{"BdtA9l7aiyBvrR9X1blAfzBueCrVq9QfPwYT3fPFul9a":{"chainKey":{"counter":1,"key":"Bz4vkh0lgXqflZ1juYqUQRGnSuIezAQMbpujKj8S0WM="},"chainType":1,"messageKeys":{}}},"pendingPreKey":{"signedKeyId":1,"baseKey":"BU1kQd1uQt23BFVJrjNlzf1rUdD9Nwtr7CAOanP+PzJP"}}},"version":"v1"}