{"_sessions":{"Bf0hyTiNhxopbW7Wlu+9sXnFSMHXxq3UilJkmEwnJrR6":{"registrationId":1937860961,"currentRatchet":{"ephemeralKeyPair":{"pubKey":"BXm+BbZj3s6HB6H3V3dTvXJbnNJpd4wyifTYxQVeW6ZA","privKey":"YHddGRw1j7Tp6HTyQbRrIxCbDa/1CNuj4FLnxuMfmUc="},"lastRemoteEphemeralKey":"BWyxidIPWztm76W+6tC+4PnWZeN2V0frPXS6Nb/q2tMY","previousCounter":0,"rootKey":"+Qarh1Oqm2opII+Lv+SK/ftEMVrTUV8WnlYzh1deHm0="},"indexInfo":{"baseKey":"Bf0hyTiNhxopbW7Wlu+9sXnFSMHXxq3UilJkmEwnJrR6","baseKeyType":1,"closed":-1,"used":1747222182391,"created":1747222182391,"remoteIdentityKey":"BUrKqD0pWadmsDuMpWytH3yY2OiWUVr7hbfcCVFcS4Y3"},"_chains":{"BXm+BbZj3s6HB6H3V3dTvXJbnNJpd4wyifTYxQVeW6ZA":{"chainKey":{"counter":16,"key":"VH/VzBkWV6KAMAIufCKN7MhEmorP3uH2AdtR53nUg/Q="},"chainType":1,"messageKeys":{}}},"pendingPreKey":{"signedKeyId":2,"baseKey":"Bf0hyTiNhxopbW7Wlu+9sXnFSMHXxq3UilJkmEwnJrR6"}}},"version":"v1"}