{"_sessions":{"BWi9KgKdAgaLG/+F1kx4SKSfkw+cIwsSVTNtibAF9PJC":{"registrationId":239492051,"currentRatchet":{"ephemeralKeyPair":{"pubKey":"BZqfJwE0ZygPTMK0b6RMfrKUWZJt4wEPIZ+W4Ljx2Ylh","privKey":"2ASHydMLEuYQODPx6TQrU0VT+zo/KsDgW2LcU090lWQ="},"lastRemoteEphemeralKey":"BXrKwntqJ1dVEgaBWSVnjaPHxshqg6sYylJVWmh+FvMV","previousCounter":0,"rootKey":"JR5fOaFCAw2NC1VpW87W8qN22CLu5cRvi/pu8JlH8JU="},"indexInfo":{"baseKey":"BWi9KgKdAgaLG/+F1kx4SKSfkw+cIwsSVTNtibAF9PJC","baseKeyType":1,"closed":-1,"used":1747229445054,"created":1747229445054,"remoteIdentityKey":"BSbayu/p8EUPP+y2nFR1flcgSYKh3yURZZ0ZsFzOqiw1"},"_chains":{"BZqfJwE0ZygPTMK0b6RMfrKUWZJt4wEPIZ+W4Ljx2Ylh":{"chainKey":{"counter":2,"key":"jAShSZNZZKfOqc6cdJZehQ7i+EIWOYs6drrfTzC2ATM="},"chainType":1,"messageKeys":{}}},"pendingPreKey":{"signedKeyId":12169335,"baseKey":"BWi9KgKdAgaLG/+F1kx4SKSfkw+cIwsSVTNtibAF9PJC","preKeyId":21862}}},"version":"v1"}