{"_sessions":{"BcPSVj1U/9qAQ1z87G+qw6CVmfFG4RamZjwxnc+/2y10":{"registrationId":1612079754,"currentRatchet":{"ephemeralKeyPair":{"pubKey":"Bdyr4z+90LjfgMruTe8hNDqpNKTgbk2uUfL+KA9lOS9O","privKey":"mGMDI/WrwlP/bTIRbPyBHci8TdaQn6nvMrQmZM+XNHs="},"lastRemoteEphemeralKey":"BRS5gcqGE3/DUUDcrwNZsDJLkuzUdJRlYokQ1/ktjp1G","previousCounter":0,"rootKey":"0OHXaZSxkK6YbbKLp27G/Mw2jTnHdxGCYiOTdudtKvs="},"indexInfo":{"baseKey":"BcPSVj1U/9qAQ1z87G+qw6CVmfFG4RamZjwxnc+/2y10","baseKeyType":1,"closed":-1,"used":1747219050692,"created":1747219050692,"remoteIdentityKey":"BWXCnX23ndf4dTglsqymlre54xvK1MTbfxVwXt8yi6Mw"},"_chains":{"Bdyr4z+90LjfgMruTe8hNDqpNKTgbk2uUfL+KA9lOS9O":{"chainKey":{"counter":0,"key":"QOaf0bm3oi8VStLl2qcDVJICrWWdoCXaLNlU4NH8Uxk="},"chainType":1,"messageKeys":{}}},"pendingPreKey":{"signedKeyId":3,"baseKey":"BcPSVj1U/9qAQ1z87G+qw6CVmfFG4RamZjwxnc+/2y10","preKeyId":6303845}}},"version":"v1"}