{"_sessions":{"BUNwK1HgIK1OFNTtiTP9F7RU+G1aveWh083iOf+QEjJg":{"registrationId":1487159201,"currentRatchet":{"ephemeralKeyPair":{"pubKey":"BXYAz97a0Lk6hKFwBeQHWLflWNX/+F9zcrQhe45VyR9R","privKey":"sMa9rPhD2CABH7FxOKzc83vZp9I28GQ337vLsxm+mGc="},"lastRemoteEphemeralKey":"BQAfULblfnG7zpdX+EJNvepHXoWY35/94E6InNT0U61a","previousCounter":0,"rootKey":"ilw5CQ2D+r1HUdcEiFdDcLj2Juth/4YV6PJVMuqW78w="},"indexInfo":{"baseKey":"BUNwK1HgIK1OFNTtiTP9F7RU+G1aveWh083iOf+QEjJg","baseKeyType":1,"closed":-1,"used":1747216483053,"created":1747216483053,"remoteIdentityKey":"BeH0/pX3wedaChJ7c49LJCN7qWaH9sTti3wIu7fO+olK"},"_chains":{"BXYAz97a0Lk6hKFwBeQHWLflWNX/+F9zcrQhe45VyR9R":{"chainKey":{"counter":0,"key":"fYwptg/w4TfR+gkEGuuho4sPhOzRH56c/Zbq79ETKDA="},"chainType":1,"messageKeys":{}}},"pendingPreKey":{"signedKeyId":0,"baseKey":"BUNwK1HgIK1OFNTtiTP9F7RU+G1aveWh083iOf+QEjJg","preKeyId":424268}}},"version":"v1"}