{"_sessions":{"BckpGF3duk2Z+gxtyu6b6WvDekGhGynyMFpLbUvWE4ZT":{"registrationId":1022914418,"currentRatchet":{"ephemeralKeyPair":{"pubKey":"Bexr2QcoYoEhDYzqrew2nmWUdL0ViWve3tpNkiQVG7wG","privKey":"KOy3t7+R6BU52zB7HAKPR+hIs1pC4Lg5ZjSIFQjq93I="},"lastRemoteEphemeralKey":"BYMmNtto+atYXmfAnpe4HWVQDyugVedhaXm+8vXo33sD","previousCounter":0,"rootKey":"i1oRFgQWxdSLa7RT++nGXK/ZHW0jF6y880KUK5m0WIk="},"indexInfo":{"baseKey":"BckpGF3duk2Z+gxtyu6b6WvDekGhGynyMFpLbUvWE4ZT","baseKeyType":1,"closed":-1,"used":1747207240067,"created":1747207240067,"remoteIdentityKey":"BQeir0w+6A1zgQMl5Rw6X3uJuQlQ+3/ciyqKOV+/9m9U"},"_chains":{"Bexr2QcoYoEhDYzqrew2nmWUdL0ViWve3tpNkiQVG7wG":{"chainKey":{"counter":7,"key":"u0ARoVHga8LRE4abFJ7QbiMBXImFuE41vMuo40wkJbw="},"chainType":1,"messageKeys":{}}},"pendingPreKey":{"signedKeyId":1,"baseKey":"BckpGF3duk2Z+gxtyu6b6WvDekGhGynyMFpLbUvWE4ZT","preKeyId":8283560}}},"version":"v1"}