{"_sessions":{"BcpEbIf4C8qG4Rk9N3WMBecInk892p/73TQ5I2rJs7s0":{"registrationId":503300712,"currentRatchet":{"ephemeralKeyPair":{"pubKey":"BbCNSC+PK6EbU6P76MNdUpl0M2uYWLdHdSSllRw3DFYT","privKey":"gP1V4vssFFpBVV7NdfBahwVlk6m9DSoTCij+A60tY1I="},"lastRemoteEphemeralKey":"BWUqjgMQPPOJ5AOYPYGywbqv9v2swuu2vlMZv/vFswcG","previousCounter":0,"rootKey":"pfe6DOlIk6tV3T1PmpSFt5Yd1296Nc9qTay1KGmzHrE="},"indexInfo":{"baseKey":"BcpEbIf4C8qG4Rk9N3WMBecInk892p/73TQ5I2rJs7s0","baseKeyType":2,"closed":-1,"used":1747220480782,"created":1747220480782,"remoteIdentityKey":"BfqtTmYJoOhMnuzzMXH2S/MiPHxij/1gRZjw+3nCY9RX"},"_chains":{"BWUqjgMQPPOJ5AOYPYGywbqv9v2swuu2vlMZv/vFswcG":{"chainKey":{"counter":2,"key":"vWBZ3hDNh5w5Ra+4UVQzsuHVZUcAXLHWKsB+V58puPs="},"chainType":2,"messageKeys":{}},"BbCNSC+PK6EbU6P76MNdUpl0M2uYWLdHdSSllRw3DFYT":{"chainKey":{"counter":-1,"key":"9KWCvAvMhbTK/5euOwA/7/fhcGp2O2MaeiqpS4Ua6+4="},"chainType":1,"messageKeys":{}}}}},"version":"v1"}