{"_sessions":{"BbEopJVFx2BTkS3iAU6i5M8oq3gyA2h/FhY8RNDAi8NW":{"registrationId":139135897,"currentRatchet":{"ephemeralKeyPair":{"pubKey":"BUx8VH6wLmMRc8eZvdFz5H5mfsALkIUY/uJJtyjvo5kK","privKey":"WItrM6VejTviT6d42evb9szXTAE6PqcEKP58rAlsenM="},"lastRemoteEphemeralKey":"BS2pFyaFdiJj7s1A1h42fq7fmBo2CqsnBBHcfaYcK+Rr","previousCounter":0,"rootKey":"HWgFukbZcgeIVMLax7ZVrvzvsqlV5n4zd5MtJGJO8LY="},"indexInfo":{"baseKey":"BbEopJVFx2BTkS3iAU6i5M8oq3gyA2h/FhY8RNDAi8NW","baseKeyType":1,"closed":-1,"used":1747209564566,"created":1747209564566,"remoteIdentityKey":"BaS3cexLm4mNZP9f6CfA1d3tPgjNHN1Ae1w1lOYG7/hl"},"_chains":{"BUx8VH6wLmMRc8eZvdFz5H5mfsALkIUY/uJJtyjvo5kK":{"chainKey":{"counter":0,"key":"d5GmPGQua05BS4ocOb/AGFfkB8cTXYLEV5M13+R0We8="},"chainType":1,"messageKeys":{}}},"pendingPreKey":{"signedKeyId":6,"baseKey":"BbEopJVFx2BTkS3iAU6i5M8oq3gyA2h/FhY8RNDAi8NW","preKeyId":1638383}}},"version":"v1"}