{"_sessions":{"BdX4uLm3A/weR2Fdw01rI5iogHpKyWWc0lSeDvteV1ET":{"registrationId":193953104,"currentRatchet":{"ephemeralKeyPair":{"pubKey":"BZCDml2kd3cjm6bRg6fe5SCsVBfhACbKf8bkGNAWgpBG","privKey":"yMTguCtTJIHgiCqeZxI1Gs32mzc9hetycTGBPYRqeE0="},"lastRemoteEphemeralKey":"BR5xVU0Zm6TvrYhbdSfftpSsrpLw4c/TEE2Zdl6FWydV","previousCounter":0,"rootKey":"xxXUuUzogZiD4uqrJTSyS8i5dpKk69qqU9D06Nnvkgc="},"indexInfo":{"baseKey":"BdX4uLm3A/weR2Fdw01rI5iogHpKyWWc0lSeDvteV1ET","baseKeyType":1,"closed":-1,"used":1747219050616,"created":1747219050616,"remoteIdentityKey":"BaMEw6RuBEjYQzqcWkG64z414XedyGVcI9Bnn6XLbtJc"},"_chains":{"BZCDml2kd3cjm6bRg6fe5SCsVBfhACbKf8bkGNAWgpBG":{"chainKey":{"counter":0,"key":"jWf7qsE1xLM7VOIJOZspa+ACZYMnhBy5glT80PYTyGE="},"chainType":1,"messageKeys":{}}},"pendingPreKey":{"signedKeyId":16,"baseKey":"BdX4uLm3A/weR2Fdw01rI5iogHpKyWWc0lSeDvteV1ET","preKeyId":16303796}}},"version":"v1"}