{"_sessions":{"BUxdYokfWf9A0NCl4ZilfO8HPxI5F8PF5s3TNl+WusM9":{"registrationId":1729303588,"currentRatchet":{"ephemeralKeyPair":{"pubKey":"Bf4wZjolODOFGHAKa+MU+Sl+vcsrtnPAIoOeWPCpTHdd","privKey":"UDIw5Rw//h3Wcd7KUGXzdwpHMZAmj6SXdB1ZDVku7Xs="},"lastRemoteEphemeralKey":"BUmjIuWSg/MeueiJPvjL63lWXKYSiGqMFDlf8XKulldc","previousCounter":0,"rootKey":"nGZATA2v5FLNtjvEEjw2sPd83FWSCJXO7H8rUR+VWug="},"indexInfo":{"baseKey":"BUxdYokfWf9A0NCl4ZilfO8HPxI5F8PF5s3TNl+WusM9","baseKeyType":1,"closed":-1,"used":1747219049075,"created":1747219049075,"remoteIdentityKey":"BfYD+EK+KJQ29vj92hm7wq22m19CU1hnc3Bqtjft0jYI"},"_chains":{"Bf4wZjolODOFGHAKa+MU+Sl+vcsrtnPAIoOeWPCpTHdd":{"chainKey":{"counter":0,"key":"PAwS2NUfQVgI46Tk+hd7Tm++mg8yU6KsoNeH9bd8ZC0="},"chainType":1,"messageKeys":{}}},"pendingPreKey":{"signedKeyId":2,"baseKey":"BUxdYokfWf9A0NCl4ZilfO8HPxI5F8PF5s3TNl+WusM9"}}},"version":"v1"}