{"_sessions":{"BffHQN4BXF3lGgdVVGQacGRF1vgvjiU0bV95r4H1tbV8":{"registrationId":974180815,"currentRatchet":{"ephemeralKeyPair":{"pubKey":"BfnsvxB1W/sqLM3gXhbq0JxX25vLEt+Vc4nCN71iz/sF","privKey":"qEfqJ9sHti8U0CJdPqfhLHsvYBFRSOdVW/Ov6L3O2l8="},"lastRemoteEphemeralKey":"Bb5ASU9ySVnrIiBfm3KRP4Q+nZoyblJhGkWRC4/khXpV","previousCounter":0,"rootKey":"STVZYBdsSqkqMr/rjH36mn/tsENKGX59BNi/LqhzDdc="},"indexInfo":{"baseKey":"BffHQN4BXF3lGgdVVGQacGRF1vgvjiU0bV95r4H1tbV8","baseKeyType":1,"closed":-1,"used":1747208182662,"created":1747208182662,"remoteIdentityKey":"BZeqEcWJOsVg2G14HuH8zrFZTidki+1EdNNWJ11sGgsp"},"_chains":{"BfnsvxB1W/sqLM3gXhbq0JxX25vLEt+Vc4nCN71iz/sF":{"chainKey":{"counter":2,"key":"3kwEG4gyJfqw3aebq89YXbhMqf+k0rlwWf+RswKYxfo="},"chainType":1,"messageKeys":{}}},"pendingPreKey":{"signedKeyId":14,"baseKey":"BffHQN4BXF3lGgdVVGQacGRF1vgvjiU0bV95r4H1tbV8","preKeyId":8804169}}},"version":"v1"}