{"_sessions":{"BZCu3of4Z8+SkQ2QlDgARqLtu3wfFrFhiNRVkcjO+vUB":{"registrationId":1872561820,"currentRatchet":{"ephemeralKeyPair":{"pubKey":"BU/JWClV2CFKcFesWAx/HJyPEqd9amLjtU2ZYz5xzfYA","privKey":"+Nin7lSrPBaNAs/+GTtRPUEZ+bmXDhTWcYnWbdahjVk="},"lastRemoteEphemeralKey":"Bdaahm4tSld1LSyXcHWIpIp2KrsMTgto9KHGDl4H3Aoe","previousCounter":0,"rootKey":"bWeCDMweVpGyE0Ch/sJ4toUmF4oG2eeF1xWhbc2DF4U="},"indexInfo":{"baseKey":"BZCu3of4Z8+SkQ2QlDgARqLtu3wfFrFhiNRVkcjO+vUB","baseKeyType":1,"closed":-1,"used":1747219049161,"created":1747219049161,"remoteIdentityKey":"BRxP08MrkKCT2k2JY5i5/3WZQPMvPAOT6uLukxUJ2YYx"},"_chains":{"BU/JWClV2CFKcFesWAx/HJyPEqd9amLjtU2ZYz5xzfYA":{"chainKey":{"counter":0,"key":"ud++rvVBFVjgOK1Q/VJgOljgKOiHlEFjzg1EiM08ASU="},"chainType":1,"messageKeys":{}}},"pendingPreKey":{"signedKeyId":2,"baseKey":"BZCu3of4Z8+SkQ2QlDgARqLtu3wfFrFhiNRVkcjO+vUB","preKeyId":8383369}}},"version":"v1"}