{"_sessions":{"BcynS/Y5iTt0MeYIyrSgIIJueiNOxUjFroUmj4cYaHIq":{"registrationId":1084299090,"currentRatchet":{"ephemeralKeyPair":{"pubKey":"BaS3J7FhwFRYuFKsSbZCkpNZr/0jpFHVa7u/cSY2RBwH","privKey":"wPRs8YDpRe9XQAtDTmiGih8bkngrE4P0aSn41bNnQkk="},"lastRemoteEphemeralKey":"BRyIK6jgFrHba3oTsj1rVBZ74dpM2KhDEXmldFc4yxx0","previousCounter":0,"rootKey":"eW+w3UD6doqLmOhfw6PNuu1+5qFWxLu4vRiPxeib9to="},"indexInfo":{"baseKey":"BcynS/Y5iTt0MeYIyrSgIIJueiNOxUjFroUmj4cYaHIq","baseKeyType":1,"closed":-1,"used":1747229631130,"created":1747229631130,"remoteIdentityKey":"BVs8l//w/jo7+6aqSp5RTqc1Y0eULdGzFxHes3cG/MZX"},"_chains":{"BaS3J7FhwFRYuFKsSbZCkpNZr/0jpFHVa7u/cSY2RBwH":{"chainKey":{"counter":0,"key":"oZJiNntEwB3GFEodUZ/iQCSzPKkeJq0AIsCOaHKI3gw="},"chainType":1,"messageKeys":{}}},"pendingPreKey":{"signedKeyId":5,"baseKey":"BcynS/Y5iTt0MeYIyrSgIIJueiNOxUjFroUmj4cYaHIq","preKeyId":10296493}}},"version":"v1"}