{"_sessions":{"BXD12a5kCD8qQhVtIr2M8nFEMKFWa7EPbGqOUzgqzCsa":{"registrationId":383489074,"currentRatchet":{"ephemeralKeyPair":{"pubKey":"BVOBfZFBDw5RYsc9qHQD1b89eA41KG0XEQHgK5IEYV0Y","privKey":"oCrqRMHUpKlFnDUH/zbAwbKboohoNlg+UUzFNUabx3g="},"lastRemoteEphemeralKey":"BQyIV9hoEflgR7UktJ3lrYRmqU4kxSk8IuPukvKeKf5w","previousCounter":0,"rootKey":"pYj2quYcEyxB9br/ScuhGLsoGEA3mD6H6Tbck+pkvok="},"indexInfo":{"baseKey":"BXD12a5kCD8qQhVtIr2M8nFEMKFWa7EPbGqOUzgqzCsa","baseKeyType":1,"closed":-1,"used":1747207240159,"created":1747207240159,"remoteIdentityKey":"BXVINUDPbD+pFl2G2WI5Lg2Gi+nZgCNjMTZDFNEfLjg2"},"_chains":{"BVOBfZFBDw5RYsc9qHQD1b89eA41KG0XEQHgK5IEYV0Y":{"chainKey":{"counter":7,"key":"Kp0UEWellFhLJjsjBFu1YYORWnKWZNMOquzNa2NglMw="},"chainType":1,"messageKeys":{}}},"pendingPreKey":{"signedKeyId":18,"baseKey":"BXD12a5kCD8qQhVtIr2M8nFEMKFWa7EPbGqOUzgqzCsa","preKeyId":12565773}}},"version":"v1"}