{"_sessions":{"Bd7XALI64KJiG45Qb3/J2drfcC4KZzp69xNEfJCLIVtQ":{"registrationId":525946999,"currentRatchet":{"ephemeralKeyPair":{"pubKey":"BXl+2WDw+rmyCYC2vFKfga8vwOhoH2ZmiYy2L+vX0ghL","privKey":"8PX0xRIQxiZjd1hqcOBBhBdqa1VTb0Oz8AT/Ud3IqWc="},"lastRemoteEphemeralKey":"Bd9KAoGuTJsFsNa0eeiWeibXfIrVc4QG5g2uKsW6m/cz","previousCounter":0,"rootKey":"GWQhzoMe21gG+WnGUlZYVE0gHiYstbSzOzY9wFmbqWA="},"indexInfo":{"baseKey":"Bd7XALI64KJiG45Qb3/J2drfcC4KZzp69xNEfJCLIVtQ","baseKeyType":1,"closed":-1,"used":1747219047061,"created":1747219047061,"remoteIdentityKey":"BTqGqTNRGbqhqmE7JZ8MSx2rUYxP0XeIIl3qGYa92r0P"},"_chains":{"BXl+2WDw+rmyCYC2vFKfga8vwOhoH2ZmiYy2L+vX0ghL":{"chainKey":{"counter":0,"key":"vSo5spJ5Ul/hsx+iLVDmog1LbhMTWZt1L6WoT1mcqHo="},"chainType":1,"messageKeys":{}}},"pendingPreKey":{"signedKeyId":5,"baseKey":"Bd7XALI64KJiG45Qb3/J2drfcC4KZzp69xNEfJCLIVtQ","preKeyId":11941789}}},"version":"v1"}