{"_sessions":{"BYeh2g2fSdakcJ/LddUA/cusZbpH3Lpi+MUUK/kuTjE5":{"registrationId":2062058760,"currentRatchet":{"ephemeralKeyPair":{"pubKey":"BcxhMYspXqfcYasCNqL9t9ttIZfXr1xVdjpOOrWkH2Qt","privKey":"6FIisgdAgsjmsnTkKQIAMWwpEyp7RKJYrdmtbWV6amg="},"lastRemoteEphemeralKey":"BaLo6IrqVQX+htkH1BE/qDz6U/K0XMF1u475dtJw0n9k","previousCounter":0,"rootKey":"F3VdpEBN/RoZWVGZ20xxBfyTcnBU2jdZUGBNuMuBz8g="},"indexInfo":{"baseKey":"BYeh2g2fSdakcJ/LddUA/cusZbpH3Lpi+MUUK/kuTjE5","baseKeyType":1,"closed":-1,"used":1747229631226,"created":1747229631226,"remoteIdentityKey":"BfKeoHU9rZDoNQHZ3eQYUtpd9EpGxWg3linEOfhN2AJU"},"_chains":{"BcxhMYspXqfcYasCNqL9t9ttIZfXr1xVdjpOOrWkH2Qt":{"chainKey":{"counter":0,"key":"p9LgKw6ABRoT6CH7CoiHQx+wIdLGbLfffqcn42+4iVQ="},"chainType":1,"messageKeys":{}}},"pendingPreKey":{"signedKeyId":10,"baseKey":"BYeh2g2fSdakcJ/LddUA/cusZbpH3Lpi+MUUK/kuTjE5"}}},"version":"v1"}