{"_sessions":{"BXiqSeYwgmp0/c8D+Q4b7JUiLW2+/y66IkemDlhXgX0z":{"registrationId":731126622,"currentRatchet":{"ephemeralKeyPair":{"pubKey":"BVSrBjzN+1HWjVGwny1iVtFGP7cI54c6+dM387uHjwFh","privKey":"6Mave1OpITF1fMzcGH9Mh3rnzoBd7NYoGfaxOs+gHks="},"lastRemoteEphemeralKey":"BepMthUdRUSj7eTKP50bCaeIddEe2k7sWhkpzVioE39B","previousCounter":0,"rootKey":"68XwnND2cCbg4c0F/2ME5Tc9Cyfr0yxqofhmOfgsc8A="},"indexInfo":{"baseKey":"BXiqSeYwgmp0/c8D+Q4b7JUiLW2+/y66IkemDlhXgX0z","baseKeyType":1,"closed":-1,"used":1747209564487,"created":1747209564487,"remoteIdentityKey":"BXvfJASGdfSj2J/FQZPDe5MWaLjmz7H5Ue8eJrufqc8W"},"_chains":{"BVSrBjzN+1HWjVGwny1iVtFGP7cI54c6+dM387uHjwFh":{"chainKey":{"counter":0,"key":"s2RygwqNM+Zf3ODS8upzlU47vhXocIaGw0upI3ZPo0g="},"chainType":1,"messageKeys":{}}},"pendingPreKey":{"signedKeyId":1,"baseKey":"BXiqSeYwgmp0/c8D+Q4b7JUiLW2+/y66IkemDlhXgX0z","preKeyId":5437894}}},"version":"v1"}