{"_sessions":{"BRiI5gEAAOF0K4kC1pcgZ4TC8HF4KQ9Ndz0Pe5lmOjdc":{"registrationId":1581954191,"currentRatchet":{"ephemeralKeyPair":{"pubKey":"BcL6o8lZ3xDwha5oTDm89XtHhIU5smNuwvfN38BGnklj","privKey":"UATm/BEoMJPTKzJ+ppaPbQLhYHChQt3y1IqmBjQy2GA="},"lastRemoteEphemeralKey":"BVoa7pjG87VQtDgpMJrIlI7RPVp5KOGFM4OcUKBtrtM/","previousCounter":0,"rootKey":"1kpGghHpiwOsq3w/XztJW9xgLCZBYldG539LLjitR6U="},"indexInfo":{"baseKey":"BRiI5gEAAOF0K4kC1pcgZ4TC8HF4KQ9Ndz0Pe5lmOjdc","baseKeyType":1,"closed":-1,"used":1747207240213,"created":1747207240213,"remoteIdentityKey":"Bcxt9YKPMd7XtgZ+ey6zhTlqQUNAgZBtioXPOGBTHNlw"},"_chains":{"BcL6o8lZ3xDwha5oTDm89XtHhIU5smNuwvfN38BGnklj":{"chainKey":{"counter":7,"key":"IAnbZG+GIECmKhXqfwpwvtN9PqBsmmVP/GCY+2yqjDA="},"chainType":1,"messageKeys":{}}},"pendingPreKey":{"signedKeyId":17,"baseKey":"BRiI5gEAAOF0K4kC1pcgZ4TC8HF4KQ9Ndz0Pe5lmOjdc"}}},"version":"v1"}