{"_sessions":{"BVzzfwkENaR2+/6+NYge3MVOij0QeRwZlOn9r8RRFB4w":{"registrationId":1171236293,"currentRatchet":{"ephemeralKeyPair":{"pubKey":"BTj1VaHIZd1Fd19or0z99Y+Dbv2gHhd0xTvWKR78xWJp","privKey":"qCcdqwFwv+AIeOYZf8YGdOQVEGoBjkWBFHYZwfM0gH0="},"lastRemoteEphemeralKey":"BVmZ9T4azTIHBGvYc81UtlyTOBcsJIxyuffukqSzVvMq","previousCounter":0,"rootKey":"x1tJLOzeVXGMwxPzdydwlpAkbPwgk4scv3TZAbnYIF8="},"indexInfo":{"baseKey":"BVzzfwkENaR2+/6+NYge3MVOij0QeRwZlOn9r8RRFB4w","baseKeyType":1,"closed":-1,"used":1747219051139,"created":1747219051139,"remoteIdentityKey":"BWDy1wWvJAs90y3CLj4Mc+niOx0DM4Znij5y0M6qkes8"},"_chains":{"BTj1VaHIZd1Fd19or0z99Y+Dbv2gHhd0xTvWKR78xWJp":{"chainKey":{"counter":0,"key":"WY7b6EmwD1KI+1Un5H02UKQeBYL+CtSj5YdARhpYp+c="},"chainType":1,"messageKeys":{}}},"pendingPreKey":{"signedKeyId":0,"baseKey":"BVzzfwkENaR2+/6+NYge3MVOij0QeRwZlOn9r8RRFB4w","preKeyId":2889255}}},"version":"v1"}