{"_sessions":{"BXzp7F4DFvJt9LIpkbB1FXkxldFfK21mqSFiVDbSJtR5":{"registrationId":569482220,"currentRatchet":{"ephemeralKeyPair":{"pubKey":"BWMZNt+ZJZ7+dm+Zw2zWXoSfzfXu58teVcYVEQxaxppd","privKey":"aK4W0BwJV5xs6zftEAAejseGCxR7Y4I90d52FE47WUU="},"lastRemoteEphemeralKey":"BcdZiQLJjNVrrXnQv4KKu0TqrRmVzwivBdZg8B4OB9Zy","previousCounter":0,"rootKey":"3vb2+JrmpQrGprINUDo7sQvngPFfAB9BMOgS/Gf6gWI="},"indexInfo":{"baseKey":"BXzp7F4DFvJt9LIpkbB1FXkxldFfK21mqSFiVDbSJtR5","baseKeyType":1,"closed":-1,"used":1747229631211,"created":1747229631211,"remoteIdentityKey":"BUGIJ0VRMjG6drB7rprmSOz/n4WTen9MAdWjFuVXEB9j"},"_chains":{"BWMZNt+ZJZ7+dm+Zw2zWXoSfzfXu58teVcYVEQxaxppd":{"chainKey":{"counter":0,"key":"SStExE1na93LzOAFiEIuRQsSVuG/uvNswKRGyGs44Dc="},"chainType":1,"messageKeys":{}}},"pendingPreKey":{"signedKeyId":1,"baseKey":"BXzp7F4DFvJt9LIpkbB1FXkxldFfK21mqSFiVDbSJtR5","preKeyId":7300820}}},"version":"v1"}