{"_sessions":{"BXeNYoLDg3WjUoFBVUBTuK/YLVzcveqk+cXmLWfLm3M7":{"registrationId":1206982503,"currentRatchet":{"ephemeralKeyPair":{"pubKey":"BYnz18iyNwXCpeqoxDZgSicWTVfocsfXowZQJUCqVJlh","privKey":"qOJsYIpWyr+g+hAhFKYRM6FOclmUVl0oxg8tpzhtyHM="},"lastRemoteEphemeralKey":"Bca5Y+k+iJKBfvwlzrn74E5EjlGHGd0hnkXEr5xpKTso","previousCounter":0,"rootKey":"WziFLfZkj0Y7dtpkfudLwOVeVJsVfSGB8+N0/rg6Fg8="},"indexInfo":{"baseKey":"BXeNYoLDg3WjUoFBVUBTuK/YLVzcveqk+cXmLWfLm3M7","baseKeyType":2,"closed":1747231081999,"used":1747222226410,"created":1747222226410,"remoteIdentityKey":"BehhiycSD3ppJMgLd5apIgp1XybBCTZ5MfI0ugZpgJcE"},"_chains":{"Bca5Y+k+iJKBfvwlzrn74E5EjlGHGd0hnkXEr5xpKTso":{"chainKey":{"counter":1,"key":"bv50QLMpeXxkddEK1AkX6TB7Db5kjt/P4e/hvBeUF9I="},"chainType":2,"messageKeys":{}},"BYnz18iyNwXCpeqoxDZgSicWTVfocsfXowZQJUCqVJlh":{"chainKey":{"counter":-1,"key":"+YiaySNtOpKkRc2BXUgnaOqwee45xZCIyz+xVXyPPhQ="},"chainType":1,"messageKeys":{}}}},"BbqYPbcbOrk9PJxDpemrSJDv3BVquY81zoeJuqFHUKMp":{"registrationId":1206982503,"currentRatchet":{"ephemeralKeyPair":{"pubKey":"BVrzi6g1dDCCbXQGvrwIp8HghYj8p/PvFIpzXe5gmplv","privKey":"mGr9gYj23zymr0eqifCm3d4FgCD9MYQ2YNgE6Zn5H1Q="},"lastRemoteEphemeralKey":"BZBTArvUFE0je2VH0B8Dm7QLEWr787fbqApSOUAsd0h5","previousCounter":0,"rootKey":"wLdI/21zaEdJPWl15vK7Y/x3ctRegy4HScw4rSz7ODg="},"indexInfo":{"baseKey":"BbqYPbcbOrk9PJxDpemrSJDv3BVquY81zoeJuqFHUKMp","baseKeyType":2,"closed":1747232089396,"used":1747231082001,"created":1747231082001,"remoteIdentityKey":"BehhiycSD3ppJMgLd5apIgp1XybBCTZ5MfI0ugZpgJcE"},"_chains":{"BZBTArvUFE0je2VH0B8Dm7QLEWr787fbqApSOUAsd0h5":{"chainKey":{"counter":0,"key":"2imNs+iM2YW2Mh3caMibJNtg1D0YPgFa+d4xcW+Y4+8="},"chainType":2,"messageKeys":{}},"BVrzi6g1dDCCbXQGvrwIp8HghYj8p/PvFIpzXe5gmplv":{"chainKey":{"counter":-1,"key":"pDseNPQFFouGtxFmVvUfm3vC7K6JaSfVfz9oqwOoOCg="},"chainType":1,"messageKeys":{}}}},"BfsCLwcxeAJpGn2D/uQfkEk9XHL3pvoz4aRFQLVbnWNT":{"registrationId":1206982503,"currentRatchet":{"ephemeralKeyPair":{"pubKey":"BXvseYMAAo+rQzWIiWobBZE9z11NFnu5bdyPVuntfBIp","privKey":"WLlE0AV5w3+r9xj5ZVuXCZi0X0j40cAais2nVVYZ9FY="},"lastRemoteEphemeralKey":"BZ362RKdcwzJYcEqo4R7nnjaoHb87DQXu0XdtsQtkrtx","previousCounter":0,"rootKey":"yX37v2VeiahCb2kZN/V8aSu+PGgmHC6P+EsZ4Gl5V2o="},"indexInfo":{"baseKey":"BfsCLwcxeAJpGn2D/uQfkEk9XHL3pvoz4aRFQLVbnWNT","baseKeyType":2,"closed":-1,"used":1747232089399,"created":1747232089399,"remoteIdentityKey":"BehhiycSD3ppJMgLd5apIgp1XybBCTZ5MfI0ugZpgJcE"},"_chains":{"BZ362RKdcwzJYcEqo4R7nnjaoHb87DQXu0XdtsQtkrtx":{"chainKey":{"counter":0,"key":"la0YVG9e7IowgF2FlNvssXTk6NBNGgL1QVceC34qHGc="},"chainType":2,"messageKeys":{}},"BXvseYMAAo+rQzWIiWobBZE9z11NFnu5bdyPVuntfBIp":{"chainKey":{"counter":-1,"key":"3YpHboxT4pr0BDZo4r2r4UotBG6dyOWDa87o+WR/DWw="},"chainType":1,"messageKeys":{}}}}},"version":"v1"}