{"_sessions":{"BUDF7xIhrTSwsNXI9EpGar3yKJeeNbcjYZvafQRI5W1u":{"registrationId":574600620,"currentRatchet":{"ephemeralKeyPair":{"pubKey":"BRIcevw18ZpU14cS0yFg7+en7lxuwyPa/bpUUwfMXaNa","privKey":"UHkpRzHQ7gaksJvQs/i6nFrWYopFhryQxGx9iU95kEo="},"lastRemoteEphemeralKey":"BQhBH4MziUPPsAJqTePqHlqeF7pkdijtLrAEc4tQ+hBL","previousCounter":0,"rootKey":"q/XkfxD/ITiqrAmtPcAlbnGS3VuTlaW/27xbV5Fkhts="},"indexInfo":{"baseKey":"BUDF7xIhrTSwsNXI9EpGar3yKJeeNbcjYZvafQRI5W1u","baseKeyType":1,"closed":-1,"used":1747219047110,"created":1747219047110,"remoteIdentityKey":"BQJLZ6efmMpbpKWF4PUpQveWNn8ETV+QJbiUOZBJ9lld"},"_chains":{"BRIcevw18ZpU14cS0yFg7+en7lxuwyPa/bpUUwfMXaNa":{"chainKey":{"counter":0,"key":"wF4rF5PJz9gwS/3BxhuhT4/9FHa9w6p39cEP29A2wKM="},"chainType":1,"messageKeys":{}}},"pendingPreKey":{"signedKeyId":7,"baseKey":"BUDF7xIhrTSwsNXI9EpGar3yKJeeNbcjYZvafQRI5W1u","preKeyId":1910257}}},"version":"v1"}