{"_sessions":{"BfQROhv+xwDFf4nx4L9vozPjkm1zeZjvc7ZZRgScS4Fa":{"registrationId":638408771,"currentRatchet":{"ephemeralKeyPair":{"pubKey":"BVFRxo+Kb3UsVbN1fJgz+JoXfTAof8Mxjvys9GeiLpZA","privKey":"iCXfN2pPh25qoT9yPzHSTaAtWYJ64tYcyMtnF0BIt0s="},"lastRemoteEphemeralKey":"BagRi3o0K/NcsZHriKolpY0p0Zpze+3ensHgTGPIexUL","previousCounter":0,"rootKey":"/W/v+k5RgKi8FfvSmZlt500NnrTY1wCTKQLte4w7E8A="},"indexInfo":{"baseKey":"BfQROhv+xwDFf4nx4L9vozPjkm1zeZjvc7ZZRgScS4Fa","baseKeyType":1,"closed":-1,"used":1747209564549,"created":1747209564549,"remoteIdentityKey":"BSyQjxGCi5oD1ue7ocfBkbNXO9/18lTNm3auVD/YSZVS"},"_chains":{"BVFRxo+Kb3UsVbN1fJgz+JoXfTAof8Mxjvys9GeiLpZA":{"chainKey":{"counter":0,"key":"9Eavfuj0yvgeDtAaeFTUMMtQfkgF0fDjfIoZTc04u2U="},"chainType":1,"messageKeys":{}}},"pendingPreKey":{"signedKeyId":12,"baseKey":"BfQROhv+xwDFf4nx4L9vozPjkm1zeZjvc7ZZRgScS4Fa","preKeyId":16183315}}},"version":"v1"}