{"_sessions":{"BawF+fDbrdwIODAhivNL5UWsDJtvO6dAixaxCeEEiO5Q":{"registrationId":1831220008,"currentRatchet":{"ephemeralKeyPair":{"pubKey":"BWsEVpzdPSKPMuXPxECu4+622YGUSht9DeXN0Tg/9xNc","privKey":"CH0C6sxgNgfsCnu7l+JAr/CA2gyShtipISJCGojFglI="},"lastRemoteEphemeralKey":"BdSBmbWTpmQFLpVP5HD3ME6Zq0zkRnUN3WB9HVScXVUk","previousCounter":0,"rootKey":"w1INdhVnLQJIpfeEPJsDuVuDv+y4z2MUjnp5UuE8voY="},"indexInfo":{"baseKey":"BawF+fDbrdwIODAhivNL5UWsDJtvO6dAixaxCeEEiO5Q","baseKeyType":1,"closed":-1,"used":1747229631040,"created":1747229631040,"remoteIdentityKey":"BRuEwnroy8hu6Qa7LIumi770pwa8Kf8wqKdJB0UybZRE"},"_chains":{"BWsEVpzdPSKPMuXPxECu4+622YGUSht9DeXN0Tg/9xNc":{"chainKey":{"counter":0,"key":"2mFqzYq8ZK5i29NrmLrDpXmeLUSpRADdWlM2dhn9Qwo="},"chainType":1,"messageKeys":{}}},"pendingPreKey":{"signedKeyId":1,"baseKey":"BawF+fDbrdwIODAhivNL5UWsDJtvO6dAixaxCeEEiO5Q","preKeyId":5446068}}},"version":"v1"}