{"_sessions":{"BcrR9rZvMWUHRm8O7kgYRGlCfT6NCTREEUIdZeun5EM5":{"registrationId":1154029803,"currentRatchet":{"ephemeralKeyPair":{"pubKey":"BeLQ9GZD6NsKTLdiRW+LAfrfNOOwc9k3w+31L/qFk3xS","privKey":"+BCABiSPc2oNWI0/sfF/TEQU//rb56QiOJyMMdxMGVU="},"lastRemoteEphemeralKey":"BRy8XR2e6Y/qWQCIZ0P0W7B4b7vCjQUKhZHH1nyugjcK","previousCounter":0,"rootKey":"RbjS7wKwXfutU+QPIS2WPfuoMu9IwYKW6GcS0vjOpNc="},"indexInfo":{"baseKey":"BcrR9rZvMWUHRm8O7kgYRGlCfT6NCTREEUIdZeun5EM5","baseKeyType":1,"closed":-1,"used":1747219045026,"created":1747219045026,"remoteIdentityKey":"BaEkKCUH6wuyB9tH5HF7ITJLLk28yWUrBA75Zrtrg7Ir"},"_chains":{"BeLQ9GZD6NsKTLdiRW+LAfrfNOOwc9k3w+31L/qFk3xS":{"chainKey":{"counter":0,"key":"ao6QK8DVOHPf5VQjdwrLSGXmY2JfUF0IfrOGqyQI3V0="},"chainType":1,"messageKeys":{}}},"pendingPreKey":{"signedKeyId":0,"baseKey":"BcrR9rZvMWUHRm8O7kgYRGlCfT6NCTREEUIdZeun5EM5"}}},"version":"v1"}