{"_sessions":{"BcWtF5PJ8R2znE7dyr+fP81qG7k7BxIDmYPs8NqX82py":{"registrationId":1974101764,"currentRatchet":{"ephemeralKeyPair":{"pubKey":"BYGEF8TE2sjDbb4bTFk/5IsVZ+7Cx4PgoaZ3FCFXPs5G","privKey":"qERkhv3xtRSEkkmxUHt5Cw/gKLh3jpRWu/n+/ENGYXg="},"lastRemoteEphemeralKey":"BSMEx7NvIA9WXL0/bvm252pCxGdAkhOpsBNr6/sPngMc","previousCounter":0,"rootKey":"VHzl01FAbn8mZpti9xJK2wAtF4qhpyyK3LLNZ2+5l64="},"indexInfo":{"baseKey":"BcWtF5PJ8R2znE7dyr+fP81qG7k7BxIDmYPs8NqX82py","baseKeyType":1,"closed":-1,"used":1747208182601,"created":1747208182601,"remoteIdentityKey":"BWm5IQuxihCCFNsteLYEjgM7h772UsCaqaJqHMw/onxV"},"_chains":{"BYGEF8TE2sjDbb4bTFk/5IsVZ+7Cx4PgoaZ3FCFXPs5G":{"chainKey":{"counter":1,"key":"1/iXuy5g2EHxMFIK6LCDsbuXPCNWExmN+o95Edut9Kg="},"chainType":1,"messageKeys":{}}},"pendingPreKey":{"signedKeyId":9,"baseKey":"BcWtF5PJ8R2znE7dyr+fP81qG7k7BxIDmYPs8NqX82py","preKeyId":1473987}}},"version":"v1"}