{"_sessions":{"BbPrjHxCtr+H+j/lFqkA27aPIKoutsBzQpZ+wu6BuTcf":{"registrationId":883502427,"currentRatchet":{"ephemeralKeyPair":{"pubKey":"BYQ1SKsGApUOrfvgtT3kh0goilSxecqQUhFRK1CAh+Ef","privKey":"oEG/HadEvkHH+DdNN21AeuloMx/55mEGFJcTIM/Ovnw="},"lastRemoteEphemeralKey":"BdtfYu77mw7KZ7wtdy30SDNvYoUXMNvA/cqiaN49hsEn","previousCounter":0,"rootKey":"Ovzg5F72xBa4m8kP9wqhAVFlyCAE6TyLyq/thUV9fE8="},"indexInfo":{"baseKey":"BbPrjHxCtr+H+j/lFqkA27aPIKoutsBzQpZ+wu6BuTcf","baseKeyType":1,"closed":-1,"used":1747219050580,"created":1747219050580,"remoteIdentityKey":"BZpP7xkEV5zXDmHE7N/s44JLqQ8v53TJBuLe94TI8EMk"},"_chains":{"BYQ1SKsGApUOrfvgtT3kh0goilSxecqQUhFRK1CAh+Ef":{"chainKey":{"counter":0,"key":"x1JktKskcrpGWxdUFUaj5RQBURMqD8Hhg4sB4HPwql4="},"chainType":1,"messageKeys":{}}},"pendingPreKey":{"signedKeyId":10,"baseKey":"BbPrjHxCtr+H+j/lFqkA27aPIKoutsBzQpZ+wu6BuTcf","preKeyId":15543476}}},"version":"v1"}