{"_sessions":{"BRBZBwdIKkKJbPjVz7o32u6Q1v3zr70WliJwSnxmpD4q":{"registrationId":1623295036,"currentRatchet":{"ephemeralKeyPair":{"pubKey":"BdZ46kxVErHaROooAebNId3Inat+TWqKZ7++nTm9wQAx","privKey":"SMUy819I8cKMtqpoqxdZTIpYTzWDtQBofMOaeD5NUkA="},"lastRemoteEphemeralKey":"BWk3sb2BPhGOW+fCAv1n1OF9ac+rkuM4XON5DJIVHMg7","previousCounter":0,"rootKey":"YmOFM1YnNVBNbwx7mBFR0JMqRaooCKf4hTTBC/BRUac="},"indexInfo":{"baseKey":"BRBZBwdIKkKJbPjVz7o32u6Q1v3zr70WliJwSnxmpD4q","baseKeyType":1,"closed":-1,"used":1747219049206,"created":1747219049206,"remoteIdentityKey":"BSCVh4sCXV8IznvgRvU20fFPPY6rzqfju64EgI5slR5p"},"_chains":{"BdZ46kxVErHaROooAebNId3Inat+TWqKZ7++nTm9wQAx":{"chainKey":{"counter":0,"key":"gjm6A29oSb8QU6DEFSOAnYeQqZPmAd4qZJpGXHman9M="},"chainType":1,"messageKeys":{}}},"pendingPreKey":{"signedKeyId":1,"baseKey":"BRBZBwdIKkKJbPjVz7o32u6Q1v3zr70WliJwSnxmpD4q"}}},"version":"v1"}