{"_sessions":{"BQbiFioLo02AVfeOxdQIGFoM6nSGkKQEr275K8SWvzxF":{"registrationId":1641795731,"currentRatchet":{"ephemeralKeyPair":{"pubKey":"BcdFAWYDN6z9zOPQm4FP8IHUU+ceChF+2OZx01NM6kpr","privKey":"aPOD5i61Gkx9tPo4i6Ue3Yo+vWO8k+7BeGawKLrxKXQ="},"lastRemoteEphemeralKey":"BbYXNq4k7/32J8Jvc5nCrgEp4a+3a1LvXgW1vEz1l2oY","previousCounter":0,"rootKey":"PpHOjAJtpE8GPlELdCo89vyNIUrzizk9z+t/dBp1wuc="},"indexInfo":{"baseKey":"BQbiFioLo02AVfeOxdQIGFoM6nSGkKQEr275K8SWvzxF","baseKeyType":1,"closed":-1,"used":1747209564591,"created":1747209564591,"remoteIdentityKey":"BXcb5E6MqGn6PzY2qyGWEow/tcv5vBDnCMFX46ic8fQY"},"_chains":{"BcdFAWYDN6z9zOPQm4FP8IHUU+ceChF+2OZx01NM6kpr":{"chainKey":{"counter":0,"key":"02/JikwXUQncbgkP2/OJBTowYWFrkZxo1fvBcrhIMVU="},"chainType":1,"messageKeys":{}}},"pendingPreKey":{"signedKeyId":2,"baseKey":"BQbiFioLo02AVfeOxdQIGFoM6nSGkKQEr275K8SWvzxF","preKeyId":11897434}}},"version":"v1"}