{"_sessions":{"BczPV/SrAA0Zrw0KBFyNqawvlCp+4DilVIK0wxWUJCt1":{"registrationId":1705529535,"currentRatchet":{"ephemeralKeyPair":{"pubKey":"BW9jCcYEZeOmYymDzz2duYkqYDNoMakSdHbI7QkL/GYW","privKey":"SGH9nE+3jxe/0KhhQo2/mwgnSFLBPy6hwjPxcpRoXEY="},"lastRemoteEphemeralKey":"BYOE1xy4G4VzrjWPGIq5xrWAI1dV067t1p0GHzjOd7QH","previousCounter":0,"rootKey":"Fir5hrGWjCvjQOTfq9VlaUbpeHD9uLoBwyT+IAefZGs="},"indexInfo":{"baseKey":"BczPV/SrAA0Zrw0KBFyNqawvlCp+4DilVIK0wxWUJCt1","baseKeyType":1,"closed":-1,"used":1747208249706,"created":1747208249706,"remoteIdentityKey":"BRhgGRvBXXfHZaDiWVYTM5OK7IO8z852xagF8XJ0/b99"},"_chains":{"BW9jCcYEZeOmYymDzz2duYkqYDNoMakSdHbI7QkL/GYW":{"chainKey":{"counter":1,"key":"eVZRo8E4KKxh3+Qm8trEYBhs5O7euudRhqhdywfQJXw="},"chainType":1,"messageKeys":{}}},"pendingPreKey":{"signedKeyId":3,"baseKey":"BczPV/SrAA0Zrw0KBFyNqawvlCp+4DilVIK0wxWUJCt1","preKeyId":5364434}}},"version":"v1"}