{"_sessions":{"BQ9/aSjwEy9k9iu3Mcj3T54WtzgGjVE0h/3JnSR/ZrQW":{"registrationId":5162,"currentRatchet":{"ephemeralKeyPair":{"pubKey":"Ba9au44NOUBVdwMkoqAghSK+jFQDp9ysulHCrGyTl2Yh","privKey":"6Em/7meaKefcOil+gVYD0aiC75VtpAhW+aENznyToV4="},"lastRemoteEphemeralKey":"BUTQOswrDZ3p8kkorqctGPGk+xoqwL0Vi1ezs4SuqSEv","previousCounter":0,"rootKey":"PFJ4nnGOo/zVnkuRLXqol1wk1Vn94CzN4gVyUFaEdyQ="},"indexInfo":{"baseKey":"BQ9/aSjwEy9k9iu3Mcj3T54WtzgGjVE0h/3JnSR/ZrQW","baseKeyType":1,"closed":-1,"used":1747219044820,"created":1747219044820,"remoteIdentityKey":"Ber+igRH+z8XwN1AIB8d8Hz9dgHQ2s/Gv/EqYVjF6fNa"},"_chains":{"Ba9au44NOUBVdwMkoqAghSK+jFQDp9ysulHCrGyTl2Yh":{"chainKey":{"counter":0,"key":"/EO28G/1uWZujFUnuwzDGvfDtPFXPjZg0wnHY2+ebT0="},"chainType":1,"messageKeys":{}}},"pendingPreKey":{"signedKeyId":1,"baseKey":"BQ9/aSjwEy9k9iu3Mcj3T54WtzgGjVE0h/3JnSR/ZrQW"}}},"version":"v1"}