{"_sessions":{"BYKOvi9kRS1wPGOabRpUrcskBf/2CK89IEKvWuhxWCly":{"registrationId":8461,"currentRatchet":{"ephemeralKeyPair":{"pubKey":"BbQ02aUtbPHbncKAdxug3pPbT0TCCEVuF6kyOlf2KFgv","privKey":"8JM35/3i/LmBJ1//o38kthXFZCBYkCDWyi92ZlRmtn4="},"lastRemoteEphemeralKey":"BafGG4fV9gEUzmljkFLbuXhdMiYxJ2dRSDVqf6tNsed/","previousCounter":0,"rootKey":"FStM8e8Ao4xarO6UecbtVjBBssxlTiYhom9BaFkuWto="},"indexInfo":{"baseKey":"BYKOvi9kRS1wPGOabRpUrcskBf/2CK89IEKvWuhxWCly","baseKeyType":1,"closed":-1,"used":1747208182461,"created":1747208182461,"remoteIdentityKey":"BR6X4g21H6V+Y/x9uXtBcHfkzmm8CNh4+NClBTUINNc/"},"_chains":{"BbQ02aUtbPHbncKAdxug3pPbT0TCCEVuF6kyOlf2KFgv":{"chainKey":{"counter":1,"key":"DMqi+WYcQflEjMoieYTrDpFnyniZx/PPTqJ0fhRMB+s="},"chainType":1,"messageKeys":{}}},"pendingPreKey":{"signedKeyId":2,"baseKey":"BYKOvi9kRS1wPGOabRpUrcskBf/2CK89IEKvWuhxWCly","preKeyId":1847}}},"version":"v1"}