{"_sessions":{"BWBBhtBjkgyftc9dtAhSvs4JO19VNiksjMqIANsAU811":{"registrationId":1313250411,"currentRatchet":{"ephemeralKeyPair":{"pubKey":"BZ+bWWB+FIC9vwbaaNOTX93pB+eSLoosK3WXaQCbOQBI","privKey":"8ATr6e1ac6jQKV7Ps2lE1+xtAYYnD5TXzSjIJIy/uWg="},"lastRemoteEphemeralKey":"BSu6P9oUUuoR8qS9u9kYWqPTbYXZKS48ESdBv07xT4U9","previousCounter":0,"rootKey":"vgT2XN7ZcCxIiM0nLAQjpzgtLhlgnR7bDhMN3lNNT88="},"indexInfo":{"baseKey":"BWBBhtBjkgyftc9dtAhSvs4JO19VNiksjMqIANsAU811","baseKeyType":1,"closed":-1,"used":1747229631207,"created":1747229631207,"remoteIdentityKey":"BYYPx4qvDaeY2lXXDm1A9ToxQx7S0/p5O38gXtb9Juwd"},"_chains":{"BZ+bWWB+FIC9vwbaaNOTX93pB+eSLoosK3WXaQCbOQBI":{"chainKey":{"counter":0,"key":"6S8Ov5zGtMIH6Ktyzh1TydXe4uGmNj9R8QSx5LHbB6g="},"chainType":1,"messageKeys":{}}},"pendingPreKey":{"signedKeyId":5,"baseKey":"BWBBhtBjkgyftc9dtAhSvs4JO19VNiksjMqIANsAU811","preKeyId":11729313}}},"version":"v1"}