{"_sessions":{"BWlWaotJkVyRN5N+w4H+iY5F08MWzAkpQmnnGlwoIgoP":{"registrationId":601619190,"currentRatchet":{"ephemeralKeyPair":{"pubKey":"BaoqTa8z91fGHtt8DwObJv97UPE/0MkzMAMkChG/DGpR","privKey":"QH/4aZyVNWX5uhFSDvd0/jW4+D5M2G3Rp9BlUDT5XkY="},"lastRemoteEphemeralKey":"Bc+XZ83EopohZ38C3jqe8q8gPE9ReqrvPzDa4Sa7eX8H","previousCounter":0,"rootKey":"Cdv30HsBYtj1Tm6aTluyw/4UJ2aBGo1aMPfFvBFtKDc="},"indexInfo":{"baseKey":"BWlWaotJkVyRN5N+w4H+iY5F08MWzAkpQmnnGlwoIgoP","baseKeyType":1,"closed":-1,"used":1747219046922,"created":1747219046922,"remoteIdentityKey":"BcTXErUPlvizHSbTyI8r79A3sjgibVrngx7NQeC13DsR"},"_chains":{"BaoqTa8z91fGHtt8DwObJv97UPE/0MkzMAMkChG/DGpR":{"chainKey":{"counter":0,"key":"cHKRJsXEUrasdAGPK0rYEii1gZui+vHg1RQh0V1LPYg="},"chainType":1,"messageKeys":{}}},"pendingPreKey":{"signedKeyId":2,"baseKey":"BWlWaotJkVyRN5N+w4H+iY5F08MWzAkpQmnnGlwoIgoP","preKeyId":881849}}},"version":"v1"}