{"_sessions":{"BclmRiArZeygqHqBniIFbdgHpI7+ehieYUUdXEZgMC8C":{"registrationId":306394173,"currentRatchet":{"ephemeralKeyPair":{"pubKey":"BdZ5hUEEQzeMqz6aob8skPBwn91qG+++T4+LjZiOTuoD","privKey":"ULOD8kp4uAo3dy4NSrwiF7ou0pymfsK/GuMhc3ttYVk="},"lastRemoteEphemeralKey":"BUqhLhiGRT6L+dG5uOdqoWG9FZCJuo5VgZIDIB6lxWt+","previousCounter":0,"rootKey":"0dYaQdccik9wQlRJVGWTze2gnEwbpVIcmWehcVDTeko="},"indexInfo":{"baseKey":"BclmRiArZeygqHqBniIFbdgHpI7+ehieYUUdXEZgMC8C","baseKeyType":1,"closed":-1,"used":1747229631048,"created":1747229631048,"remoteIdentityKey":"BZsv4zaJh0oN1y7vWl1EzezDbOW65pSbNQomXroYGuMy"},"_chains":{"BdZ5hUEEQzeMqz6aob8skPBwn91qG+++T4+LjZiOTuoD":{"chainKey":{"counter":0,"key":"QG1OYSUzmd9+7ZtJXMUwmykZqU1yuNMfQ/TBp4bca5g="},"chainType":1,"messageKeys":{}}},"pendingPreKey":{"signedKeyId":1,"baseKey":"BclmRiArZeygqHqBniIFbdgHpI7+ehieYUUdXEZgMC8C"}}},"version":"v1"}