{"_sessions":{"Bd5KPCwKk7FC2lCrnGWMsnObmFNSzKj0u4ztSLdfbCMF":{"registrationId":1318088700,"currentRatchet":{"ephemeralKeyPair":{"pubKey":"BSh3oQxfBsJvSoZoxqgwpwu+EMwuNdwIbRxNqaZ3n2BG","privKey":"EAMntKscRgH3iRroOvVyKLg75uqk6d4Z8my5fnXMtnU="},"lastRemoteEphemeralKey":"BQ+l9oNTFmnpJ8D6ExipopuBHSET7qlVbPWDOuH0HDNL","previousCounter":0,"rootKey":"fkfQoNIcqqP6nATGoqTRh236u2P4SUst4eEtWKFMBnQ="},"indexInfo":{"baseKey":"Bd5KPCwKk7FC2lCrnGWMsnObmFNSzKj0u4ztSLdfbCMF","baseKeyType":1,"closed":-1,"used":1747208182679,"created":1747208182679,"remoteIdentityKey":"BccS/9XdsDlA/gjP5RNOiNpL9i3dNSeJjH8EJSzWU1QR"},"_chains":{"BSh3oQxfBsJvSoZoxqgwpwu+EMwuNdwIbRxNqaZ3n2BG":{"chainKey":{"counter":3,"key":"f6JmkYDSFe2e5lIlZtlGXCWanSvXxvFaiGwZPwR5jC4="},"chainType":1,"messageKeys":{}}},"pendingPreKey":{"signedKeyId":1,"baseKey":"Bd5KPCwKk7FC2lCrnGWMsnObmFNSzKj0u4ztSLdfbCMF","preKeyId":350364}}},"version":"v1"}