{"_sessions":{"BRfOl7EYNAFODmFwXHzhm91Grhanckk+Rd5CbW9PaUYe":{"registrationId":1007829259,"currentRatchet":{"ephemeralKeyPair":{"pubKey":"Ba31CA9miin5Ox9gk0XKYk+eOjlD2JAKhyUMcOPhd0Ik","privKey":"kNZKErRKbCUtFgmNZXnuHVMc4GPVxyWP3YMiwASlOkY="},"lastRemoteEphemeralKey":"BaxGDjhOt5VQzioKoQZfeKWmw+D9SiLw6eEDJM5aucsx","previousCounter":0,"rootKey":"qpmcKCuGPQx8+nLYXDU8vHFBbPMChfmG9HmSNS+F43U="},"indexInfo":{"baseKey":"BRfOl7EYNAFODmFwXHzhm91Grhanckk+Rd5CbW9PaUYe","baseKeyType":1,"closed":1747218773525,"used":1747207240171,"created":1747207240171,"remoteIdentityKey":"BRcdrzUwN6Wp12bmOZ7XDIEDPjH7SM8tiwEsKjLiBudx"},"_chains":{"Ba31CA9miin5Ox9gk0XKYk+eOjlD2JAKhyUMcOPhd0Ik":{"chainKey":{"counter":1,"key":"kL1/+v6sZY5Bel1N3T3cCaG2UzSplPQbHhHq87YsO0M="},"chainType":1,"messageKeys":{}}},"pendingPreKey":{"signedKeyId":4,"baseKey":"BRfOl7EYNAFODmFwXHzhm91Grhanckk+Rd5CbW9PaUYe","preKeyId":12470868}},"Baohju5Ptdo/i0D64f0ipWmK4OHQRkGnSZAndEL744xy":{"registrationId":1007829259,"currentRatchet":{"ephemeralKeyPair":{"pubKey":"BQsJXLHDmp7SnF3fdd020Ik3LtXp7CxxEQH5g+mffjt9","privKey":"eAqAeUP69Qg9O0q7Yx09Yv/C1PSajguKu5ijD8Jw93Q="},"lastRemoteEphemeralKey":"BaxGDjhOt5VQzioKoQZfeKWmw+D9SiLw6eEDJM5aucsx","previousCounter":0,"rootKey":"XBX4jirW6xVY/7siPH9ewoNVPUiyzc4g1l8NYkLJAwQ="},"indexInfo":{"baseKey":"Baohju5Ptdo/i0D64f0ipWmK4OHQRkGnSZAndEL744xy","baseKeyType":1,"closed":-1,"used":1747218773524,"created":1747218773524,"remoteIdentityKey":"BRcdrzUwN6Wp12bmOZ7XDIEDPjH7SM8tiwEsKjLiBudx"},"_chains":{"BQsJXLHDmp7SnF3fdd020Ik3LtXp7CxxEQH5g+mffjt9":{"chainKey":{"counter":5,"key":"tOd3hmGMcuahM4Mi3036NsOlder19ExpT57buHP8Dy0="},"chainType":1,"messageKeys":{}}},"pendingPreKey":{"signedKeyId":4,"baseKey":"Baohju5Ptdo/i0D64f0ipWmK4OHQRkGnSZAndEL744xy","preKeyId":12470867}}},"version":"v1"}