{"_sessions":{"BQjIhed05VoNllk7SZ+Zv8npv0oAQLRPKlmif4SlIPZw":{"registrationId":1669800515,"currentRatchet":{"ephemeralKeyPair":{"pubKey":"BYtCcC0xetNgfw0w0n60uLLzcltmRzqr6Ppki+SREch/","privKey":"wO3QJTcYvfMGLcIuRvCSQ4O4NR5RS+62RmRFFvFVN0c="},"lastRemoteEphemeralKey":"Bbybf9OG8gct447YurBMJyzDpXrMyc6bZ9WV4F8VDmtZ","previousCounter":0,"rootKey":"oGtA4Wym+5u4aZJ3gh+xejvFxdxKNSX6M1J6eOxYOsU="},"indexInfo":{"baseKey":"BQjIhed05VoNllk7SZ+Zv8npv0oAQLRPKlmif4SlIPZw","baseKeyType":1,"closed":-1,"used":1747219050744,"created":1747219050744,"remoteIdentityKey":"BZA8m7skUrtCUJmIxfsMwJbsuHW7g4l1YKEJSkPAByQ5"},"_chains":{"BYtCcC0xetNgfw0w0n60uLLzcltmRzqr6Ppki+SREch/":{"chainKey":{"counter":0,"key":"3U6IzXCeOVgygpXcJC2rhzWu/tgsEJYeugOMj1I/e4k="},"chainType":1,"messageKeys":{}}},"pendingPreKey":{"signedKeyId":8532711,"baseKey":"BQjIhed05VoNllk7SZ+Zv8npv0oAQLRPKlmif4SlIPZw","preKeyId":1978}}},"version":"v1"}