{"_sessions":{"BbsH9IamDwg+uxabEWTODMGlwAHOprcvggiG8Ps7yrN8":{"registrationId":1613949119,"currentRatchet":{"ephemeralKeyPair":{"pubKey":"BXGejfvwVi2Od5BawHR9xzRMGbxEj6GCUOZ+qhbG7Elm","privKey":"kMZGacVgGTyAALAZ+yZzZx/czwqDP/zD2N97hlwdU2w="},"lastRemoteEphemeralKey":"BTszQV+fFrgDKopOdMeQAXM6ukUFaR0iKNVeXrSAlIIb","previousCounter":0,"rootKey":"xBVKWN37jVrI8TF6t8MGcOkl6rvO+euBNMVAg0tknq8="},"indexInfo":{"baseKey":"BbsH9IamDwg+uxabEWTODMGlwAHOprcvggiG8Ps7yrN8","baseKeyType":1,"closed":-1,"used":1747229445223,"created":1747229445223,"remoteIdentityKey":"BRrgxTlbFZPJxZqQbNEDAykBV6BaNGDFpDBu1PldVdcb"},"_chains":{"BXGejfvwVi2Od5BawHR9xzRMGbxEj6GCUOZ+qhbG7Elm":{"chainKey":{"counter":2,"key":"+TbIv+cfrh39EdlZXHTIwCeyfUvd/zFhTy0S0OjZFk8="},"chainType":1,"messageKeys":{}}},"pendingPreKey":{"signedKeyId":0,"baseKey":"BbsH9IamDwg+uxabEWTODMGlwAHOprcvggiG8Ps7yrN8"}}},"version":"v1"}