{"_sessions":{"BaasTxTNVJKKR/z3ySI0Tzu8exOcK6PIj0pf4jbalGwm":{"registrationId":816258719,"currentRatchet":{"ephemeralKeyPair":{"pubKey":"BWKGZUq0TX5jzrLjZyzE3hGpGrdK4TawirTmILTm92xZ","privKey":"+PK/C0Ec5s8xZbNpfwPZouo/vZ6pGWklKDFNjE7wOXM="},"lastRemoteEphemeralKey":"BX4LrhpTDtiWs8X3WfNsfs3N/BSNSl9O+6TRgRjb5xwT","previousCounter":0,"rootKey":"szF/94O6Gjp5HflOlnvXVxUgFj4jUAC2z15yFhc7IIU="},"indexInfo":{"baseKey":"BaasTxTNVJKKR/z3ySI0Tzu8exOcK6PIj0pf4jbalGwm","baseKeyType":1,"closed":-1,"used":1747209564574,"created":1747209564574,"remoteIdentityKey":"Be8EP1jsyC5f7FIcAkVEamJ4yPcLUIj+Jj78Qb+EaFpk"},"_chains":{"BWKGZUq0TX5jzrLjZyzE3hGpGrdK4TawirTmILTm92xZ":{"chainKey":{"counter":0,"key":"jLhrDeyAVWuT3HSGVNHtnZP04zZS3OfqXPJK4gKWM0c="},"chainType":1,"messageKeys":{}}},"pendingPreKey":{"signedKeyId":2351172,"baseKey":"BaasTxTNVJKKR/z3ySI0Tzu8exOcK6PIj0pf4jbalGwm","preKeyId":2272}}},"version":"v1"}