{"_sessions":{"BebmDrYsPCOsG4rZHERNtnlK4ucgCRNeH/ciKFzbzbY8":{"registrationId":302490494,"currentRatchet":{"ephemeralKeyPair":{"pubKey":"BW37sOr19upHnbjBTTLlLOBjGwOeG3stVQ4Z66VgyUV4","privKey":"ON00H4tulacKVoSytwfSQN7M3KRkDIeHnb4t0irN5m4="},"lastRemoteEphemeralKey":"Bb6jgULFTKYZ37Tr+Erbbwh2qfKIjYI+5c2d5tDaug9o","previousCounter":0,"rootKey":"Nwavk/t7WWrLclxrdHcRL/MigevTGY3Ar/YbujjAj+I="},"indexInfo":{"baseKey":"BebmDrYsPCOsG4rZHERNtnlK4ucgCRNeH/ciKFzbzbY8","baseKeyType":1,"closed":-1,"used":1747219044744,"created":1747219044744,"remoteIdentityKey":"BSo+S92hY9x9wpNb42gwU4cmh9ibWuH6iiFch05P4YwW"},"_chains":{"BW37sOr19upHnbjBTTLlLOBjGwOeG3stVQ4Z66VgyUV4":{"chainKey":{"counter":0,"key":"dOWJQLR4Itk7xp08Kgcm7trVXLFsrPUa5rUsH3LaH4Y="},"chainType":1,"messageKeys":{}}},"pendingPreKey":{"signedKeyId":0,"baseKey":"BebmDrYsPCOsG4rZHERNtnlK4ucgCRNeH/ciKFzbzbY8","preKeyId":10589173}}},"version":"v1"}