{"_sessions":{"BSxHC/g0SW6/zYRYWoXl/iMbAfYV4y5M6lACCyXrd+gI":{"registrationId":35229747,"currentRatchet":{"ephemeralKeyPair":{"pubKey":"BQnPlH9wbepl/gwwbTl244no5rf+3PdrWcdms8ZZ1lpv","privKey":"8HOt559KHd65uB/lLNiaYomuBu57vIM47Yc5IebPGEQ="},"lastRemoteEphemeralKey":"BUCguPKGIw4XcEM+92qKuED9Cr6tU1K54GN5TZNlDURI","previousCounter":0,"rootKey":"giT8yrABO7wQU2D+7LM54teLWB8e3mm3LfrkQWyWBTg="},"indexInfo":{"baseKey":"BSxHC/g0SW6/zYRYWoXl/iMbAfYV4y5M6lACCyXrd+gI","baseKeyType":1,"closed":-1,"used":1747219048889,"created":1747219048889,"remoteIdentityKey":"BbhXGN1LW/Er+FCNjTC6NyaTr8EgJpd/DtnQB7Yexbg7"},"_chains":{"BQnPlH9wbepl/gwwbTl244no5rf+3PdrWcdms8ZZ1lpv":{"chainKey":{"counter":0,"key":"iocmfqFUs4A8TWI+zRAVNiDwTt9+J3aT5hZjfbto24o="},"chainType":1,"messageKeys":{}}},"pendingPreKey":{"signedKeyId":3,"baseKey":"BSxHC/g0SW6/zYRYWoXl/iMbAfYV4y5M6lACCyXrd+gI","preKeyId":15433802}}},"version":"v1"}