{"_sessions":{"BY9YcrENJ/D6VuMF7xmSU8GuhH0jDde+G021+ufGI85Y":{"registrationId":1450594938,"currentRatchet":{"ephemeralKeyPair":{"pubKey":"BZ3i8SanIFkODXZnrd+wN2UhPqgVhDKL1RUMeT5ZdApI","privKey":"gC4v2nfOCF+wVOEhqbA0ifBbtVh59QDWD3EmVKvKGFQ="},"lastRemoteEphemeralKey":"Bayp2hiZZhSq9Sw40utbC4E3M7hIr+5VHtZ3O6V8y+RK","previousCounter":0,"rootKey":"YwpjCaOfZr5hdmAj6IcWZCkzTsgXF6T+EFkxJz5eBc8="},"indexInfo":{"baseKey":"BY9YcrENJ/D6VuMF7xmSU8GuhH0jDde+G021+ufGI85Y","baseKeyType":1,"closed":-1,"used":1747208182588,"created":1747208182588,"remoteIdentityKey":"BbY+s3lUYvDo6Qa5S7NASisx8ToKVanu0uQaOZ3FD0ou"},"_chains":{"BZ3i8SanIFkODXZnrd+wN2UhPqgVhDKL1RUMeT5ZdApI":{"chainKey":{"counter":1,"key":"p4FX7YMzUdQTgYMD9v2ev0yuzBoW81LWE5hv/97XRdI="},"chainType":1,"messageKeys":{}}},"pendingPreKey":{"signedKeyId":1,"baseKey":"BY9YcrENJ/D6VuMF7xmSU8GuhH0jDde+G021+ufGI85Y","preKeyId":2232939}}},"version":"v1"}