{"_sessions":{"BZBN5H1V8VHKBf5NgRaUrd4bDM0ilfGA4srA7nCV+A4W":{"registrationId":1851063622,"currentRatchet":{"ephemeralKeyPair":{"pubKey":"BSX4sJt8Zgnugqhh16deF7VrcpBeY0Lh0FDZ9Evn3e1a","privKey":"eLrN1GzNbXB5Ifo+M2NEclbwUWTUHFVx8Dlp8Xe0EkQ="},"lastRemoteEphemeralKey":"BV3R6pNF8WDXfBp2/osaT+5eSZLGfDmYF3eL4gaP7nlV","previousCounter":0,"rootKey":"Wb+oCIwbnSJwzhpFueYiX3EwDpXP+J9mEk0/OROf7qc="},"indexInfo":{"baseKey":"BZBN5H1V8VHKBf5NgRaUrd4bDM0ilfGA4srA7nCV+A4W","baseKeyType":1,"closed":-1,"used":1747216483020,"created":1747216483020,"remoteIdentityKey":"Bdi6GqPRm44ffoOKbmsTzLl4xG7KUjlqmAEE3b1mwyM3"},"_chains":{"BSX4sJt8Zgnugqhh16deF7VrcpBeY0Lh0FDZ9Evn3e1a":{"chainKey":{"counter":0,"key":"5lIo9N2KGH1Hf12hnwKkd8g7WJL+jtS5L7WQQySkEjs="},"chainType":1,"messageKeys":{}}},"pendingPreKey":{"signedKeyId":4,"baseKey":"BZBN5H1V8VHKBf5NgRaUrd4bDM0ilfGA4srA7nCV+A4W","preKeyId":8590927}}},"version":"v1"}