{"_sessions":{"BTT5FF/AT6z1c+7LjJ4sv4RwXij0tnCyRNSNTvgfhrAE":{"registrationId":187549772,"currentRatchet":{"ephemeralKeyPair":{"pubKey":"Bf8we24GsMNcm1NTsz3jqzPeCTzYsETwCkoW9MlIIPpb","privKey":"IAZZUN458qT7mjFQ4Xp+yT7gRWrY60PX+XoH6u7VoH4="},"lastRemoteEphemeralKey":"BT+WaGiIkOEj5zPWPFXjJ+fPt2AY+WOhcBUkYYReV2Bo","previousCounter":0,"rootKey":"vwpWTt6+3/reVnHDfxwQYry35XF9LIXZnZVUlvtxlO8="},"indexInfo":{"baseKey":"BTT5FF/AT6z1c+7LjJ4sv4RwXij0tnCyRNSNTvgfhrAE","baseKeyType":1,"closed":-1,"used":1747222182514,"created":1747222182514,"remoteIdentityKey":"BXqy8fJruW2MvnuD62GCS8Bnd4X4PDRpMz1Vuehr4cI+"},"_chains":{"Bf8we24GsMNcm1NTsz3jqzPeCTzYsETwCkoW9MlIIPpb":{"chainKey":{"counter":2,"key":"rYdtqd9jQxdTr06Zyjqgd3aJAQJdmgoUNsfI9ULlb5g="},"chainType":1,"messageKeys":{}}},"pendingPreKey":{"signedKeyId":0,"baseKey":"BTT5FF/AT6z1c+7LjJ4sv4RwXij0tnCyRNSNTvgfhrAE","preKeyId":9918926}}},"version":"v1"}