{"_sessions":{"BZ+VJN4pRzJcHTKzDTlSgQNoOW2xuVvc3/kqM17yIuka":{"registrationId":748458049,"currentRatchet":{"ephemeralKeyPair":{"pubKey":"BRzZ++STRGQwH/aECF/zDWcPzkoQ6cW4iHONdcx5adpp","privKey":"EJwT+2q152qPKogy4n6TVZ3dO2BiP5z1ztJEq3kNB3M="},"lastRemoteEphemeralKey":"Bd6OZRKnIJ92keNmO5nudE/UgnN7/VJBLX4DOlVU0pFA","previousCounter":0,"rootKey":"1itUjaF0bu3Kee4g2zs/f+7YYeHaWddXxReoQb7kRf4="},"indexInfo":{"baseKey":"BZ+VJN4pRzJcHTKzDTlSgQNoOW2xuVvc3/kqM17yIuka","baseKeyType":1,"closed":-1,"used":1747219047073,"created":1747219047073,"remoteIdentityKey":"Bcv6Emi9X62e20D7K/p+0c1CXdJmcf2hlmmiIqiGTFtQ"},"_chains":{"BRzZ++STRGQwH/aECF/zDWcPzkoQ6cW4iHONdcx5adpp":{"chainKey":{"counter":0,"key":"Zggw8ErSd/xz4Q+9kyKGYp9aorcGYCVchaNimA8Q9lY="},"chainType":1,"messageKeys":{}}},"pendingPreKey":{"signedKeyId":3,"baseKey":"BZ+VJN4pRzJcHTKzDTlSgQNoOW2xuVvc3/kqM17yIuka","preKeyId":648145}}},"version":"v1"}