{"_sessions":{"BU/myDIA5c2VbxP4udGK3A0COzJL700RiMzPx65SdUZZ":{"registrationId":528977811,"currentRatchet":{"ephemeralKeyPair":{"pubKey":"BUYRUiHhJA4d4816F5gJ+cbWupkHNbdwIBqNXnlWqRJs","privKey":"KPmvNF9RZh3f6/xhFJN2N61atwoK33L2QtC5Bp/zMVM="},"lastRemoteEphemeralKey":"BaRwUHQtDCFxRfOkOkW888r3W8BVhYxmLsib4nyADpUL","previousCounter":0,"rootKey":"4xRB2YuJ1sprjdfTuwob0V3JveKNGkqrVb6qwg+0ds0="},"indexInfo":{"baseKey":"BU/myDIA5c2VbxP4udGK3A0COzJL700RiMzPx65SdUZZ","baseKeyType":2,"closed":-1,"used":1747222617997,"created":1747222617997,"remoteIdentityKey":"BaG53Zo5/y5hyVul3AoK3gMoE0Tn+daWShLMrYhVElVP"},"_chains":{"BaRwUHQtDCFxRfOkOkW888r3W8BVhYxmLsib4nyADpUL":{"chainKey":{"counter":1,"key":"B3lBpNsQ4O0YSuoegQbi4421O8OlsugKJzY6lTTu70I="},"chainType":2,"messageKeys":{}},"BUYRUiHhJA4d4816F5gJ+cbWupkHNbdwIBqNXnlWqRJs":{"chainKey":{"counter":-1,"key":"RLM1euQQ7KmIWUa5LBfTevh51qpqf+GUYpd3ye495c4="},"chainType":1,"messageKeys":{}}}}},"version":"v1"}