{"_sessions":{"BZk2g5HPxQq53lEHGd56FWoldAUUHuBv32U/1NG3bTtu":{"registrationId":1556658002,"currentRatchet":{"ephemeralKeyPair":{"pubKey":"BekdRzgqq/8v/rU/b3/c8+jR23Yg70eiWrSadXPzM+lc","privKey":"gMts61+8ozHNTbRI+h5iQH7MppvhIVnsWvcDpslO/WM="},"lastRemoteEphemeralKey":"BWbUBA7nvpeVmUsu1gOdeDwT99Ffx4ysWgP/cuqSdZc1","previousCounter":0,"rootKey":"kBesxHMI/V5J3X4gTo4CafiNVYaOOnO1lH0PxYaFKNM="},"indexInfo":{"baseKey":"BZk2g5HPxQq53lEHGd56FWoldAUUHuBv32U/1NG3bTtu","baseKeyType":1,"closed":-1,"used":1747219047069,"created":1747219047069,"remoteIdentityKey":"BQ/aNJJyHfFl+Ihq+AAuF75uRL2Yknn2wOUj4JACARd6"},"_chains":{"BekdRzgqq/8v/rU/b3/c8+jR23Yg70eiWrSadXPzM+lc":{"chainKey":{"counter":0,"key":"fdQvhkTM7xIzoimQ3rQwhSwm3wUYEKxx4nUWaPWPKfE="},"chainType":1,"messageKeys":{}}},"pendingPreKey":{"signedKeyId":5,"baseKey":"BZk2g5HPxQq53lEHGd56FWoldAUUHuBv32U/1NG3bTtu","preKeyId":4667103}}},"version":"v1"}