{"_sessions":{"BUs+W1/c8GfQM1SWnZy6Pv3MD1uhMVMlgstPjUI2vI0B":{"registrationId":1594762416,"currentRatchet":{"ephemeralKeyPair":{"pubKey":"BVXMwAD/ytR9faOCNGsBOY9Efpb5Nkz4kU2m6hMlAap+","privKey":"YOee4hbZA865UJOChQR9zvmo/lZZN/wO2EJV8dyb/k0="},"lastRemoteEphemeralKey":"BXAAWLPnEpCNGgd7ZaxyHwb5En0US+d2+cv8wPGKbO18","previousCounter":0,"rootKey":"BqG+UvlttiDnRBCrlaDR0yCzcd6mF6F9CZvNUniZxA0="},"indexInfo":{"baseKey":"BUs+W1/c8GfQM1SWnZy6Pv3MD1uhMVMlgstPjUI2vI0B","baseKeyType":1,"closed":-1,"used":1747219044954,"created":1747219044954,"remoteIdentityKey":"BYD5rJrG/lLGrhYUzh4LCyYoMEU7BMV9qFO4oKrCGfwF"},"_chains":{"BVXMwAD/ytR9faOCNGsBOY9Efpb5Nkz4kU2m6hMlAap+":{"chainKey":{"counter":0,"key":"Nm87xE6ZVQHb+dnaGMX8i5Y5u0vnh5HEG6ovB2BPhNA="},"chainType":1,"messageKeys":{}}},"pendingPreKey":{"signedKeyId":4,"baseKey":"BUs+W1/c8GfQM1SWnZy6Pv3MD1uhMVMlgstPjUI2vI0B","preKeyId":1588332}}},"version":"v1"}