{"_sessions":{"BTi10NY+hWHYEtXHy0ml64tKYZ69a4QVhlD8mncymc9l":{"registrationId":184,"currentRatchet":{"ephemeralKeyPair":{"pubKey":"BUYPOzqvIVFGKbB2rvtlt4sYPqJxDBIrrN42zyovEp8K","privKey":"GHjmGEVZXKInK6s/Az3UB5i4VHdS1zebEgEcKtIFamo="},"lastRemoteEphemeralKey":"BR/fCI66yaxzjsUezqSQEbr2IcB88hViWAQDTdv7KqI5","previousCounter":0,"rootKey":"02F8DFj5HEwFMN7wcGRnarIqyXrYT5jk00G5HudJOec="},"indexInfo":{"baseKey":"BTi10NY+hWHYEtXHy0ml64tKYZ69a4QVhlD8mncymc9l","baseKeyType":1,"closed":-1,"used":1747209564385,"created":1747209564385,"remoteIdentityKey":"BWiUx4OuvvGV3ZHk/wDubW2qKuFYAvu3EGHWfWbKEVh3"},"_chains":{"BUYPOzqvIVFGKbB2rvtlt4sYPqJxDBIrrN42zyovEp8K":{"chainKey":{"counter":0,"key":"10k+DAv7My6WUyIlWbe76pOtmp719LzmAovsmT3FWOA="},"chainType":1,"messageKeys":{}}},"pendingPreKey":{"signedKeyId":1,"baseKey":"BTi10NY+hWHYEtXHy0ml64tKYZ69a4QVhlD8mncymc9l"}}},"version":"v1"}