{"_sessions":{"BbwFDOZfVw+N+LknLnKDnRM/+gCHLiiNwbt1B5i7An5Y":{"registrationId":284668864,"currentRatchet":{"ephemeralKeyPair":{"pubKey":"BVLhyP8b19t3EeqByowbXgBwjWmGtQ4ZzRNCv3UM391A","privKey":"QGK1j90xdwYPLM6+bPckAansjbAOw+NvAzHe5gnas3k="},"lastRemoteEphemeralKey":"Bd2ptqUAIT9OwztGnx/w2pu3MzyS5z7niUgmOkXEbClY","previousCounter":0,"rootKey":"px6eiaD3Ev9c88OuwqGVGgqsBxNynCHTQhnERhcXB/s="},"indexInfo":{"baseKey":"BbwFDOZfVw+N+LknLnKDnRM/+gCHLiiNwbt1B5i7An5Y","baseKeyType":1,"closed":-1,"used":1747219045072,"created":1747219045072,"remoteIdentityKey":"BfuZodzv5R13iMAFXcKCACpdLUKdIEU7GfBBfGuHhzxW"},"_chains":{"BVLhyP8b19t3EeqByowbXgBwjWmGtQ4ZzRNCv3UM391A":{"chainKey":{"counter":0,"key":"J4JxIQG+Q/dBEQ5zpEKOCUVYpAdCvWV3eeyuZctYf58="},"chainType":1,"messageKeys":{}}},"pendingPreKey":{"signedKeyId":7,"baseKey":"BbwFDOZfVw+N+LknLnKDnRM/+gCHLiiNwbt1B5i7An5Y","preKeyId":3251996}}},"version":"v1"}