{"_sessions":{"BUntzhQ1rmD9lgdQ37dqx3+9sWNl8PCaqAlofS82IvIo":{"registrationId":584666291,"currentRatchet":{"ephemeralKeyPair":{"pubKey":"BUmzRKNzyTdznUEy795jl41CpKop+tdOa6atcXXPf+QG","privKey":"INODIp/PLEy2kkXEmyU+3sk/I4D8vLZ8ANfARjLDU2I="},"lastRemoteEphemeralKey":"BbyF1xSrVEuRS+xo/LoKuxfHDZ0mTuFT0tWINyhL2ANn","previousCounter":0,"rootKey":"MOor2p6W8+ku+xe+lypUw36vPVg5OJWFT1Way1Kqi5Q="},"indexInfo":{"baseKey":"BUntzhQ1rmD9lgdQ37dqx3+9sWNl8PCaqAlofS82IvIo","baseKeyType":1,"closed":-1,"used":1747219050808,"created":1747219050808,"remoteIdentityKey":"BT72Ht3pgQxPEPTZh4Ipii2HhncYrwA2BxWKTKbVJxIu"},"_chains":{"BUmzRKNzyTdznUEy795jl41CpKop+tdOa6atcXXPf+QG":{"chainKey":{"counter":0,"key":"1gdMhNSJ+6RFuq1Bo5fzzMvt8wGriXDy9LLAySPESy0="},"chainType":1,"messageKeys":{}}},"pendingPreKey":{"signedKeyId":0,"baseKey":"BUntzhQ1rmD9lgdQ37dqx3+9sWNl8PCaqAlofS82IvIo","preKeyId":12322176}}},"version":"v1"}