{"_sessions":{"BVzYusOTpr+Ez/iaATiWI6Gg8c/rLgAPLUx3FYZz9x5T":{"registrationId":1740504921,"currentRatchet":{"ephemeralKeyPair":{"pubKey":"BfZGSl6R4aHkEr290IlqRIiczd08231gR0jRyCOEq1oo","privKey":"ID/C1G6jDIOdSVEoN+gsFBs41xX8ZiAjUndpRfksRHw="},"lastRemoteEphemeralKey":"BW+9wAHfgi9u110tgc1kOclm4CBm+L6JSCJjJvwq+LFf","previousCounter":0,"rootKey":"3sa4ZGf2s5AJJ91TPipBE8CmY07yIVpICOACakjFoOo="},"indexInfo":{"baseKey":"BVzYusOTpr+Ez/iaATiWI6Gg8c/rLgAPLUx3FYZz9x5T","baseKeyType":1,"closed":-1,"used":1747208249715,"created":1747208249715,"remoteIdentityKey":"BfV505A+Q6kw78+xXLYWgefXB7q+5Se+DlmFxKCceHZJ"},"_chains":{"BfZGSl6R4aHkEr290IlqRIiczd08231gR0jRyCOEq1oo":{"chainKey":{"counter":1,"key":"3Gd4fpanzYVIMpGqx3E2PCvBmxMU7hTT5FtuLC006bA="},"chainType":1,"messageKeys":{}}},"pendingPreKey":{"signedKeyId":15,"baseKey":"BVzYusOTpr+Ez/iaATiWI6Gg8c/rLgAPLUx3FYZz9x5T","preKeyId":10395852}}},"version":"v1"}