{"_sessions":{"BXCe6FOE5a46IRYjF2YNE/eiJsY9r38OsU5OBLcomd1D":{"registrationId":1505904828,"currentRatchet":{"ephemeralKeyPair":{"pubKey":"Bbk4Vix9xhOG+TjbqI8vfYhXMsbEF9a1UpUnq9ji6HJb","privKey":"sJm/N1ErrvBCSt+qVSJkYDCS2zkPGSkYFQPT/Sv921w="},"lastRemoteEphemeralKey":"BYbVJTxZ9wjq4JC5X6gQDKea2CZ4ERWJyop0kRsE8ksm","previousCounter":0,"rootKey":"SlwH9M1ze/7/W6Z7GIGY4AKt9rvjhSfJLI965oXoKPk="},"indexInfo":{"baseKey":"BXCe6FOE5a46IRYjF2YNE/eiJsY9r38OsU5OBLcomd1D","baseKeyType":1,"closed":-1,"used":1747208182552,"created":1747208182552,"remoteIdentityKey":"BXVkJH6OECFz7k+utngNQW0UcqrhuHIUz+wpbbWB94Ys"},"_chains":{"Bbk4Vix9xhOG+TjbqI8vfYhXMsbEF9a1UpUnq9ji6HJb":{"chainKey":{"counter":2,"key":"46rGdgfQoKIKVXPhwdXsyysuK+HfBzmFlold2dXAPD4="},"chainType":1,"messageKeys":{}}},"pendingPreKey":{"signedKeyId":2,"baseKey":"BXCe6FOE5a46IRYjF2YNE/eiJsY9r38OsU5OBLcomd1D","preKeyId":195704}}},"version":"v1"}