{"_sessions":{"BR7V91mtFOgzHj9o31lr8jCQazJXZVcP4ieGDgaKg6xA":{"registrationId":1742655387,"currentRatchet":{"ephemeralKeyPair":{"pubKey":"BQSo6o6xqRoQANaQuGcPtsyy985VzTkDH3VZpPELc9BE","privKey":"EEQKOmdhN+3RAml9nnQqamCXJS/sKhZCa5jQ9CWvf0M="},"lastRemoteEphemeralKey":"BYap97mzD8CHGpw3UmYygt/8jPK+RXDrjT1OIibMWwM7","previousCounter":0,"rootKey":"AUWM9Vxz70XpTXjv4lqMxhsX+2BTtrU3fQz1G0fx/ZQ="},"indexInfo":{"baseKey":"BR7V91mtFOgzHj9o31lr8jCQazJXZVcP4ieGDgaKg6xA","baseKeyType":1,"closed":-1,"used":1747209564392,"created":1747209564392,"remoteIdentityKey":"BTNS5bVN1fgwSTrtsqvTMAPKN9zOM7TkxrO4nWc7m9Yg"},"_chains":{"BQSo6o6xqRoQANaQuGcPtsyy985VzTkDH3VZpPELc9BE":{"chainKey":{"counter":0,"key":"rqO3JZqJ9jhH/IAkVPrdi1vugG7CzVnORc4STzFtivE="},"chainType":1,"messageKeys":{}}},"pendingPreKey":{"signedKeyId":0,"baseKey":"BR7V91mtFOgzHj9o31lr8jCQazJXZVcP4ieGDgaKg6xA","preKeyId":1601915}}},"version":"v1"}