{"_sessions":{"BRS832TZl1fu8EURO3dtwk7OwjznitJf5U4aUGaxZYhf":{"registrationId":72020469,"currentRatchet":{"ephemeralKeyPair":{"pubKey":"BZekCZDe3cmJoURLtmr/pv828QrfrXQZTvfYFgXiaNJK","privKey":"UHZzbJIZZFeFw+a+J2Qrv5GS2Lvkg3CdwjmskzzoQEc="},"lastRemoteEphemeralKey":"BXVdbd4lQZIaOQb87WcpZug+g6ztnA6VxRmBggriDaB8","previousCounter":0,"rootKey":"V7WoPUeWq8Xy9B+ZplGV7IX1zWRpFmpeILxGzZJdTMI="},"indexInfo":{"baseKey":"BRS832TZl1fu8EURO3dtwk7OwjznitJf5U4aUGaxZYhf","baseKeyType":1,"closed":-1,"used":1747219051127,"created":1747219051127,"remoteIdentityKey":"BSHrgn9jYAyo1NEZeN6nbszwyhFErjiWXQefTfewdRsc"},"_chains":{"BZekCZDe3cmJoURLtmr/pv828QrfrXQZTvfYFgXiaNJK":{"chainKey":{"counter":0,"key":"8FgsoEWyqMUb7OMG53t/DuQyzRt/99zqJ4ooWjTKo4g="},"chainType":1,"messageKeys":{}}},"pendingPreKey":{"signedKeyId":3,"baseKey":"BRS832TZl1fu8EURO3dtwk7OwjznitJf5U4aUGaxZYhf","preKeyId":3283105}}},"version":"v1"}