{"_sessions":{"BcDWFcKLgodlx29Eglrq0M/tYuIHV02+ULz61jJmdfp+":{"registrationId":1904685712,"currentRatchet":{"ephemeralKeyPair":{"pubKey":"BcqRUAAKeKZlb9RG8w+LNZvuCtrEqC1wcibWpGR6D3hV","privKey":"sIK78s0fglFhzHXwQu1djW+y7X2Rduni26vpnNLd1Gs="},"lastRemoteEphemeralKey":"BYlrp1xvo6M6lixwQKmKOEaHLGw+mg71xF66k0YqmbgM","previousCounter":0,"rootKey":"od9Zq1g97iQ7mJ0ZwtBuXFDTbyAzlYTVGonhffvoLm4="},"indexInfo":{"baseKey":"BcDWFcKLgodlx29Eglrq0M/tYuIHV02+ULz61jJmdfp+","baseKeyType":1,"closed":-1,"used":1747207240293,"created":1747207240293,"remoteIdentityKey":"BfpZ02Q+L6v+JVRSXcHpjQkXMYOG9LpIfXqqQ3o57BAQ"},"_chains":{"BcqRUAAKeKZlb9RG8w+LNZvuCtrEqC1wcibWpGR6D3hV":{"chainKey":{"counter":7,"key":"UEbF2EV2bylbz9NEI0Wt50aNE6iFIQNFrXkjzKIMHHE="},"chainType":1,"messageKeys":{}}},"pendingPreKey":{"signedKeyId":8,"baseKey":"BcDWFcKLgodlx29Eglrq0M/tYuIHV02+ULz61jJmdfp+","preKeyId":16406936}}},"version":"v1"}