{"_sessions":{"Ba3PlcCmRyIwwQRAjCenox57qLSbucu0kxhiQcgC9yxE":{"registrationId":471193052,"currentRatchet":{"ephemeralKeyPair":{"pubKey":"BaJGih0WXFK+YKUCs66n7hxe0JrQ4RIH24ywcppMmM0C","privKey":"0Hit3cXT4hJmppi4xFfBro60KruLrYxw1azcl5Jaw1s="},"lastRemoteEphemeralKey":"BSM1MOSspf4FdXPqvqnlH+N8a0wdQe8/Al2MI8DTszx1","previousCounter":0,"rootKey":"aizgaRdm9JONMRF9VKbGZF7ZKx124IKL8Dptn8Zz7XU="},"indexInfo":{"baseKey":"Ba3PlcCmRyIwwQRAjCenox57qLSbucu0kxhiQcgC9yxE","baseKeyType":1,"closed":-1,"used":1747219048979,"created":1747219048979,"remoteIdentityKey":"BbLKqJlmW1dxukUNrCQott+CyX6e4NZeJQZ8wQ1ov9Fm"},"_chains":{"BaJGih0WXFK+YKUCs66n7hxe0JrQ4RIH24ywcppMmM0C":{"chainKey":{"counter":0,"key":"kivGhR6OSdelyHMSRz+yn0Qncm+u2o7vA3Iy5PbnysQ="},"chainType":1,"messageKeys":{}}},"pendingPreKey":{"signedKeyId":3,"baseKey":"Ba3PlcCmRyIwwQRAjCenox57qLSbucu0kxhiQcgC9yxE"}}},"version":"v1"}