{"_sessions":{"BUW4s5IIFrRSobzfYz7tm19/jvM1EuwGnUA7Jcr7rtYU":{"registrationId":531838843,"currentRatchet":{"ephemeralKeyPair":{"pubKey":"BX1UEv8wY3tqHJHxj71ZDbHNtGnbvykP0UhGyzzKsXl4","privKey":"4IBuSGgTuRjuEqlR7diFeGTA11oHT7g8rr1coJewyXE="},"lastRemoteEphemeralKey":"BakY2IzoYwNZTPSW0mcCAW7p4tvkdGe9Xbgo/lp/2Lk6","previousCounter":0,"rootKey":"UflyeBVwUkARA85eE7zGZin45ezlXC4gbWW67fu0bq0="},"indexInfo":{"baseKey":"BUW4s5IIFrRSobzfYz7tm19/jvM1EuwGnUA7Jcr7rtYU","baseKeyType":1,"closed":-1,"used":1747219046985,"created":1747219046985,"remoteIdentityKey":"Be0sfd2PW3XvGVoZ0S9WJKaE/RUGgf1pqkQeqRqbtV9o"},"_chains":{"BX1UEv8wY3tqHJHxj71ZDbHNtGnbvykP0UhGyzzKsXl4":{"chainKey":{"counter":0,"key":"qWknHXekuRqAJfuwTfDD1EMYz4CbNMmNAM+grLy4d1s="},"chainType":1,"messageKeys":{}}},"pendingPreKey":{"signedKeyId":4,"baseKey":"BUW4s5IIFrRSobzfYz7tm19/jvM1EuwGnUA7Jcr7rtYU","preKeyId":9854445}}},"version":"v1"}