{"_sessions":{"BazhUAC3vvh04OWPnGtiISZaaBnKreUxfcME8WMgpdkE":{"registrationId":1017046829,"currentRatchet":{"ephemeralKeyPair":{"pubKey":"BaHzt0PGJkWtKPR9Hejllrfi4NaMQ7FQFdofPkC68+Us","privKey":"oPf+6NKjVZy/Z7tJiw8ZAD6o78pdwvpdZxffDbZGRUc="},"lastRemoteEphemeralKey":"BQmFxaA3/6iRdZcEqSvdoL5nSd5+bQuIKUAY0VQaplhh","previousCounter":0,"rootKey":"ke1hrnzzk2m29+3XW+avOEmUBpYe3tPJ+40Qma4y5T8="},"indexInfo":{"baseKey":"BazhUAC3vvh04OWPnGtiISZaaBnKreUxfcME8WMgpdkE","baseKeyType":1,"closed":-1,"used":1747219045015,"created":1747219045015,"remoteIdentityKey":"BRJkBlzofFLzIECsC3pcH2W8Pq6zol2jiclrdtUC7goe"},"_chains":{"BaHzt0PGJkWtKPR9Hejllrfi4NaMQ7FQFdofPkC68+Us":{"chainKey":{"counter":0,"key":"c3nrkuCpWRVUzIK6J0iZtQGuk69Kpen+2nLuV49sfKg="},"chainType":1,"messageKeys":{}}},"pendingPreKey":{"signedKeyId":4,"baseKey":"BazhUAC3vvh04OWPnGtiISZaaBnKreUxfcME8WMgpdkE","preKeyId":16461929}}},"version":"v1"}