{"_sessions":{"BY5klVuge6jz+4Y06JfIEnB6khzGoI4lBwXC04YcXGIZ":{"registrationId":1631523021,"currentRatchet":{"ephemeralKeyPair":{"pubKey":"BZEC9/uYMm+luZsX/jCVvAM+Oudv22uLxy66CBsSIqZN","privKey":"iGvBo9q+KY8Af3PZAT3SJC1aiM3ux7kuvSQb5DLRNUg="},"lastRemoteEphemeralKey":"Bbcr/XV41Y+UH8WDnVcjin62i5vH55hijxd0gzHOMctI","previousCounter":0,"rootKey":"PN3z/am0GZPsMes9RRmPSp+L8GKm1tPvZnullnvYN6A="},"indexInfo":{"baseKey":"BY5klVuge6jz+4Y06JfIEnB6khzGoI4lBwXC04YcXGIZ","baseKeyType":1,"closed":-1,"used":1747208182533,"created":1747208182533,"remoteIdentityKey":"BdAW2GbwDYhRf/U5dj+199Mj0QqoeeET0fAejsHsDAMv"},"_chains":{"BZEC9/uYMm+luZsX/jCVvAM+Oudv22uLxy66CBsSIqZN":{"chainKey":{"counter":1,"key":"A42vnvhgIsfXHNh4mDqiqOz63l+BttXYPfBLwFPySNk="},"chainType":1,"messageKeys":{}}},"pendingPreKey":{"signedKeyId":6,"baseKey":"BY5klVuge6jz+4Y06JfIEnB6khzGoI4lBwXC04YcXGIZ","preKeyId":14856047}}},"version":"v1"}