{"_sessions":{"BcnKkbH7+a7Xs5iJtFRwj8wYMcpICjkgxw6LHckwpeNO":{"registrationId":1734314523,"currentRatchet":{"ephemeralKeyPair":{"pubKey":"BTnomcO6CO7xcwEmIXKfyqBG4jLm2tYN/8Fe2enEz1kP","privKey":"UII+iIEIdxLn4kVgDqgmwNufBMTFcFyJykOOhtePMGA="},"lastRemoteEphemeralKey":"Bbsnb9r7yYCAONIeAchxokOSbHsYg8XvffxmnjSlQKZb","previousCounter":0,"rootKey":"armfnpCAAjFKIdelKN7q1j6uXIyB3ywqFu0c0Ff1hn0="},"indexInfo":{"baseKey":"BcnKkbH7+a7Xs5iJtFRwj8wYMcpICjkgxw6LHckwpeNO","baseKeyType":1,"closed":-1,"used":1747219050720,"created":1747219050720,"remoteIdentityKey":"BZgXMR84+t78DgXD2eib6U+IQSRet0NUrXIxWUibiKx2"},"_chains":{"BTnomcO6CO7xcwEmIXKfyqBG4jLm2tYN/8Fe2enEz1kP":{"chainKey":{"counter":0,"key":"7DLcIEwSSD1FHqk1bTpZfbVb14K68wEBC8WRIZJX/uQ="},"chainType":1,"messageKeys":{}}},"pendingPreKey":{"signedKeyId":5,"baseKey":"BcnKkbH7+a7Xs5iJtFRwj8wYMcpICjkgxw6LHckwpeNO","preKeyId":15623306}}},"version":"v1"}