{"_sessions":{"BRzRUlBz+7daXrwq+PYJwHfS8gnp0MPqubKL0CdNpH9M":{"registrationId":185564708,"currentRatchet":{"ephemeralKeyPair":{"pubKey":"BWKe9jnq+BIhlotvJ6k4XRkIYPyEzeL2joHv1UFlH74F","privKey":"QBPYzn6zfqTCFpV1EzjsIFdExhvoaa7jc0o7J2IOnVM="},"lastRemoteEphemeralKey":"BXBZx0KVZgwjDaHJRe7psSMiGGx9oY4z2IoXxRZ9mrpz","previousCounter":0,"rootKey":"uMKKxtn7KwdfK/vmTM9c6vCwx1ype6UWW8YGgdHDlkU="},"indexInfo":{"baseKey":"BRzRUlBz+7daXrwq+PYJwHfS8gnp0MPqubKL0CdNpH9M","baseKeyType":1,"closed":-1,"used":1747219046997,"created":1747219046997,"remoteIdentityKey":"BUbtq3iOlcGf0OG+NFl4L6UbpSL1Jlkjqhoe7V5sObFw"},"_chains":{"BWKe9jnq+BIhlotvJ6k4XRkIYPyEzeL2joHv1UFlH74F":{"chainKey":{"counter":0,"key":"0GemEpNNWPMtCzO0TsmTCSkoar3D+219Y2VN9O37R54="},"chainType":1,"messageKeys":{}}},"pendingPreKey":{"signedKeyId":4,"baseKey":"BRzRUlBz+7daXrwq+PYJwHfS8gnp0MPqubKL0CdNpH9M","preKeyId":2554485}}},"version":"v1"}