{"_sessions":{"BfsFyvbcTt7wDEcmL8Bq9Ys6Q7m3xEFVM78zPs4UACNW":{"registrationId":966885281,"currentRatchet":{"ephemeralKeyPair":{"pubKey":"BYxshFHJt0nCcimv/nETlOIZYh2I9RWgFb03mT5qAZp5","privKey":"SBa9O7uqfuOURc8LmeOcHauqLy7RZB1a74d69BaCDEE="},"lastRemoteEphemeralKey":"BeHx/9Ssk5F/9F71TDQgv2XWwDZMCh+8VEpcXYznZZhK","previousCounter":0,"rootKey":"eofgrGj5uGv5y8FSKPJA5ak4fB+7wI0OGG3VjXcohTc="},"indexInfo":{"baseKey":"BfsFyvbcTt7wDEcmL8Bq9Ys6Q7m3xEFVM78zPs4UACNW","baseKeyType":1,"closed":-1,"used":1747219049168,"created":1747219049168,"remoteIdentityKey":"BUCn7Dcw+JIfPvNNbw5toUYFhqT826gygAu+odRRarRc"},"_chains":{"BYxshFHJt0nCcimv/nETlOIZYh2I9RWgFb03mT5qAZp5":{"chainKey":{"counter":0,"key":"YO5WMCrkC6KYr1DAeQq3w3JCj28ZNBO4rbiv3PiFW/A="},"chainType":1,"messageKeys":{}}},"pendingPreKey":{"signedKeyId":5,"baseKey":"BfsFyvbcTt7wDEcmL8Bq9Ys6Q7m3xEFVM78zPs4UACNW"}}},"version":"v1"}