{"_sessions":{"BWkUJWDSBcHDpqGkNhkudXIdwrm8fLXe8KTF3ZeKWQET":{"registrationId":2046498281,"currentRatchet":{"ephemeralKeyPair":{"pubKey":"BcICt8ZOuPGDGgAp8q606tfnVbp8Qv1JM0QxGvYbXbAo","privKey":"YDLi4Np5geNNM9439KSUvrkjLE9d0q/OozC8EgVm5n4="},"lastRemoteEphemeralKey":"BdlPXJ2/MjrBSnYptHvu9V2mCw28ujn3VQiL5l7Fu1QN","previousCounter":0,"rootKey":"VaduvHllff+Jo1LsIZCT+BuHIEaWjtsFAgkQH0R8M1Y="},"indexInfo":{"baseKey":"BWkUJWDSBcHDpqGkNhkudXIdwrm8fLXe8KTF3ZeKWQET","baseKeyType":1,"closed":-1,"used":1747219051123,"created":1747219051123,"remoteIdentityKey":"BbvDe8YfeSsFxsoAiI39nxnGBJrE1p3JTX8R7g6zY+4q"},"_chains":{"BcICt8ZOuPGDGgAp8q606tfnVbp8Qv1JM0QxGvYbXbAo":{"chainKey":{"counter":0,"key":"TlHMfH1QBDmyOTClo/ATg4Cn6pXIzLGXpKueqJC74AQ="},"chainType":1,"messageKeys":{}}},"pendingPreKey":{"signedKeyId":2,"baseKey":"BWkUJWDSBcHDpqGkNhkudXIdwrm8fLXe8KTF3ZeKWQET","preKeyId":12668947}}},"version":"v1"}