{"_sessions":{"BU3Qf/zXKcx/QE3Scz2LVB5uLlWQFJRVXeB86STWiAVr":{"registrationId":779208772,"currentRatchet":{"ephemeralKeyPair":{"pubKey":"BfqmiAViTkp501SUQhKS/mCXKiuwyqIY3cc17Ee76ho6","privKey":"aG9NKgpe/2jqqRngSU8kx0TUdvayW3BsjvdgRymagUs="},"lastRemoteEphemeralKey":"BYpA5lVc2ijnxRlXVM6f8RjMpQYuj/s8Kd7yG8VFm4Ej","previousCounter":0,"rootKey":"v/WRLuf6hBfK+aoJT/yv+iWirEV8RKNBOWcc8rruTk0="},"indexInfo":{"baseKey":"BU3Qf/zXKcx/QE3Scz2LVB5uLlWQFJRVXeB86STWiAVr","baseKeyType":1,"closed":-1,"used":1747208182567,"created":1747208182567,"remoteIdentityKey":"BeNVVN6L0TMIpHgkVO1hM+tCb/KxzpK0behj2i5p0Ls6"},"_chains":{"BfqmiAViTkp501SUQhKS/mCXKiuwyqIY3cc17Ee76ho6":{"chainKey":{"counter":1,"key":"sCX2sZ9hSo/0emBKEvzBmUhgCcfB+iVX2y2bCFJtKuM="},"chainType":1,"messageKeys":{}}},"pendingPreKey":{"signedKeyId":33,"baseKey":"BU3Qf/zXKcx/QE3Scz2LVB5uLlWQFJRVXeB86STWiAVr","preKeyId":11480904}}},"version":"v1"}