{"_sessions":{"BesQzBNO6LC/u5avE1gG+3WVqHfNUxzoaI3o2fWz5aQm":{"registrationId":1858056674,"currentRatchet":{"ephemeralKeyPair":{"pubKey":"BbioaHiseGA43qEbSxYGXpx0WvSYy35DJ9s4p1qTNyFi","privKey":"sGjv9qp+JbLs2GVhmk6LhCNYNvu/ftmLR7UNxqSUGWY="},"lastRemoteEphemeralKey":"BVy7WBK8J18vbiMmjze2VM23wyKy0tYjdVAS4inc72Ux","previousCounter":0,"rootKey":"yhlAC1RgQHzwE9ZfZzXxY7HO2Opfk4BUwbe6ZsR48Cs="},"indexInfo":{"baseKey":"BesQzBNO6LC/u5avE1gG+3WVqHfNUxzoaI3o2fWz5aQm","baseKeyType":1,"closed":-1,"used":1747219048857,"created":1747219048857,"remoteIdentityKey":"BWmCFy9M3Pr5zlivKDKKTDXFE2SBGx8xrzstw2P3IEEj"},"_chains":{"BbioaHiseGA43qEbSxYGXpx0WvSYy35DJ9s4p1qTNyFi":{"chainKey":{"counter":0,"key":"gou2+j30D1s2/lrYFhLio6IsID2xKmgoyH/A6QT66A0="},"chainType":1,"messageKeys":{}}},"pendingPreKey":{"signedKeyId":7,"baseKey":"BesQzBNO6LC/u5avE1gG+3WVqHfNUxzoaI3o2fWz5aQm","preKeyId":9118104}}},"version":"v1"}