{"_sessions":{"BWT/TuKbjx0gy71G4cz8trempYJpTOjwoQOLWhKV0Np0":{"registrationId":918228175,"currentRatchet":{"ephemeralKeyPair":{"pubKey":"BSMBA6giRaZLqS7068++ileZ9TLC753CRd0TAekx6MgZ","privKey":"4C9F3SCT45Pa4B+L0q8ghTwPsaaUNxMmJPPZzRhItEE="},"lastRemoteEphemeralKey":"BSIe97P39uwIUnzez4kNLAcr7J9zK1LHWCYY74WSkxJ+","previousCounter":0,"rootKey":"FHsUN8c+Ny7VwP9hXnZ7bZQw5gl98+j9hDh327LeJ78="},"indexInfo":{"baseKey":"BWT/TuKbjx0gy71G4cz8trempYJpTOjwoQOLWhKV0Np0","baseKeyType":1,"closed":-1,"used":1747219049184,"created":1747219049184,"remoteIdentityKey":"BT6B2DFmH93d+o8S0dTgKs36rgf7D5DkmfF87dikNVdn"},"_chains":{"BSMBA6giRaZLqS7068++ileZ9TLC753CRd0TAekx6MgZ":{"chainKey":{"counter":0,"key":"3aol83KZQInJuwWsvB2Li7fgBw1q6/Gvi849EVXEsaY="},"chainType":1,"messageKeys":{}}},"pendingPreKey":{"signedKeyId":0,"baseKey":"BWT/TuKbjx0gy71G4cz8trempYJpTOjwoQOLWhKV0Np0","preKeyId":16420078}}},"version":"v1"}