{"_sessions":{"BT6T+YwPxDZ3iOaZotwIpfYSC5vWKuEsj0b2NeKdcqsK":{"registrationId":1151387330,"currentRatchet":{"ephemeralKeyPair":{"pubKey":"BcFp5T6P9hGyGcrmPiE9nHFs2Hi4+owTt9c9Zetyv1s/","privKey":"kPPtv/mjTECN0L3l8FNLLXUM2eNuUvwnAEXLTXG2Q04="},"lastRemoteEphemeralKey":"BVMQf5N27onE8q38HaekSofk/8SwpNgUZporrFfE0jYH","previousCounter":0,"rootKey":"Rifj7BqccYR75XNCJAbLlF7wktkiJqAQv0pJ0ad3CkA="},"indexInfo":{"baseKey":"BT6T+YwPxDZ3iOaZotwIpfYSC5vWKuEsj0b2NeKdcqsK","baseKeyType":1,"closed":-1,"used":1747219044975,"created":1747219044975,"remoteIdentityKey":"BYZGVL/fImGl6tSZlcTwWrrqt7Iv8Cl6N2JuKqf+9owX"},"_chains":{"BcFp5T6P9hGyGcrmPiE9nHFs2Hi4+owTt9c9Zetyv1s/":{"chainKey":{"counter":0,"key":"o6RvRZhxfuRpbq96Qet9XJo5SlMNbfoe5kqfw42j0gY="},"chainType":1,"messageKeys":{}}},"pendingPreKey":{"signedKeyId":1,"baseKey":"BT6T+YwPxDZ3iOaZotwIpfYSC5vWKuEsj0b2NeKdcqsK","preKeyId":3140096}}},"version":"v1"}