{"_sessions":{"BZqxusjoLztHQ2zGgUVHLZjPJTqf35cUOwMoJA0yhWMr":{"registrationId":544758988,"currentRatchet":{"ephemeralKeyPair":{"pubKey":"BXpplUe9o0K2R1MHrrsJYng2eJB4k0sjqi57dIQjmSw7","privKey":"iAG+6eNhets9AsI19RqlOF7HChuvhuxG2q6ttr0X4VU="},"lastRemoteEphemeralKey":"BZNNrr1RSHFpHck9lDnw6xEQcEx6ERukcCPzSX33bSA6","previousCounter":0,"rootKey":"fniZU5I9jlyzUefSJlCOLKYhaTZljkcHkzh77+tDURc="},"indexInfo":{"baseKey":"BZqxusjoLztHQ2zGgUVHLZjPJTqf35cUOwMoJA0yhWMr","baseKeyType":1,"closed":-1,"used":1747219047194,"created":1747219047194,"remoteIdentityKey":"Belx8zA5+ZlsDX8G3nXpRS3l0M0WPfGnNz2qo2NzeAw1"},"_chains":{"BXpplUe9o0K2R1MHrrsJYng2eJB4k0sjqi57dIQjmSw7":{"chainKey":{"counter":0,"key":"Ntc/AYQyrZgp8/cVCA5JjGvBLkVWYP606jH0f4Dm9Nc="},"chainType":1,"messageKeys":{}}},"pendingPreKey":{"signedKeyId":3,"baseKey":"BZqxusjoLztHQ2zGgUVHLZjPJTqf35cUOwMoJA0yhWMr","preKeyId":16017041}}},"version":"v1"}