{"_sessions":{"BWuFPSxR+uG/5SFsP55Cw0/oInZyj1eOtnNIpbQa73pU":{"registrationId":2135424139,"currentRatchet":{"ephemeralKeyPair":{"pubKey":"Bc/wUYxT7iOi4rOv4F6cnAEXciByrexs8rHnfJBtje8d","privKey":"UGvbtc3/M+7tAKrPrgKn6FdpHx+7E+z7lR9hH32dYmA="},"lastRemoteEphemeralKey":"BYhko7BDldoW2dDR11DPnSvQFJ9qD5TFUg5bv15oWfFn","previousCounter":0,"rootKey":"OWrB9yJI12OiL2glrIUiI/YS6CiTfFdRBeD57/nOK9I="},"indexInfo":{"baseKey":"BWuFPSxR+uG/5SFsP55Cw0/oInZyj1eOtnNIpbQa73pU","baseKeyType":1,"closed":-1,"used":1747219050724,"created":1747219050724,"remoteIdentityKey":"BaP/qAashWTJnnF4LKKhcRJeRWHvQ0FMnHNWSLOBlQVv"},"_chains":{"Bc/wUYxT7iOi4rOv4F6cnAEXciByrexs8rHnfJBtje8d":{"chainKey":{"counter":0,"key":"bEute4mJbdm0DDQE78f6ERojsh6oFWZiPQPyB006ntI="},"chainType":1,"messageKeys":{}}},"pendingPreKey":{"signedKeyId":1,"baseKey":"BWuFPSxR+uG/5SFsP55Cw0/oInZyj1eOtnNIpbQa73pU","preKeyId":7115058}}},"version":"v1"}