{"_sessions":{"BWyffJaw/URxQRRO2UKOQoDV4AkL+mI4r5ptF+Wrwg9L":{"registrationId":1066175385,"currentRatchet":{"ephemeralKeyPair":{"pubKey":"BblsuYUYtvDNcYmzJQOwgOJLKY4Y+8E20AywFb7u7lsF","privKey":"KFONUq2c4y7Zntykq1cO10Vc12anycbRlIoW/lqdaHs="},"lastRemoteEphemeralKey":"BWqYXrn8yDzf4uRNS2DYIlw40CYXGqAwjcmoiAN49ilK","previousCounter":0,"rootKey":"VykSoYtzCc0BFjZVrb0Yv9cEGMw+nlaK8V0pMxqKxtQ="},"indexInfo":{"baseKey":"BWyffJaw/URxQRRO2UKOQoDV4AkL+mI4r5ptF+Wrwg9L","baseKeyType":2,"closed":-1,"used":1747218547444,"created":1747218547444,"remoteIdentityKey":"Be3veIGAXqz4QORR5MuYk7XpOKu/SdXWBTUEpOEQMb0K"},"_chains":{"BWqYXrn8yDzf4uRNS2DYIlw40CYXGqAwjcmoiAN49ilK":{"chainKey":{"counter":0,"key":"A77XpCQS/VSWb9xxluc80ifwyOsi4H7Kjjzy4b+LzWg="},"chainType":2,"messageKeys":{}},"BblsuYUYtvDNcYmzJQOwgOJLKY4Y+8E20AywFb7u7lsF":{"chainKey":{"counter":-1,"key":"1HFneImmdtmioWt9RjBvgNgXIWb2MoFZPhV+WyNLQKo="},"chainType":1,"messageKeys":{}}}}},"version":"v1"}