{"_sessions":{"BQmGTNH+rMnFZ3GLdK42jHb9em47QAKwf5pPjRbPf9Ne":{"registrationId":157,"currentRatchet":{"ephemeralKeyPair":{"pubKey":"BRZSxVvblvTd69i2zpaVZ29oTUUw3TR7KEPxapwO+BNt","privKey":"GGUfL9wNk3izxu0QvYqTXtOYDyqQ6UtBZ6uIVkbq+Ek="},"lastRemoteEphemeralKey":"BQGRc2y5gMADZUyrYCGO2r1z3ihFjmPbiXDXoe7XrWQp","previousCounter":0,"rootKey":"ploHrzl7HhO/BayKog8DJ8Jap+ribo7ZLaO97CWfOrg="},"indexInfo":{"baseKey":"BQmGTNH+rMnFZ3GLdK42jHb9em47QAKwf5pPjRbPf9Ne","baseKeyType":1,"closed":-1,"used":1747219044802,"created":1747219044802,"remoteIdentityKey":"BbJAC3MFLW3liEbvMa6LKOK/sXSVC8h0yAUUvbh1CMRZ"},"_chains":{"BRZSxVvblvTd69i2zpaVZ29oTUUw3TR7KEPxapwO+BNt":{"chainKey":{"counter":0,"key":"4VgKnggQkbDK55i9ltgMwJ7irki2KN0lb3rMD7RrwuQ="},"chainType":1,"messageKeys":{}}},"pendingPreKey":{"signedKeyId":1,"baseKey":"BQmGTNH+rMnFZ3GLdK42jHb9em47QAKwf5pPjRbPf9Ne"}}},"version":"v1"}