{"_sessions":{"BYwXM0PbhyJTd5o+zbgn7ZtX/uyzTncbaAsD5V9mNiVY":{"registrationId":380203074,"currentRatchet":{"ephemeralKeyPair":{"pubKey":"Be/cU3V+tdrY2+y7FSwrmOuXe+4jCB/VaYCWSSC+2XVi","privKey":"aDZBTNA61wTb5Q/WF2i/VXH/jdLVF0DbThro6F2i/WY="},"lastRemoteEphemeralKey":"BYqpeRrW4kgeDRb6nz4FDEAH89ta+aOuFuX2QxhvF8Ui","previousCounter":0,"rootKey":"T0ZTsfRDSb3YZzJUgD34EmwPdqayez3717+dIJKzHDg="},"indexInfo":{"baseKey":"BYwXM0PbhyJTd5o+zbgn7ZtX/uyzTncbaAsD5V9mNiVY","baseKeyType":1,"closed":-1,"used":1747229445241,"created":1747229445241,"remoteIdentityKey":"BVrAdIQoak2ZtW78y35uI8zsfRf5DXUhXAtQMpfBCnt7"},"_chains":{"Be/cU3V+tdrY2+y7FSwrmOuXe+4jCB/VaYCWSSC+2XVi":{"chainKey":{"counter":2,"key":"UGchqo4rq6sm7qd09mbfuI1fmj2cjXoKjf4/piKqJdY="},"chainType":1,"messageKeys":{}}},"pendingPreKey":{"signedKeyId":10,"baseKey":"BYwXM0PbhyJTd5o+zbgn7ZtX/uyzTncbaAsD5V9mNiVY","preKeyId":2797754}}},"version":"v1"}