{"_sessions":{"Bdzo1oUrwALAfxQ5UrZVyjTsTuhayQm8MQR3y67ZstAj":{"registrationId":547136392,"currentRatchet":{"ephemeralKeyPair":{"pubKey":"BXp4235TTxQ4Kg1nZa2/9imSPYOQfMmH1vXfiPtCwo4p","privKey":"YHaSRBgGkZweF2d7gIluL21FyrGL7Z5eumtAUawZW2s="},"lastRemoteEphemeralKey":"BR/QgxwsUoWKEkO0tBaCt8kU5aiJ9ASCOml/xW5g4AIR","previousCounter":0,"rootKey":"nWzmeP0CJmxnGueNYOBlDyofnVO5mVbmNT/J8SXc6eQ="},"indexInfo":{"baseKey":"Bdzo1oUrwALAfxQ5UrZVyjTsTuhayQm8MQR3y67ZstAj","baseKeyType":1,"closed":-1,"used":1747219049007,"created":1747219049007,"remoteIdentityKey":"BTzJD5V4git7Jbe7abGJeN1VFkv8moDixzg7znnLTy5W"},"_chains":{"BXp4235TTxQ4Kg1nZa2/9imSPYOQfMmH1vXfiPtCwo4p":{"chainKey":{"counter":0,"key":"cIkK0dJyu/w/N8639NCXR9gN2eoEXFqkmoklj5v8LlQ="},"chainType":1,"messageKeys":{}}},"pendingPreKey":{"signedKeyId":5,"baseKey":"Bdzo1oUrwALAfxQ5UrZVyjTsTuhayQm8MQR3y67ZstAj","preKeyId":10969240}}},"version":"v1"}