{"_sessions":{"BQk23c3GxHFr8SxrfdPROYP3Yn9TBESWj1iy6yFxJWVP":{"registrationId":415059779,"currentRatchet":{"ephemeralKeyPair":{"pubKey":"BcXflEdAnVZ4v6ZbQNc179cBJYB5zkUVXqSb8qtPY4QZ","privKey":"eKYt4T424LRTuYtlDbmjmozBWq6JC1cO/54pEm9mcks="},"lastRemoteEphemeralKey":"BY6IjZzagPM9r6/S/sFLcm2vvTsg9BuaZUv1x//FGgkS","previousCounter":0,"rootKey":"yhE+Q3pbbWIPEmk7eXLjSpXO49Wd8ex4d9qcoAWzwhk="},"indexInfo":{"baseKey":"BQk23c3GxHFr8SxrfdPROYP3Yn9TBESWj1iy6yFxJWVP","baseKeyType":1,"closed":-1,"used":1747219044950,"created":1747219044950,"remoteIdentityKey":"BYeDYhdv1wTkF1KjjoKl/whPsnH5E4nuV4bQMT0Y2g1P"},"_chains":{"BcXflEdAnVZ4v6ZbQNc179cBJYB5zkUVXqSb8qtPY4QZ":{"chainKey":{"counter":0,"key":"uONwZyKfsWLts/a21sejnMISXrXW2DOTezsGQngVmS4="},"chainType":1,"messageKeys":{}}},"pendingPreKey":{"signedKeyId":4,"baseKey":"BQk23c3GxHFr8SxrfdPROYP3Yn9TBESWj1iy6yFxJWVP","preKeyId":5820083}}},"version":"v1"}