{"_sessions":{"BcYbqwAttjQndaCgpz7qZ4X6hcFgeXOiLOEjGaL2WqI5":{"registrationId":530289489,"currentRatchet":{"ephemeralKeyPair":{"pubKey":"Bd/zkidMDYh2SPlcJDVKEWcGXZZYOOSvh0wOT/a9ETt6","privKey":"SAzbf22yGcryuWvXrsuaV2MFzzE4t0MxG3UZa0MLFVM="},"lastRemoteEphemeralKey":"BaaOoTKmkGVj98Y+Z3EFScmwgMhwExnlLBrk0VbZqnNu","previousCounter":0,"rootKey":"eDbTnWn/BFaVM27Zmm3dduJtd8lQ56cH1km8BfiHwIM="},"indexInfo":{"baseKey":"BcYbqwAttjQndaCgpz7qZ4X6hcFgeXOiLOEjGaL2WqI5","baseKeyType":1,"closed":-1,"used":1747219048984,"created":1747219048984,"remoteIdentityKey":"BQX01YYooKhhqr/GVerdBwLfOY/tFLPFTSqfm+gltndD"},"_chains":{"Bd/zkidMDYh2SPlcJDVKEWcGXZZYOOSvh0wOT/a9ETt6":{"chainKey":{"counter":0,"key":"S7OxceMNjmeGEGeurp11HsmC1Rg8+6kXr6Qx+dhJfhQ="},"chainType":1,"messageKeys":{}}},"pendingPreKey":{"signedKeyId":2,"baseKey":"BcYbqwAttjQndaCgpz7qZ4X6hcFgeXOiLOEjGaL2WqI5","preKeyId":1000018}}},"version":"v1"}