{"_sessions":{"BWU6mnx6+BPWvd0/IGPnwzzbAgtGutTtjFDoCrCEQQNo":{"registrationId":1799033883,"currentRatchet":{"ephemeralKeyPair":{"pubKey":"BRfjx3NT+yXr3bF/7Hp7r7HufsUr4VPy/4/ME2CxjdoJ","privKey":"8JVTg+MmumY9BpuyyeCmpKN8xqTG/djQRkHCevNwHEE="},"lastRemoteEphemeralKey":"BaXQ23lpqVRSBHIvyVQc2JOeXS5uf2Ev9Zt5uYmXr9YP","previousCounter":0,"rootKey":"0GRiNn9Cz7RNkOQcZvWv1NUNTWuR7oqn6DWiZbYRTmI="},"indexInfo":{"baseKey":"BWU6mnx6+BPWvd0/IGPnwzzbAgtGutTtjFDoCrCEQQNo","baseKeyType":1,"closed":-1,"used":1747209564471,"created":1747209564471,"remoteIdentityKey":"BWI6h5Jp8ykNklQiwV/lbvpKbi40JWGb5pfReAMcABNa"},"_chains":{"BRfjx3NT+yXr3bF/7Hp7r7HufsUr4VPy/4/ME2CxjdoJ":{"chainKey":{"counter":0,"key":"FoifQJmRVsxE7lAdxYNpxi98S/hqWosic+dUhn1FzJg="},"chainType":1,"messageKeys":{}}},"pendingPreKey":{"signedKeyId":3,"baseKey":"BWU6mnx6+BPWvd0/IGPnwzzbAgtGutTtjFDoCrCEQQNo","preKeyId":178544}}},"version":"v1"}