{"_sessions":{"BZ8GxA2SI4wa+HzV9XX5T8BFViH0u8Q1uOBZr4W8i5Iy":{"registrationId":932887052,"currentRatchet":{"ephemeralKeyPair":{"pubKey":"BZB+msmJzTKqDMZ6S9pXkEyJlMNzqui7+vrkSaIL5Lxk","privKey":"4EmEChwNaN2yGazx20XKcVj6YJB0QPSqOPZYnPNGaEw="},"lastRemoteEphemeralKey":"BYHWxIUOPoFGYTOxwVxCtT/4pylWFMsIslmSSngPPIwh","previousCounter":0,"rootKey":"kjdfBoFu7VlZ0NCqVpkEXqPhTPh1mRPBZWHSHjRvRog="},"indexInfo":{"baseKey":"BZ8GxA2SI4wa+HzV9XX5T8BFViH0u8Q1uOBZr4W8i5Iy","baseKeyType":1,"closed":-1,"used":1747219048924,"created":1747219048924,"remoteIdentityKey":"BV+iLOD/UsBShnmPq+D86RCfJ/HpRwduevgjxo12bMQ8"},"_chains":{"BZB+msmJzTKqDMZ6S9pXkEyJlMNzqui7+vrkSaIL5Lxk":{"chainKey":{"counter":0,"key":"JkWjQxhVxNyHofTPnOYnEBWrRCCOMO0KHOaDFu9rFwI="},"chainType":1,"messageKeys":{}}},"pendingPreKey":{"signedKeyId":0,"baseKey":"BZ8GxA2SI4wa+HzV9XX5T8BFViH0u8Q1uOBZr4W8i5Iy"}}},"version":"v1"}