{"_sessions":{"Bbk0GIDVQ8VzmvfS2POXxx27RZGbX2DOW8JBFUm90WFF":{"registrationId":310581739,"currentRatchet":{"ephemeralKeyPair":{"pubKey":"BdoKDQH/+sRueW4rXUFdbXG8o5Ax3/iHFgqNldQnoFQC","privKey":"cB7hfZ6NaDWlJmDWuUOUNeIJf7O243Z+lX0fuPCdBmI="},"lastRemoteEphemeralKey":"Beq0pTBy+KjL0Dm+n7qN5dGBWgKHeL1R+ZXmRgIJK5pH","previousCounter":0,"rootKey":"1Uwq5N5jBKO8hromed1W1mAyf2fPjd0kWDLGAlupAUc="},"indexInfo":{"baseKey":"Bbk0GIDVQ8VzmvfS2POXxx27RZGbX2DOW8JBFUm90WFF","baseKeyType":1,"closed":-1,"used":1747208182671,"created":1747208182671,"remoteIdentityKey":"BfxWdQuxQvp5BAOWRpO/n0o3aco/ghJL1v/bJ3TjTdRD"},"_chains":{"BdoKDQH/+sRueW4rXUFdbXG8o5Ax3/iHFgqNldQnoFQC":{"chainKey":{"counter":1,"key":"63Zw/uw8vFsbVMsil+K8SqgGoHHh6DvwvYdLUaoJxJE="},"chainType":1,"messageKeys":{}}},"pendingPreKey":{"signedKeyId":9455347,"baseKey":"Bbk0GIDVQ8VzmvfS2POXxx27RZGbX2DOW8JBFUm90WFF","preKeyId":20764}}},"version":"v1"}