{"_sessions":{"BcczOHc+cGu55xJ2+gvTmxEmWwEOARsizBBnymGSzFIL":{"registrationId":1099502276,"currentRatchet":{"ephemeralKeyPair":{"pubKey":"BSM7S5SRQxSOzqyFRyeja6zv1aIlw2T5oa4dp97jqSw1","privKey":"MFpkGMbeRx7VfHO6fLfNNep+eoegzMHQQnGVfeb3Om8="},"lastRemoteEphemeralKey":"BStw7rMyrRpomkcwojAMBw5BwpK+gPRBJecKTZTIJKI0","previousCounter":0,"rootKey":"aTGwcsOlzr8w2ijKdYMfmVr5RXEyEpn7NRo8uk/2PNc="},"indexInfo":{"baseKey":"BcczOHc+cGu55xJ2+gvTmxEmWwEOARsizBBnymGSzFIL","baseKeyType":1,"closed":1747220481122,"used":1747207240112,"created":1747207240112,"remoteIdentityKey":"BWBvgWKR7SwomiBnva4vX8T7xDCSNqjHgjxjY++y6oBp"},"_chains":{"BSM7S5SRQxSOzqyFRyeja6zv1aIlw2T5oa4dp97jqSw1":{"chainKey":{"counter":3,"key":"bB7dgUuCl9DGSQ1KSfRKSAmJM9/TIUBwyqRFxnoL4Zk="},"chainType":1,"messageKeys":{}}},"pendingPreKey":{"signedKeyId":16,"baseKey":"BcczOHc+cGu55xJ2+gvTmxEmWwEOARsizBBnymGSzFIL","preKeyId":1582968}},"BUE9nS2tWvuorW3epNeo7RsE9OjyloQ6wlAL0mhTlB8i":{"registrationId":1099502276,"currentRatchet":{"ephemeralKeyPair":{"pubKey":"BbKWXbp+CnO3BEijKPhOlKoo5JW3x5m3RsgShLCHf5gi","privKey":"8BOs0/vbKebIwpjsaluX/X26Hv/vra8yjn4JwmKefUw="},"lastRemoteEphemeralKey":"BStw7rMyrRpomkcwojAMBw5BwpK+gPRBJecKTZTIJKI0","previousCounter":0,"rootKey":"f/prTZZPhK/Tl3E3R0LDfGjFLY9KRZGDQuxW0npRFRE="},"indexInfo":{"baseKey":"BUE9nS2tWvuorW3epNeo7RsE9OjyloQ6wlAL0mhTlB8i","baseKeyType":1,"closed":1747220481740,"used":1747220481120,"created":1747220481120,"remoteIdentityKey":"BWBvgWKR7SwomiBnva4vX8T7xDCSNqjHgjxjY++y6oBp"},"_chains":{"BbKWXbp+CnO3BEijKPhOlKoo5JW3x5m3RsgShLCHf5gi":{"chainKey":{"counter":-1,"key":"YaqT2VQnVWEFOPBvs0RAqYH5GYWt4mSj5Xg1cUgY2X4="},"chainType":1,"messageKeys":{}}},"pendingPreKey":{"signedKeyId":16,"baseKey":"BUE9nS2tWvuorW3epNeo7RsE9OjyloQ6wlAL0mhTlB8i","preKeyId":1582941}},"BaKR1u00KNc30b4iuAwhf/TbSJUCeVbQqg24Yjjj1fdF":{"registrationId":1099502276,"currentRatchet":{"ephemeralKeyPair":{"pubKey":"BXOp/3UrFl8nPLmsJIRopJRhwG2WnknbLlsIukBPd7IP","privKey":"0PcAEVZHhzBThGORC1l/W2uGykjabBko2kaMO4xKhFY="},"lastRemoteEphemeralKey":"BStw7rMyrRpomkcwojAMBw5BwpK+gPRBJecKTZTIJKI0","previousCounter":0,"rootKey":"AoLQlhtd5PJ2rIOTidxP3Z3ofAfcMFVuHYCAzZ9V5hA="},"indexInfo":{"baseKey":"BaKR1u00KNc30b4iuAwhf/TbSJUCeVbQqg24Yjjj1fdF","baseKeyType":1,"closed":1747220482011,"used":1747220481738,"created":1747220481738,"remoteIdentityKey":"BWBvgWKR7SwomiBnva4vX8T7xDCSNqjHgjxjY++y6oBp"},"_chains":{"BXOp/3UrFl8nPLmsJIRopJRhwG2WnknbLlsIukBPd7IP":{"chainKey":{"counter":-1,"key":"TlQVYKtNMZ5EolAc0AawVFAp5w02dtqkVA7C3Z/UhPU="},"chainType":1,"messageKeys":{}}},"pendingPreKey":{"signedKeyId":16,"baseKey":"BaKR1u00KNc30b4iuAwhf/TbSJUCeVbQqg24Yjjj1fdF","preKeyId":1582946}},"BUqaxJZOxNHfQRyCBKAb2eojv6z3Ns2Y9vCnGaycyGtv":{"registrationId":1099502276,"currentRatchet":{"ephemeralKeyPair":{"pubKey":"Bb5vC10ifsY9zrG8rvt/bN4pw9ngw0y51SkkDq6+tTp4","privKey":"aLfl+HZe0woSyX+eigX3e6ATBB4Q/92qpsrKgvX9CWU="},"lastRemoteEphemeralKey":"BStw7rMyrRpomkcwojAMBw5BwpK+gPRBJecKTZTIJKI0","previousCounter":0,"rootKey":"b68Qlr7JHrCcbk3xe8PakSuKVtlVTO0hlVOt4Ca4r+Q="},"indexInfo":{"baseKey":"BUqaxJZOxNHfQRyCBKAb2eojv6z3Ns2Y9vCnGaycyGtv","baseKeyType":1,"closed":-1,"used":1747220482010,"created":1747220482010,"remoteIdentityKey":"BWBvgWKR7SwomiBnva4vX8T7xDCSNqjHgjxjY++y6oBp"},"_chains":{"Bb5vC10ifsY9zrG8rvt/bN4pw9ngw0y51SkkDq6+tTp4":{"chainKey":{"counter":3,"key":"8fCB5Xfd9+ju9Q8+k/XNjKLmf2GQqICmo0nYt7TWKjQ="},"chainType":1,"messageKeys":{}}},"pendingPreKey":{"signedKeyId":16,"baseKey":"BUqaxJZOxNHfQRyCBKAb2eojv6z3Ns2Y9vCnGaycyGtv","preKeyId":1583627}}},"version":"v1"}