{"_sessions":{"BQLQWTtjl5y97PvO5AaehtYQGfnZkV07m08Ye8dQEI0+":{"registrationId":615823021,"currentRatchet":{"ephemeralKeyPair":{"pubKey":"BeyqnErMQ8FNIFV/jR8DxNmXVBnCIiNp7QjdwUWsSo4/","privKey":"kK5BdR6Q8oc+09I0XlbqfyieaIfF11TQEnvYIwuVh1w="},"lastRemoteEphemeralKey":"BdiQpo9o1toiFS1KTSdzCRWeYp4wCP1xTiZDAyNvh9Vc","previousCounter":0,"rootKey":"0cEmf/sIPyi7N+LWUdgyFFh4WqRXnxRclAMYuyrJJ5E="},"indexInfo":{"baseKey":"BQLQWTtjl5y97PvO5AaehtYQGfnZkV07m08Ye8dQEI0+","baseKeyType":1,"closed":-1,"used":1747219047234,"created":1747219047234,"remoteIdentityKey":"BRP0q4JRh1aeq7SjWajH5Qs/F0mTRqI8NLmCdNy8D2U7"},"_chains":{"BeyqnErMQ8FNIFV/jR8DxNmXVBnCIiNp7QjdwUWsSo4/":{"chainKey":{"counter":0,"key":"LChz5bc06XxDF3vRvSod6hUjhopueCjuoAvZ+1i/uec="},"chainType":1,"messageKeys":{}}},"pendingPreKey":{"signedKeyId":3,"baseKey":"BQLQWTtjl5y97PvO5AaehtYQGfnZkV07m08Ye8dQEI0+","preKeyId":9500810}}},"version":"v1"}