{"_sessions":{"BQIJJ7zBo/Ym+W+tqulRiIohyU6rUqXTi3pW51C2aFQe":{"registrationId":11909,"currentRatchet":{"ephemeralKeyPair":{"pubKey":"BU0Apy0imMs1NeIzUfk0YatLJB4+9CMq2Alk45wyaV8q","privKey":"+E/cUzMqhQvsNp+ZAVj4Xzb54Ip4MOk0N8IvdiUpxVk="},"lastRemoteEphemeralKey":"BW5vRT4RzGKubF9ft80oxZUaF3it8AC7oFcmANyiw6xt","previousCounter":0,"rootKey":"wTgHC9b335Oo/wW+GwcS6hjq9LYXiG1L7Z7HMCG8q7w="},"indexInfo":{"baseKey":"BQIJJ7zBo/Ym+W+tqulRiIohyU6rUqXTi3pW51C2aFQe","baseKeyType":1,"closed":-1,"used":1747219044756,"created":1747219044756,"remoteIdentityKey":"Be3CaaJ1JkDYAsYUFfAbFkYhPyzljmvk7t34cDqyb0ZW"},"_chains":{"BU0Apy0imMs1NeIzUfk0YatLJB4+9CMq2Alk45wyaV8q":{"chainKey":{"counter":0,"key":"U6wNHGDGsYTvatk9fEVPe3Mfn+ogQJdEIMhjBpQpc2I="},"chainType":1,"messageKeys":{}}},"pendingPreKey":{"signedKeyId":1,"baseKey":"BQIJJ7zBo/Ym+W+tqulRiIohyU6rUqXTi3pW51C2aFQe"}}},"version":"v1"}