{"_sessions":{"BVNuCJFK8FDnXMCJFFMfHAphh0XBNFafRyZUFyg2KZUf":{"registrationId":15,"currentRatchet":{"ephemeralKeyPair":{"pubKey":"BfuvEj8IuCw6clnx+3NYiAWjewExCLdm5afTwEqeafZX","privKey":"gGKNlsQBgCA58X5YAendAz0S+wATai5iQbRAZGeOhHc="},"lastRemoteEphemeralKey":"BXET/v6oa7q4ibW2HurTvQXH/vkNIyf1gL0MXTo2XqRS","previousCounter":0,"rootKey":"ELBvlg7+jejh7EA41BSuZBfUyBeAjraeIcBFh0Z+y3Q="},"indexInfo":{"baseKey":"BVNuCJFK8FDnXMCJFFMfHAphh0XBNFafRyZUFyg2KZUf","baseKeyType":1,"closed":-1,"used":1747219044916,"created":1747219044916,"remoteIdentityKey":"BanWbW1IcoP08ihYc+hwcdrxy1Gb+eGKlut5tPQkaG5K"},"_chains":{"BfuvEj8IuCw6clnx+3NYiAWjewExCLdm5afTwEqeafZX":{"chainKey":{"counter":0,"key":"hx9wBtephLupXVp+SOFCSTys8JXAeueUHVRwgABz/Rc="},"chainType":1,"messageKeys":{}}},"pendingPreKey":{"signedKeyId":1,"baseKey":"BVNuCJFK8FDnXMCJFFMfHAphh0XBNFafRyZUFyg2KZUf"}}},"version":"v1"}