{"_sessions":{"BVdCfNIobhA4bmHXoHbmaXbLW2x9P2LmDXLmvhSY5uNU":{"registrationId":162092837,"currentRatchet":{"ephemeralKeyPair":{"pubKey":"BeZ8bmmy2TR76U33esTKns4JbFPoRToiRP3aZmmPlLpF","privKey":"4PY7gXCUQ/CIGSeFrxBgfBbb0/X9rHsShFSU6XefR0w="},"lastRemoteEphemeralKey":"BTDE5bIAn6eN1CQFdhQdgge49VoVETzQufYChWoPLBx0","previousCounter":0,"rootKey":"SjmOeXrnDWpcg5FxxSzmq492FrEe2bDDfnPLjhIcA+c="},"indexInfo":{"baseKey":"BVdCfNIobhA4bmHXoHbmaXbLW2x9P2LmDXLmvhSY5uNU","baseKeyType":1,"closed":-1,"used":1747219050859,"created":1747219050859,"remoteIdentityKey":"BXV0zzWRUtynsV5c27r/MaJSqbBRdfKBUky39YBXdZQ5"},"_chains":{"BeZ8bmmy2TR76U33esTKns4JbFPoRToiRP3aZmmPlLpF":{"chainKey":{"counter":0,"key":"OpG0quSGEYja9ZstIBVMuyT2tn89Im7cQjPOeLo14s0="},"chainType":1,"messageKeys":{}}},"pendingPreKey":{"signedKeyId":1,"baseKey":"BVdCfNIobhA4bmHXoHbmaXbLW2x9P2LmDXLmvhSY5uNU","preKeyId":9518040}}},"version":"v1"}