{"_sessions":{"BekuGCGEJpNTN9hC3aduzcttLihIOoRG+SA7cE0UlCgP":{"registrationId":1678017856,"currentRatchet":{"ephemeralKeyPair":{"pubKey":"BROylOzNylUXcL0AjwjUhJ4KPsfeCG99hgJnLMdg1CUV","privKey":"8GdjbkMwhI+QPmwMW65kHPWYeBzgdgeb7kyYyR+zHko="},"lastRemoteEphemeralKey":"BZCJmXvGkGUpfy/OeqHOInyDN/1zELQ2Era+YK0syvl9","previousCounter":0,"rootKey":"X+rEyoY+btyELglJ/gomgFYNqWdDxjiYkqfKVjhKS8Q="},"indexInfo":{"baseKey":"BekuGCGEJpNTN9hC3aduzcttLihIOoRG+SA7cE0UlCgP","baseKeyType":1,"closed":-1,"used":1747207240217,"created":1747207240217,"remoteIdentityKey":"BZEhrDKKCm5c4XlhchWemO/dV47P0xP+UaZOO/IaYBMF"},"_chains":{"BROylOzNylUXcL0AjwjUhJ4KPsfeCG99hgJnLMdg1CUV":{"chainKey":{"counter":7,"key":"zuVlAn1Okt32sSakBjAXn1gqSajOlVm1qw6ep9o+oLo="},"chainType":1,"messageKeys":{}}},"pendingPreKey":{"signedKeyId":0,"baseKey":"BekuGCGEJpNTN9hC3aduzcttLihIOoRG+SA7cE0UlCgP","preKeyId":16689189}}},"version":"v1"}