{"_sessions":{"BfPu9hvdMLjrugA7FpAFxJzhSZMcICS6f3UX/sPG2c15":{"registrationId":1601702483,"currentRatchet":{"ephemeralKeyPair":{"pubKey":"BdWGGwYBdQ3ZTdFydEgr3I7YXkPLJeL2lAZLbD6C0wVy","privKey":"2Ktpta1I+vmViRnOmIVB5wkGuwe518e0PCSrr6NxRGo="},"lastRemoteEphemeralKey":"Bd1DljRP4tNnJ7UrAy2z/wPzuO5irdg4nd7GXQ0uOspV","previousCounter":0,"rootKey":"7jNrC1YcdU3moPv51u5edcSTWSnzP1GweJVgOSSJr30="},"indexInfo":{"baseKey":"BfPu9hvdMLjrugA7FpAFxJzhSZMcICS6f3UX/sPG2c15","baseKeyType":1,"closed":-1,"used":1747219050708,"created":1747219050708,"remoteIdentityKey":"BcwevfDvJLinuAFwbczobA8MmdH46D/r0IwL97Y5LmsG"},"_chains":{"BdWGGwYBdQ3ZTdFydEgr3I7YXkPLJeL2lAZLbD6C0wVy":{"chainKey":{"counter":0,"key":"pRTQeidEi9grvRnD711ao1pETeibVCX4miEJGtM7HQg="},"chainType":1,"messageKeys":{}}},"pendingPreKey":{"signedKeyId":0,"baseKey":"BfPu9hvdMLjrugA7FpAFxJzhSZMcICS6f3UX/sPG2c15","preKeyId":2548715}}},"version":"v1"}