{"_sessions":{"BbbcISQy1jWRAkYOHAsyD9671YoWiw6bgl2VPTIAmjED":{"registrationId":1907307796,"currentRatchet":{"ephemeralKeyPair":{"pubKey":"BRouNzlrl8W/0UnivtMPJn7RAsMdAxdOiH0WvYYz0zQ2","privKey":"mEq2QYmVINMuJNrg5nvScaAO0IOTnea0bxK38UnF63I="},"lastRemoteEphemeralKey":"BRLhsYDIZbvthOEqUsQuV+G7FJBPe9Dxdx5U0xHr7Rdq","previousCounter":0,"rootKey":"aNrmDnmJsjRl8R3LVkWy/+8vTXXXv7OdmhkFLlTBAJ8="},"indexInfo":{"baseKey":"BbbcISQy1jWRAkYOHAsyD9671YoWiw6bgl2VPTIAmjED","baseKeyType":1,"closed":-1,"used":1747219044924,"created":1747219044924,"remoteIdentityKey":"BSfAIigLiIqO+2ob+BxQao1kmpRpDm1az9B4xcZHtbwf"},"_chains":{"BRouNzlrl8W/0UnivtMPJn7RAsMdAxdOiH0WvYYz0zQ2":{"chainKey":{"counter":0,"key":"24RHReWvFPFwMW8BPi7LGkrmHJ1vh35F+3DE8sPOoHU="},"chainType":1,"messageKeys":{}}},"pendingPreKey":{"signedKeyId":1,"baseKey":"BbbcISQy1jWRAkYOHAsyD9671YoWiw6bgl2VPTIAmjED"}}},"version":"v1"}