{"_sessions":{"Bfz0xzOl0QHdsJVAZmH7NYGcr5n3Wv5RMIOgd2qJXQ9j":{"registrationId":464652832,"currentRatchet":{"ephemeralKeyPair":{"pubKey":"BYIT3zA6Z/SV1edPYq0XVnTtQo0KbTkzhrJu006fXItR","privKey":"kA1qbANWP35AoAGgHLN+N+lMeNiYJYURYcdJXtx5N00="},"lastRemoteEphemeralKey":"BUgh/wgniP2BQeklnd0KdOTFIDqYzHIvx6MEADPauCJg","previousCounter":0,"rootKey":"iVG9KuDdjpFW8IXp67RrozKsbpwnNx7NQB/rdvsweVY="},"indexInfo":{"baseKey":"Bfz0xzOl0QHdsJVAZmH7NYGcr5n3Wv5RMIOgd2qJXQ9j","baseKeyType":1,"closed":-1,"used":1747219047082,"created":1747219047082,"remoteIdentityKey":"BZokvsa8xq+49Fpw6jTCS1Mn2K14tGkSdO2ACcKYP7BX"},"_chains":{"BYIT3zA6Z/SV1edPYq0XVnTtQo0KbTkzhrJu006fXItR":{"chainKey":{"counter":0,"key":"5gZ3qFT98NC2zGVTSX/aAGWpIaK5vUZ06yfmYUSnn5s="},"chainType":1,"messageKeys":{}}},"pendingPreKey":{"signedKeyId":2,"baseKey":"Bfz0xzOl0QHdsJVAZmH7NYGcr5n3Wv5RMIOgd2qJXQ9j","preKeyId":10693385}}},"version":"v1"}