{"_sessions":{"BYjul4iEiRjYNZuHaCPWD+U+xUSk6I2CN86NAV/twAA8":{"registrationId":878915883,"currentRatchet":{"ephemeralKeyPair":{"pubKey":"Bf+A2EPHe2vjF+b4PQN84bDm15GM1yz0SRJ/+ktode5V","privKey":"UMnBH4AbEMWsh8yJ4Qm68d/VHONBZhVigOm9Kv4ehXo="},"lastRemoteEphemeralKey":"Bdjp81Skosa7Lev5Y2yfjZXiW2bAuhevKBT7JOabPFBH","previousCounter":0,"rootKey":"cnX+bPNryk9ZQc7vdQmfqjN+jU7udNz0cfkyvkcSUSc="},"indexInfo":{"baseKey":"BYjul4iEiRjYNZuHaCPWD+U+xUSk6I2CN86NAV/twAA8","baseKeyType":1,"closed":-1,"used":1747219047246,"created":1747219047246,"remoteIdentityKey":"BRTwEpyxMsgBjfJcTpMoUAcm3hm5z8kFTmkEGuxYyuMt"},"_chains":{"Bf+A2EPHe2vjF+b4PQN84bDm15GM1yz0SRJ/+ktode5V":{"chainKey":{"counter":0,"key":"2RP4p7Yxxvmv+TqxvVJ4p5ovQsZYW6gbMnu51ImopQ0="},"chainType":1,"messageKeys":{}}},"pendingPreKey":{"signedKeyId":5,"baseKey":"BYjul4iEiRjYNZuHaCPWD+U+xUSk6I2CN86NAV/twAA8"}}},"version":"v1"}