{"_sessions":{"BV1kfJn/pUbESAA2g0+vJ53ovL4DifPzgx23Qql2CqQq":{"registrationId":1740502972,"currentRatchet":{"ephemeralKeyPair":{"pubKey":"BWZ/eh2Qmsm2z3pEgjrF28h4QMBwCGhQTTWZRAsGN8wS","privKey":"8D3DnKI67Q+FEL4Lm/l6kxGtGThhw1GPOnibdKFkTVc="},"lastRemoteEphemeralKey":"BbYxrfAH7nhq8e2cDHVLFaRmhM7STzvwG9N6i8nFZRAE","previousCounter":0,"rootKey":"aDsU0DCzMe5xARJRpRKqBvrwGvRPv+4+wqESzvkubhs="},"indexInfo":{"baseKey":"BV1kfJn/pUbESAA2g0+vJ53ovL4DifPzgx23Qql2CqQq","baseKeyType":1,"closed":-1,"used":1747207240079,"created":1747207240079,"remoteIdentityKey":"BaPJnCK9J0GVU+H7aQGb59S3aeI7gJl2sWo6qdqiy4Ea"},"_chains":{"BWZ/eh2Qmsm2z3pEgjrF28h4QMBwCGhQTTWZRAsGN8wS":{"chainKey":{"counter":7,"key":"ev/vzAZENu7jlQEFsbJ0SSDNC7Bg2skn0fcQAYjpMSY="},"chainType":1,"messageKeys":{}}},"pendingPreKey":{"signedKeyId":12,"baseKey":"BV1kfJn/pUbESAA2g0+vJ53ovL4DifPzgx23Qql2CqQq"}}},"version":"v1"}