{"_sessions":{"BRHwvFDP1L1+JRSq9FFigyooEF+7QHhS2Uijx6rHAtI6":{"registrationId":1719944906,"currentRatchet":{"ephemeralKeyPair":{"pubKey":"BeOvaoj+bkyybRjbvMDbkriwvYj8hdb/HweJmyOLysFu","privKey":"cD+eyCPh/puFcVfw2QFYKtOHELExkevkADZMUAXfbFg="},"lastRemoteEphemeralKey":"BQtT1Ezo/AesAVzsU3GG0csUJa3C4LBdo4i59Glftzx5","previousCounter":0,"rootKey":"j83tE7jJurmpJUro3w7eH0a5W1v4Xii3uv2PxLYF4eY="},"indexInfo":{"baseKey":"BRHwvFDP1L1+JRSq9FFigyooEF+7QHhS2Uijx6rHAtI6","baseKeyType":1,"closed":1747218775504,"used":1747207239983,"created":1747207239983,"remoteIdentityKey":"BfScM8zE6K2SoimHmPjm2IshxEePbILg7e52kBBeTqYn"},"_chains":{"BeOvaoj+bkyybRjbvMDbkriwvYj8hdb/HweJmyOLysFu":{"chainKey":{"counter":1,"key":"jm2uyuhnoM3FeJdcBXikuOPHhKNOZMYTj0n2/npl/9k="},"chainType":1,"messageKeys":{}}},"pendingPreKey":{"signedKeyId":13,"baseKey":"BRHwvFDP1L1+JRSq9FFigyooEF+7QHhS2Uijx6rHAtI6","preKeyId":3740383}},"BbjBEgqRciTHPfQEcrHf1yDTYK/wyjTO6MbvEe1lK/F6":{"registrationId":1719944906,"currentRatchet":{"ephemeralKeyPair":{"pubKey":"Bf98djK/oCqCrBJNp8023YsMgnCMkOXwHi8A6UGbgPkZ","privKey":"eC8QSqCrHt6jHMjHg63q32213sM1iQwqXGDS5ixnDko="},"lastRemoteEphemeralKey":"BQtT1Ezo/AesAVzsU3GG0csUJa3C4LBdo4i59Glftzx5","previousCounter":0,"rootKey":"CRbqemxrgNfQKG+20LrK7i3NB+OZCNQP4yfFAKlwS2s="},"indexInfo":{"baseKey":"BbjBEgqRciTHPfQEcrHf1yDTYK/wyjTO6MbvEe1lK/F6","baseKeyType":1,"closed":-1,"used":1747218775503,"created":1747218775503,"remoteIdentityKey":"BfScM8zE6K2SoimHmPjm2IshxEePbILg7e52kBBeTqYn"},"_chains":{"Bf98djK/oCqCrBJNp8023YsMgnCMkOXwHi8A6UGbgPkZ":{"chainKey":{"counter":5,"key":"PP5IOfo1tLU1iRRQvDxTCnh0vj//5ncyekAVuBtMRPM="},"chainType":1,"messageKeys":{}}},"pendingPreKey":{"signedKeyId":13,"baseKey":"BbjBEgqRciTHPfQEcrHf1yDTYK/wyjTO6MbvEe1lK/F6","preKeyId":3740258}}},"version":"v1"}