{"_sessions":{"BUYzhbfOS5PzCgw7xbXbxfsikRB6ghmyWDYZETbx6UdT":{"registrationId":1878654245,"currentRatchet":{"ephemeralKeyPair":{"pubKey":"BWxpdiFKQl+CYcGG31MKcsNFGhPK+mbOlmDYh+xkulUr","privKey":"MBj/wMecrw2hwrce3i4U+tqO9/Lo+E6zHqY+qb7JkHw="},"lastRemoteEphemeralKey":"BfPgtVLmdvHZUPPTl/sXmk3e8dmP7bJj9/9NU3f3gP5i","previousCounter":0,"rootKey":"RF81wwjqiRr+FXgruaj5m98GQIbjhuwn3PCOAytP7VE="},"indexInfo":{"baseKey":"BUYzhbfOS5PzCgw7xbXbxfsikRB6ghmyWDYZETbx6UdT","baseKeyType":1,"closed":-1,"used":1747219050851,"created":1747219050851,"remoteIdentityKey":"BQOy0X9jHz8JibDBeKppsEJFrQBeLZi1Si4VVqqAw2RM"},"_chains":{"BWxpdiFKQl+CYcGG31MKcsNFGhPK+mbOlmDYh+xkulUr":{"chainKey":{"counter":0,"key":"KVIW5lO2yvVeHB/p9lm85vEQa3+EVWGeKTAK4RqOAc8="},"chainType":1,"messageKeys":{}}},"pendingPreKey":{"signedKeyId":0,"baseKey":"BUYzhbfOS5PzCgw7xbXbxfsikRB6ghmyWDYZETbx6UdT"}}},"version":"v1"}