{"_sessions":{"BXwcQaKVUl7SozQ+bLwR2ihxH7RS1TjhBkRzM2azy7V1":{"registrationId":667094690,"currentRatchet":{"ephemeralKeyPair":{"pubKey":"BYHR1TD4xlOLaXmVNSnWCMhjWiGYJWFcNexF346M8Uon","privKey":"oDDJR7fnuDKffniNBB7gkOXM00QyEBE0g1ELV7hhul0="},"lastRemoteEphemeralKey":"BVku95Q2Apuy5jSipUhd/k6Oa42DJ8sEPaJfwzSViBxe","previousCounter":0,"rootKey":"Qq+vX6eBx1qkI/WDeM3SvdiOPfHA8nkn96oAYV8LmuE="},"indexInfo":{"baseKey":"BXwcQaKVUl7SozQ+bLwR2ihxH7RS1TjhBkRzM2azy7V1","baseKeyType":1,"closed":-1,"used":1747229445174,"created":1747229445174,"remoteIdentityKey":"BRH7o81LUq/t2iutPmvKuAEiuNBWy1kQ1ZlTpPGTp9ZJ"},"_chains":{"BYHR1TD4xlOLaXmVNSnWCMhjWiGYJWFcNexF346M8Uon":{"chainKey":{"counter":2,"key":"xY7uWVWVwgYP9GSfQkHMxQmFvHGuieCSwsGgCCaDR0g="},"chainType":1,"messageKeys":{}}},"pendingPreKey":{"signedKeyId":8,"baseKey":"BXwcQaKVUl7SozQ+bLwR2ihxH7RS1TjhBkRzM2azy7V1","preKeyId":5249330}}},"version":"v1"}