{"_sessions":{"BYVZeLzzCC1B74Uhj8wljSzfnzJbg5DazcafdFYIG541":{"registrationId":1795673198,"currentRatchet":{"ephemeralKeyPair":{"pubKey":"BcNVoNx2DExhsAxrrEcOBIM7Q+c7TZDdvCvZTyaTYr47","privKey":"2NTxWLR+0ytVvdfgvJDWGFjrcwyXCKoFa5RoBvVfkGo="},"lastRemoteEphemeralKey":"Bb31bNhwf14KMHa3WpvJEZnncjL2qqZlUTGamVDEhcUN","previousCounter":0,"rootKey":"i+oSHx4f1sUxuu6UusZnrLXdz/BDtBybojOgGBCoQYU="},"indexInfo":{"baseKey":"BYVZeLzzCC1B74Uhj8wljSzfnzJbg5DazcafdFYIG541","baseKeyType":1,"closed":-1,"used":1747208182510,"created":1747208182510,"remoteIdentityKey":"Bdv+Nc3LBsQaSCPP/vwdotRIp6CtCvz/FnJLwJHYbd1y"},"_chains":{"BcNVoNx2DExhsAxrrEcOBIM7Q+c7TZDdvCvZTyaTYr47":{"chainKey":{"counter":1,"key":"GN+Y81XoqBuDGCmoRMr1+rpjzc9vfkQ8VlKCM/b5T+c="},"chainType":1,"messageKeys":{}}},"pendingPreKey":{"signedKeyId":0,"baseKey":"BYVZeLzzCC1B74Uhj8wljSzfnzJbg5DazcafdFYIG541"}}},"version":"v1"}