{"_sessions":{"BZcGJO75KiutHtQ+NZ3fTKvUEqDKfOHb1VbQlx0Ki3dd":{"registrationId":745403475,"currentRatchet":{"ephemeralKeyPair":{"pubKey":"BRKYUAIEq+GusCiaWKahlKkUXORIYplkw0hRQPo8i8AR","privKey":"0LbnHRT+1xVGiewaXVtlIVzlHKATy94zsxs7TKJTkGo="},"lastRemoteEphemeralKey":"BWVATFx0v6QLCA/szG8rYAASZoZlfyn1TwaVUgbqOhN6","previousCounter":0,"rootKey":"Hjq55u5GiSVenVs0OF0spGiRfIgEwdHmsUS3xH4feks="},"indexInfo":{"baseKey":"BZcGJO75KiutHtQ+NZ3fTKvUEqDKfOHb1VbQlx0Ki3dd","baseKeyType":1,"closed":-1,"used":1747219049083,"created":1747219049083,"remoteIdentityKey":"Bc+Es0gaA+x97/B1+P3ldewyvFabepX5uEEkJC1ToZh7"},"_chains":{"BRKYUAIEq+GusCiaWKahlKkUXORIYplkw0hRQPo8i8AR":{"chainKey":{"counter":0,"key":"C5CzbqnD2XB7Ct4V6Q2kDk5LxZGpuPOpnHgMJKavY84="},"chainType":1,"messageKeys":{}}},"pendingPreKey":{"signedKeyId":12031150,"baseKey":"BZcGJO75KiutHtQ+NZ3fTKvUEqDKfOHb1VbQlx0Ki3dd","preKeyId":6792}}},"version":"v1"}