{"_sessions":{"BR8LV+Pr/reVYLCFT8b8JGGROi2Q2eSSKngPV7CwRMIJ":{"registrationId":1671881284,"currentRatchet":{"ephemeralKeyPair":{"pubKey":"Beh0B3OzEYWgQjEWg+z+aiwc1syuPbbpPetfoOjElb0W","privKey":"4MwKsAuTSkasdpJG+Qk0yUybenFAGbcJpgWWxAd3d2o="},"lastRemoteEphemeralKey":"BbwdOVFyhp8Oat3s16MmMc+KHIMkuWe/zeGqe0eaCP9l","previousCounter":0,"rootKey":"10iIitroq8a8Y+J5imC8bjH3T5DC/t2G3tCwG6tQnBc="},"indexInfo":{"baseKey":"BR8LV+Pr/reVYLCFT8b8JGGROi2Q2eSSKngPV7CwRMIJ","baseKeyType":1,"closed":-1,"used":1747229631007,"created":1747229631007,"remoteIdentityKey":"BSEVuVGbTRNXJmYMMbY0QOgOidXus2rnmczSMYvt6poB"},"_chains":{"Beh0B3OzEYWgQjEWg+z+aiwc1syuPbbpPetfoOjElb0W":{"chainKey":{"counter":0,"key":"btcqqB+AaXOI+ccvuORyz0Kjsbw9c94OP6KELFjsCVg="},"chainType":1,"messageKeys":{}}},"pendingPreKey":{"signedKeyId":2,"baseKey":"BR8LV+Pr/reVYLCFT8b8JGGROi2Q2eSSKngPV7CwRMIJ"}}},"version":"v1"}