{"_sessions":{"BRbLsx70M9FE3mrmJQavjdwnIRpjgcX4cUJW4D30gKkK":{"registrationId":1480300324,"currentRatchet":{"ephemeralKeyPair":{"pubKey":"BV5b/awpqY9mWGEkruulGqhoOn4/3Fh7iC/Rz/dYWQBc","privKey":"mLLT6Hxssb7NY/gSKq78pEDpyu8GG0PUHZN/3Lx71mA="},"lastRemoteEphemeralKey":"BS7Ljkop3AQJcol1gRTTFNO1vw7r6dkB0Q13UGzFisRy","previousCounter":0,"rootKey":"+PeOokE/0g+WI1itHR8p7Xr+4fHE6JSLZJY6HaCWvps="},"indexInfo":{"baseKey":"BRbLsx70M9FE3mrmJQavjdwnIRpjgcX4cUJW4D30gKkK","baseKeyType":1,"closed":-1,"used":1747219049218,"created":1747219049218,"remoteIdentityKey":"BWUt/8sS0LQFuHcJ88uyd9h4FKyajqiiXadmKFhPt5EA"},"_chains":{"BV5b/awpqY9mWGEkruulGqhoOn4/3Fh7iC/Rz/dYWQBc":{"chainKey":{"counter":0,"key":"SZEjCuu67SEIb4lG4HmURMMEOR9+DxrXbpu0JlfKOqY="},"chainType":1,"messageKeys":{}}},"pendingPreKey":{"signedKeyId":11,"baseKey":"BRbLsx70M9FE3mrmJQavjdwnIRpjgcX4cUJW4D30gKkK","preKeyId":8409071}}},"version":"v1"}