{"_sessions":{"BV2tamUrmnh5oNUolFObLzoQk7IILFLAeutVYZ5ORBUX":{"registrationId":2133790485,"currentRatchet":{"ephemeralKeyPair":{"pubKey":"BSTU7p+mJ1Egj4xGWYOTwn6SeXnSc/zg3wICcB+8eCFX","privKey":"EKmnOEkfKSIyLU1OnzoJLunQYYkk05eTuauL/MnquUA="},"lastRemoteEphemeralKey":"BVeNZuRPwfS4M8rAkFb9DAMU1qaCF6rv7kpNNmgL8IJM","previousCounter":0,"rootKey":"Zwec5XX8dLSiA6PrOJaOSctRRyM3zCnU5BxMjh76i8M="},"indexInfo":{"baseKey":"BV2tamUrmnh5oNUolFObLzoQk7IILFLAeutVYZ5ORBUX","baseKeyType":1,"closed":-1,"used":1747219045019,"created":1747219045019,"remoteIdentityKey":"BZn6nTQTqzojiXJZ3lml+ATfdRxrdEkhhupUKft7uSB4"},"_chains":{"BSTU7p+mJ1Egj4xGWYOTwn6SeXnSc/zg3wICcB+8eCFX":{"chainKey":{"counter":0,"key":"Petx+NgFs/gB7JhCRZ1jBycZpGHwzH00Bb6hNrROwMQ="},"chainType":1,"messageKeys":{}}},"pendingPreKey":{"signedKeyId":3,"baseKey":"BV2tamUrmnh5oNUolFObLzoQk7IILFLAeutVYZ5ORBUX"}}},"version":"v1"}