{"_sessions":{"BULN1OJ6IScjEH1CoQKDJhTHXFTFUAiWIbllMQtbW6xZ":{"registrationId":1241724655,"currentRatchet":{"ephemeralKeyPair":{"pubKey":"BSwUykt1gBLCHYrqrpAHGBUtt+CvYk37yLYCAhaXpA1C","privKey":"2JLad8sswbUYXx9XQSLUCtzJJLb9oCZ1St7ywrKQ6WU="},"lastRemoteEphemeralKey":"BWIUiO4RLom19NaxuIsgZYwyJlXZJILnePDsLyyBjs8n","previousCounter":0,"rootKey":"HCQwgGic1UrgTUb4QuvCN7VY7z99I6WUBzX/BgG3HNQ="},"indexInfo":{"baseKey":"BULN1OJ6IScjEH1CoQKDJhTHXFTFUAiWIbllMQtbW6xZ","baseKeyType":1,"closed":-1,"used":1747219050925,"created":1747219050925,"remoteIdentityKey":"BZK3MUtMtoYXH7YbX3DuodpuqUhePkZeZvipy62Se18T"},"_chains":{"BSwUykt1gBLCHYrqrpAHGBUtt+CvYk37yLYCAhaXpA1C":{"chainKey":{"counter":0,"key":"DPw1iM3CrlxvNBZ0hkAbXjWdUCImluP1f5aLhjwp7Xo="},"chainType":1,"messageKeys":{}}},"pendingPreKey":{"signedKeyId":2,"baseKey":"BULN1OJ6IScjEH1CoQKDJhTHXFTFUAiWIbllMQtbW6xZ"}}},"version":"v1"}