{"_sessions":{"BZ+QImoMWttIJtFiq9OdAzMaqOo1b7M7prdNUWN0RIAk":{"registrationId":2661,"currentRatchet":{"ephemeralKeyPair":{"pubKey":"BVutvzle4LS80mwFbP9muZKo5o23T7YU14vR2wZiFZt2","privKey":"sGS7f6/zDoH/XiXjtunB18+Ecyh9nhTsPm7GbYpjSlw="},"lastRemoteEphemeralKey":"BdiaZp9i8lWa/bqMgaZUUjALq8yb4k6Fw63Psp1LvfUJ","previousCounter":0,"rootKey":"+XxsS3dHeDK+dS/NLJjfpfv3iPqOSEQ3tCu9b9QcYqo="},"indexInfo":{"baseKey":"BZ+QImoMWttIJtFiq9OdAzMaqOo1b7M7prdNUWN0RIAk","baseKeyType":1,"closed":-1,"used":1747219044889,"created":1747219044889,"remoteIdentityKey":"BeExx5QzdtSNzXTs+jzLQ+3tXkIlTiV0aqAr2z4f7Ogn"},"_chains":{"BVutvzle4LS80mwFbP9muZKo5o23T7YU14vR2wZiFZt2":{"chainKey":{"counter":0,"key":"E9BrHinUMq2jX+o8uMTPIkAWohOGRaOjunrTZWSf4Oc="},"chainType":1,"messageKeys":{}}},"pendingPreKey":{"signedKeyId":1,"baseKey":"BZ+QImoMWttIJtFiq9OdAzMaqOo1b7M7prdNUWN0RIAk"}}},"version":"v1"}