{"_sessions":{"BbmU4w+GN9MkO1vnDdF3NUZXJLxgH2NUN6O4QXNkW9Jg":{"registrationId":820600018,"currentRatchet":{"ephemeralKeyPair":{"pubKey":"BRzhfKgOvtQa5ePSAktBIira/u/+HK1HNmcolREBxrRM","privKey":"2KTQWzoJMRvUp7XRmwcDE6QC8BCLzs5UxW/dnEwMPVg="},"lastRemoteEphemeralKey":"BdcYDx2jQW5u7IGavH3yRS9pyb+7LNfHN6zRmQYVKmQX","previousCounter":0,"rootKey":"j3frAsI221wrGau+OaIDSPWeoe/rjBL4ceOMielSPUc="},"indexInfo":{"baseKey":"BbmU4w+GN9MkO1vnDdF3NUZXJLxgH2NUN6O4QXNkW9Jg","baseKeyType":1,"closed":-1,"used":1747219050855,"created":1747219050855,"remoteIdentityKey":"BbCqO0w3MXcQ3ZhP87gn0IbbaJ0g57P+XCveyuVZvzN0"},"_chains":{"BRzhfKgOvtQa5ePSAktBIira/u/+HK1HNmcolREBxrRM":{"chainKey":{"counter":0,"key":"U3zxcuyT/6FhHqtjzQoIGCtZ1aTdufw7JL9VrkTv4tI="},"chainType":1,"messageKeys":{}}},"pendingPreKey":{"signedKeyId":1,"baseKey":"BbmU4w+GN9MkO1vnDdF3NUZXJLxgH2NUN6O4QXNkW9Jg","preKeyId":16358342}}},"version":"v1"}