{"_sessions":{"BdhLtQLOmzcqF118wAvlyyPefMUznq4EjZBKQU5AmQZi":{"registrationId":1557754249,"currentRatchet":{"ephemeralKeyPair":{"pubKey":"BdFfZu5CLC1ExIwcczMFeUFYU3mwpFPysCTf8encu8c7","privKey":"uKl+YkoNY28yzhMWyCUWtfUKXTXBj7afAtmqPGQKymM="},"lastRemoteEphemeralKey":"BfvT8t65SX17gdccHF8ZvVYu5uyzNQ8x0jbtnMHLqTFF","previousCounter":0,"rootKey":"MroAvxRQDVQCBnq6a86/Vbyz3mNPdrvr082WK8DRpvI="},"indexInfo":{"baseKey":"BdhLtQLOmzcqF118wAvlyyPefMUznq4EjZBKQU5AmQZi","baseKeyType":1,"closed":-1,"used":1747229631139,"created":1747229631139,"remoteIdentityKey":"BSNy9WkdFNR8ChHlc/FPjQ/Zg+bee/HrQbJqeBvQRUEG"},"_chains":{"BdFfZu5CLC1ExIwcczMFeUFYU3mwpFPysCTf8encu8c7":{"chainKey":{"counter":0,"key":"eO8WWypPyyvcqZMGqAEOM3zBdU7srU0q7FjDzu0W6Tk="},"chainType":1,"messageKeys":{}}},"pendingPreKey":{"signedKeyId":4,"baseKey":"BdhLtQLOmzcqF118wAvlyyPefMUznq4EjZBKQU5AmQZi","preKeyId":12695627}}},"version":"v1"}