{"_sessions":{"BTvHVH0nUfTSiGVaHLK4/V8MVZNe78mTYa2aLGaOYBUZ":{"registrationId":627599848,"currentRatchet":{"ephemeralKeyPair":{"pubKey":"BXiUkh3aSXPOJQ21UHOTrmm17oYBb42Gh9Z8jNYWTnx+","privKey":"qHdgH/CJTn34abT2vfKOWnRjEKgHDoWt5xhJuOr0bUo="},"lastRemoteEphemeralKey":"Ba6EGN+S0PHsMufRw8KDjimlFfdVLv9bkcUzV8jQLjww","previousCounter":0,"rootKey":"9ygR4emhR2NpTWby5r1U28kCAm8fuGIqpEV7HFfo+po="},"indexInfo":{"baseKey":"BTvHVH0nUfTSiGVaHLK4/V8MVZNe78mTYa2aLGaOYBUZ","baseKeyType":2,"closed":1747222183761,"used":1747214743741,"created":1747214743741,"remoteIdentityKey":"Bag+qUw3443AxRiAxrKzyuJi/CMaYM6RuuT4OE1lUQkp"},"_chains":{"Ba6EGN+S0PHsMufRw8KDjimlFfdVLv9bkcUzV8jQLjww":{"chainKey":{"counter":2,"key":"kKQv2ixWOCD9DcQRo4udrdLQ15zvRMkRfhMYqYw7NGU="},"chainType":2,"messageKeys":{}},"BXiUkh3aSXPOJQ21UHOTrmm17oYBb42Gh9Z8jNYWTnx+":{"chainKey":{"counter":0,"key":"gAdgXVb7+MXdR8A5RhQdVU3kkxFkhmDLIAMVrDwGvVk="},"chainType":1,"messageKeys":{}}}},"BZ3LvgXTXo3zm+V3R+UbQg9qbrIMq3A4mKY+LVjWPGkZ":{"registrationId":627599848,"currentRatchet":{"ephemeralKeyPair":{"pubKey":"BaE+Y1bzv6PmBKJ+A4qjIC/GX0dfk/tuyZCBdBIdj4I5","privKey":"uDFOrrV8jFeGfOCJdcJZAA/QT4RBgAwhrKBysl1N9nQ="},"lastRemoteEphemeralKey":"BaxXUnWeJXeAFofP9QYPea5WfS9as7hfPH8q3pTjg3xN","previousCounter":0,"rootKey":"EE2US36c+fO2cCh2yFkPZoyXsLUZSSKW4oFd/0h6N0c="},"indexInfo":{"baseKey":"BZ3LvgXTXo3zm+V3R+UbQg9qbrIMq3A4mKY+LVjWPGkZ","baseKeyType":1,"closed":1747227284894,"used":1747222183760,"created":1747222183760,"remoteIdentityKey":"Bag+qUw3443AxRiAxrKzyuJi/CMaYM6RuuT4OE1lUQkp"},"_chains":{"BaE+Y1bzv6PmBKJ+A4qjIC/GX0dfk/tuyZCBdBIdj4I5":{"chainKey":{"counter":2,"key":"uTRUrUsh2iB+ET+xDOHXGBZWA+6hfTU/AWf0e+JwaW0="},"chainType":1,"messageKeys":{}}},"pendingPreKey":{"signedKeyId":3,"baseKey":"BZ3LvgXTXo3zm+V3R+UbQg9qbrIMq3A4mKY+LVjWPGkZ","preKeyId":15380709}},"Bcq7yOqqwgLfYRflb7ytr3sOth13E9LMyMIFhnIKi9RW":{"registrationId":627599848,"currentRatchet":{"ephemeralKeyPair":{"pubKey":"Baq6sfjUKSnRpdwtEuTAdyf8UoJznJwfDS1xA6YaUBAJ","privKey":"gEyNshgkhlScPvmsKq9cd2DVYY5H2IJlIxIba+wBK3s="},"lastRemoteEphemeralKey":"BWT1EY2CRvZwG3kOFfBQHFU/uPFIb1D07QBK34rgcagt","previousCounter":3,"rootKey":"XQTYyVUgv+dAvzNpmoTqHUlFr7S0uZk/2yiXFNjGJE0="},"indexInfo":{"baseKey":"Bcq7yOqqwgLfYRflb7ytr3sOth13E9LMyMIFhnIKi9RW","baseKeyType":1,"closed":-1,"used":1747227907762,"created":1747227284893,"remoteIdentityKey":"Bag+qUw3443AxRiAxrKzyuJi/CMaYM6RuuT4OE1lUQkp"},"_chains":{"BWT1EY2CRvZwG3kOFfBQHFU/uPFIb1D07QBK34rgcagt":{"chainKey":{"counter":3,"key":"TyYOYFwFzDda4OM/4wAaj5cQj3vEVnfwk9TRIhA2tDM="},"chainType":2,"messageKeys":{}},"Baq6sfjUKSnRpdwtEuTAdyf8UoJznJwfDS1xA6YaUBAJ":{"chainKey":{"counter":14,"key":"+VAstQMY835YrQycVVw1Fby9sUGFC1zIpmzaDecQWlM="},"chainType":1,"messageKeys":{}}}}},"version":"v1"}