{"_sessions":{"Bcj+Gclw98181x8QNHFuSvq29gNQF2sDoy58o50osd5U":{"registrationId":1744216430,"currentRatchet":{"ephemeralKeyPair":{"pubKey":"BV/GWbRgXJ9dqjYjGERMRvJB8DPf+9FkVRNxe2q+whhr","privKey":"MF+GcWyiw00WLhRQFkRRYsG+ZTvshp+rRFWSPCVFwHM="},"lastRemoteEphemeralKey":"BduaZR7kFbFya34cFdCzdWJCLfn8Bi+37wRgvkceUo0x","previousCounter":0,"rootKey":"GdXzijNY3GEulH5RStWulh3Rp7JRATHyEZcWqu2oY6c="},"indexInfo":{"baseKey":"Bcj+Gclw98181x8QNHFuSvq29gNQF2sDoy58o50osd5U","baseKeyType":1,"closed":-1,"used":1747229630909,"created":1747229630909,"remoteIdentityKey":"BQKg+gRjsDaA8BvmyxdWGnEwPmG4wHdlio9xS5R+5116"},"_chains":{"BV/GWbRgXJ9dqjYjGERMRvJB8DPf+9FkVRNxe2q+whhr":{"chainKey":{"counter":0,"key":"0uCVXHiq0x0CKkhEDE/1A+DSjgBDVY9r/wDclvNqr8Y="},"chainType":1,"messageKeys":{}}},"pendingPreKey":{"signedKeyId":1,"baseKey":"Bcj+Gclw98181x8QNHFuSvq29gNQF2sDoy58o50osd5U","preKeyId":5763}}},"version":"v1"}