{"_sessions":{"BXgmaiRpYAOd79yVWollx3I+l6tWZID+y3dO7+nJqZAs":{"registrationId":30396280,"currentRatchet":{"ephemeralKeyPair":{"pubKey":"BZbTvJFxdhIjUnK1Te7zBjtOX39ZoeAH3/yWpJkR1bh5","privKey":"mOAu6KExTiipOC8VDPR7Zb+9fc9CUYZZtjww5152cWo="},"lastRemoteEphemeralKey":"BUrehHsQNFh+alv12tvZWAmQQRm7JHotE/7/V24spCRm","previousCounter":0,"rootKey":"t1iypGVfUH/Lbw/xQ297OHN7Jrva0xJ1F81Sn90r6rw="},"indexInfo":{"baseKey":"BXgmaiRpYAOd79yVWollx3I+l6tWZID+y3dO7+nJqZAs","baseKeyType":1,"closed":-1,"used":1747216483041,"created":1747216483041,"remoteIdentityKey":"Bc7OW2/+o7PhpfSIEPiQ3k7yeMEbuSfZaMMPMIXbPs0Z"},"_chains":{"BZbTvJFxdhIjUnK1Te7zBjtOX39ZoeAH3/yWpJkR1bh5":{"chainKey":{"counter":0,"key":"9bQ1qmFSNwbVBIcBkE/ZQxXlb6d5wDTfiwUzsrz8Hvo="},"chainType":1,"messageKeys":{}}},"pendingPreKey":{"signedKeyId":3,"baseKey":"BXgmaiRpYAOd79yVWollx3I+l6tWZID+y3dO7+nJqZAs","preKeyId":4650639}}},"version":"v1"}