{"_sessions":{"BawbXuNOVqdhIkm2jQcnVNYy6tRbWirQ8bmvxOxvlTxl":{"registrationId":1667567342,"currentRatchet":{"ephemeralKeyPair":{"pubKey":"Bftcc35qOQDeIczgvrstVwfOvsGunFGi9JJYvLOThMAf","privKey":"2AtK08adXAV+qvZINNF56PtsKiPBdtzbqbLN/wB0jW4="},"lastRemoteEphemeralKey":"BTUswj2b4ntjE3lAikPy/61du7kbXNEb150oFOAFh2Uq","previousCounter":0,"rootKey":"ExreEXyKDmDsTc8xI8VxogjWClvqX3pm18QhgGOi35c="},"indexInfo":{"baseKey":"BawbXuNOVqdhIkm2jQcnVNYy6tRbWirQ8bmvxOxvlTxl","baseKeyType":1,"closed":-1,"used":1747219049045,"created":1747219049045,"remoteIdentityKey":"BVyM5gaku/gKRcuaCMe9mVdF7GwYvUZxzlTbrzpBSh4Z"},"_chains":{"Bftcc35qOQDeIczgvrstVwfOvsGunFGi9JJYvLOThMAf":{"chainKey":{"counter":0,"key":"mqtjCCKxu61NzjYsixDgW2SwgcAn6iM11SVublxCxf0="},"chainType":1,"messageKeys":{}}},"pendingPreKey":{"signedKeyId":10,"baseKey":"BawbXuNOVqdhIkm2jQcnVNYy6tRbWirQ8bmvxOxvlTxl","preKeyId":2204866}}},"version":"v1"}