{"_sessions":{"BSL//jXoqoEMu646RsrXx9SV/1ss0F8lTUdPI1HX2cAQ":{"registrationId":1380564208,"currentRatchet":{"ephemeralKeyPair":{"pubKey":"BaDXD1pEoqavdX00LUFCkTvrI3pOv8DaO0odU1nXDjhe","privKey":"QG6fr5OlG4rxyNRdx2z3FfwenzzqUmI7ZfcAEpmfgk4="},"lastRemoteEphemeralKey":"BQRtSKktBHzI5SxuZ8qV33V78z9hOijc65puy6ybhysg","previousCounter":0,"rootKey":"D4WMGWHAjyfSVjya4fa7d5JTNWFSi5u7uPSfp3v/53o="},"indexInfo":{"baseKey":"BSL//jXoqoEMu646RsrXx9SV/1ss0F8lTUdPI1HX2cAQ","baseKeyType":1,"closed":1747227288050,"used":1747222182473,"created":1747222182473,"remoteIdentityKey":"BRUuAKpHEs0wHI4tAWLnbqwhgTuig7+dGiaSZo5JjmkF"},"_chains":{"BaDXD1pEoqavdX00LUFCkTvrI3pOv8DaO0odU1nXDjhe":{"chainKey":{"counter":3,"key":"QrhKZzVaScu+71wKANNYmC4inia+4Zci9E3Gsh0NDNA="},"chainType":1,"messageKeys":{}}},"pendingPreKey":{"signedKeyId":2,"baseKey":"BSL//jXoqoEMu646RsrXx9SV/1ss0F8lTUdPI1HX2cAQ","preKeyId":16728242}},"BaqD36J1K2Wd0s/ZNCES6arjnG4qG4cCA0GDbaVkBn8G":{"registrationId":1380564208,"currentRatchet":{"ephemeralKeyPair":{"pubKey":"BXxOIKU+gk4XJbYGzl3L5iBYkx47QU2g+wFzuTcjD0lZ","privKey":"sPMFWQ17lQNLr7SdG/ZICTjeVbPU/YP1j/G8AJdjYVw="},"lastRemoteEphemeralKey":"BQRtSKktBHzI5SxuZ8qV33V78z9hOijc65puy6ybhysg","previousCounter":0,"rootKey":"Ab+WbU1vui1w/pSQ8FtqS7xDNdzhdP9eBLrG9/onRP0="},"indexInfo":{"baseKey":"BaqD36J1K2Wd0s/ZNCES6arjnG4qG4cCA0GDbaVkBn8G","baseKeyType":1,"closed":1747232016185,"used":1747227288049,"created":1747227288049,"remoteIdentityKey":"BRUuAKpHEs0wHI4tAWLnbqwhgTuig7+dGiaSZo5JjmkF"},"_chains":{"BXxOIKU+gk4XJbYGzl3L5iBYkx47QU2g+wFzuTcjD0lZ":{"chainKey":{"counter":5,"key":"QMb1pQmoutY2OFbY2IevxNPJBcLFTLJWBVNv+WSphOA="},"chainType":1,"messageKeys":{}}},"pendingPreKey":{"signedKeyId":2,"baseKey":"BaqD36J1K2Wd0s/ZNCES6arjnG4qG4cCA0GDbaVkBn8G","preKeyId":16728202}},"BbPP94I34ic9z/YaL2OLBVZ3+bFjUpXRfeNzk7DBWVYr":{"registrationId":1380564208,"currentRatchet":{"ephemeralKeyPair":{"pubKey":"BXxRysHZmPnq8l2Sgw4sKx75UoHJdcxpDdGQvfiXPg1b","privKey":"UFtV1xdyptbfB7ch3NKkYBjXkazcAc6cJBd7ICR84kc="},"lastRemoteEphemeralKey":"BQRtSKktBHzI5SxuZ8qV33V78z9hOijc65puy6ybhysg","previousCounter":0,"rootKey":"XwT09zZYAFnTVd9H65EGaW0NgVbakJ2kERA0cMpq/qw="},"indexInfo":{"baseKey":"BbPP94I34ic9z/YaL2OLBVZ3+bFjUpXRfeNzk7DBWVYr","baseKeyType":1,"closed":-1,"used":1747232016184,"created":1747232016184,"remoteIdentityKey":"BRUuAKpHEs0wHI4tAWLnbqwhgTuig7+dGiaSZo5JjmkF"},"_chains":{"BXxRysHZmPnq8l2Sgw4sKx75UoHJdcxpDdGQvfiXPg1b":{"chainKey":{"counter":6,"key":"TPWIOk5fTUGCkRv5XvmtA33Lh7Kvro+c+wcxtYySlSs="},"chainType":1,"messageKeys":{}}},"pendingPreKey":{"signedKeyId":2,"baseKey":"BbPP94I34ic9z/YaL2OLBVZ3+bFjUpXRfeNzk7DBWVYr","preKeyId":16728874}}},"version":"v1"}