{"_sessions":{"BSw5IoEFOj668bCwZMqd4Sv7nluKsw3ixhdIFsffL/cA":{"registrationId":1448194504,"currentRatchet":{"ephemeralKeyPair":{"pubKey":"Bf/39vafkCiMG8p1+4JrGUQTRLjNMlXCsGsW+LfTR0An","privKey":"eBIWhBjZnUxA0QGoyYcFInMD9R7Jg5kkWHpfFTlPZ1I="},"lastRemoteEphemeralKey":"Bee93mAVy6vd+gYKYYkAtVvlgAzjmYoF/9aHoQwtj7ox","previousCounter":0,"rootKey":"ZLKyClIdaXoS3FZNdffNe03Gm5GsXendoi/Otr07+jM="},"indexInfo":{"baseKey":"BSw5IoEFOj668bCwZMqd4Sv7nluKsw3ixhdIFsffL/cA","baseKeyType":1,"closed":-1,"used":1747219046981,"created":1747219046981,"remoteIdentityKey":"Be0w6jyBG2HBDpMEmU3vRbGnkq4kB/g+NX1Jzxs4ruYj"},"_chains":{"Bf/39vafkCiMG8p1+4JrGUQTRLjNMlXCsGsW+LfTR0An":{"chainKey":{"counter":0,"key":"BGqBOxPoyzpwCj7DPIJ4rQnjzUM9K8hL7fhbBf07GTU="},"chainType":1,"messageKeys":{}}},"pendingPreKey":{"signedKeyId":0,"baseKey":"BSw5IoEFOj668bCwZMqd4Sv7nluKsw3ixhdIFsffL/cA","preKeyId":9389007}}},"version":"v1"}