{"_sessions":{"BWwA2UlDkWvD8+lnmhDfMQksqxrTu6ArgKW20b6OfRUx":{"registrationId":1591519856,"currentRatchet":{"ephemeralKeyPair":{"pubKey":"BUgCr9Rb6vk/plHyMPMOOh+w4t4s1RjFYnVCvEMl05wR","privKey":"SNYHlhYV9kjXoKl2f1FKNvYkH9XMtQuqP19ISOWNvUc="},"lastRemoteEphemeralKey":"BfkDIUWUWXm5JDwzM+eFSEELa45Gh16PWd4hrws7zDZx","previousCounter":0,"rootKey":"8OGad6RpmtgLmUCEyLP/cC4y5ba5YHhXLesP0LvG29U="},"indexInfo":{"baseKey":"BWwA2UlDkWvD8+lnmhDfMQksqxrTu6ArgKW20b6OfRUx","baseKeyType":1,"closed":-1,"used":1747219050957,"created":1747219050957,"remoteIdentityKey":"Bb04+26iokAWbUvYCdDSU6EJWqWlpuS8wFXAeEbmhjUo"},"_chains":{"BUgCr9Rb6vk/plHyMPMOOh+w4t4s1RjFYnVCvEMl05wR":{"chainKey":{"counter":0,"key":"d3rSfOifKoALoW/B8nSb+thtQSyFQJ0BRGAmjLhnrdY="},"chainType":1,"messageKeys":{}}},"pendingPreKey":{"signedKeyId":7,"baseKey":"BWwA2UlDkWvD8+lnmhDfMQksqxrTu6ArgKW20b6OfRUx","preKeyId":7585000}}},"version":"v1"}