{"_sessions":{"BeOkrcvvuSIv2k3ohBSxU5y4zYFrSf8lIP/vkfwfgRBY":{"registrationId":1099502276,"currentRatchet":{"ephemeralKeyPair":{"pubKey":"BXGXvmcrHu/h634eJ4iYQxjNFoOBozLTsy3GoaFpVdYg","privKey":"SFWQzys30DgTwtngSOkYGrfFRHB8TwmST7h5iz9AS3I="},"lastRemoteEphemeralKey":"BRCblY4pXEEanINICnZ3szUN4YW7cbJ9HzZg8u/OWeIw","previousCounter":0,"rootKey":"mGEMS95eHq6g/BQKvZGTVQd9JNLLoxFbtH+cVT4HXKw="},"indexInfo":{"baseKey":"BeOkrcvvuSIv2k3ohBSxU5y4zYFrSf8lIP/vkfwfgRBY","baseKeyType":2,"closed":-1,"used":1747216742814,"created":1747216742814,"remoteIdentityKey":"BWBvgWKR7SwomiBnva4vX8T7xDCSNqjHgjxjY++y6oBp"},"_chains":{"BRCblY4pXEEanINICnZ3szUN4YW7cbJ9HzZg8u/OWeIw":{"chainKey":{"counter":0,"key":"azqNpfrpE/8W8dKHLxn6XR3vFWj5BtLFG/63WsaeQR8="},"chainType":2,"messageKeys":{}},"BXGXvmcrHu/h634eJ4iYQxjNFoOBozLTsy3GoaFpVdYg":{"chainKey":{"counter":-1,"key":"oL3FhrW9KwlvfIJcu6AXWO2M4VELDstPoO/Pu1veBAc="},"chainType":1,"messageKeys":{}}}}},"version":"v1"}