{"_sessions":{"BZmHHH1MQlprjNAyCjuPj9RYLEI7Okxc3q8lS5eOgR0G":{"registrationId":1987518048,"currentRatchet":{"ephemeralKeyPair":{"pubKey":"BbyEPU1d4uNAKHrmgd2bO4qNDFIQIpPcVqAl8NY6EAll","privKey":"UIsV6y88fByIBn/2qKDVNNSExDA/MdufxpoMgEdwj0Y="},"lastRemoteEphemeralKey":"BfPAwwr34+QrJ1NALnIr069aBOujyulGfnrrrijC67Yq","previousCounter":0,"rootKey":"CtyA2StLChFPB2BD+ZSnhNYKDhr3OJtHvT0YSNVQHao="},"indexInfo":{"baseKey":"BZmHHH1MQlprjNAyCjuPj9RYLEI7Okxc3q8lS5eOgR0G","baseKeyType":1,"closed":-1,"used":1747208182529,"created":1747208182529,"remoteIdentityKey":"BdcKpc+PeDZeQ0MvcBsO0FNTkuYJRh6MTdgpaWkjXgMk"},"_chains":{"BbyEPU1d4uNAKHrmgd2bO4qNDFIQIpPcVqAl8NY6EAll":{"chainKey":{"counter":1,"key":"w7aEqW6J+23v7dqScIXOfhL/K9j/JL5ZyepkhYC2YBc="},"chainType":1,"messageKeys":{}}},"pendingPreKey":{"signedKeyId":34,"baseKey":"BZmHHH1MQlprjNAyCjuPj9RYLEI7Okxc3q8lS5eOgR0G","preKeyId":157104}}},"version":"v1"}