{"_sessions":{"BTcVlJ/ZLaF6ZY7YcxBtGZhPrC6c3Krg7wBMhuVL7esE":{"registrationId":1840221772,"currentRatchet":{"ephemeralKeyPair":{"pubKey":"BVJSv/Cf17XjQLDO322WfMcWtcn90P8dqEdofb0G5S9r","privKey":"UC6JxROC703yC+w0OwTFd8TYgXpfoi3Kr03eFHnk/2Y="},"lastRemoteEphemeralKey":"BektrusX7vEPSxKXFh3JKizaKzT2zJkSAtNTZZFR3KpD","previousCounter":0,"rootKey":"QEEFJIRy8CdvieYsWOYrDyELQzwhhp403qtOFHqSg/4="},"indexInfo":{"baseKey":"BTcVlJ/ZLaF6ZY7YcxBtGZhPrC6c3Krg7wBMhuVL7esE","baseKeyType":1,"closed":-1,"used":1747219050878,"created":1747219050878,"remoteIdentityKey":"BT1khkVZVVich+390z3Pb4YlIA718t+0n+Hbwa5QeLxN"},"_chains":{"BVJSv/Cf17XjQLDO322WfMcWtcn90P8dqEdofb0G5S9r":{"chainKey":{"counter":0,"key":"jsnsdZm2BttYXy6JSaYcrmWFxVBO0ObRLlPXogizNGE="},"chainType":1,"messageKeys":{}}},"pendingPreKey":{"signedKeyId":0,"baseKey":"BTcVlJ/ZLaF6ZY7YcxBtGZhPrC6c3Krg7wBMhuVL7esE","preKeyId":3884714}}},"version":"v1"}