{"_sessions":{"BVPWHCkvfN/47/h9egbNTJVNlXs4dEu1rIqgl0EW7LgD":{"registrationId":1167265229,"currentRatchet":{"ephemeralKeyPair":{"pubKey":"BX6TpzWKw/cZ3pHxajK0Bp3JxfBvmodIlopw94ftky4a","privKey":"6DPPtFtCF0IHs3QTHdmvOlP7QVdnAP5exKKjDsx8i1w="},"lastRemoteEphemeralKey":"Bb24P33TEEV40vMD74Z2u9MKQA8uWYgtUVftUaUABclw","previousCounter":0,"rootKey":"gEKNhatSwh1g2GYkxKKaKctflIxLzWog2bzusm1u2Tk="},"indexInfo":{"baseKey":"BVPWHCkvfN/47/h9egbNTJVNlXs4dEu1rIqgl0EW7LgD","baseKeyType":1,"closed":-1,"used":1747219050576,"created":1747219050576,"remoteIdentityKey":"BcD1ToW5hJfb+QSpupTVf19tHgLfSek9ITNNdfTQ/BlD"},"_chains":{"BX6TpzWKw/cZ3pHxajK0Bp3JxfBvmodIlopw94ftky4a":{"chainKey":{"counter":0,"key":"V+gh2sv+uOqR/vjm7Gh36Vm0Pwnr2Hk0BdlPrAN5eFA="},"chainType":1,"messageKeys":{}}},"pendingPreKey":{"signedKeyId":3707937,"baseKey":"BVPWHCkvfN/47/h9egbNTJVNlXs4dEu1rIqgl0EW7LgD"}}},"version":"v1"}