{"_sessions":{"BdaOaMRwjefNfeLnOS2eGaU0/mFzka0yUqPa6poAoIo1":{"registrationId":729963346,"currentRatchet":{"ephemeralKeyPair":{"pubKey":"Bdzusa3wtvB7uo8U23aebEKxsW+laDmEAS6VVBa2FAkY","privKey":"kJkZlYlfKs7tkkKMw/MnrwPVWC4oGxvYK3fj1KQZ9Eg="},"lastRemoteEphemeralKey":"BXJtVBYTysgXAequCn2OHTadgrP0iUEfXhKNoN5neIhO","previousCounter":0,"rootKey":"resOMw5C0TxdglT4VWJOSbMcApZxN0qZ9r3s3WNaa6c="},"indexInfo":{"baseKey":"BdaOaMRwjefNfeLnOS2eGaU0/mFzka0yUqPa6poAoIo1","baseKeyType":1,"closed":-1,"used":1747207240120,"created":1747207240120,"remoteIdentityKey":"BUjVUdNoffgb20IVDBGZMhvzMAPSOFvzdXwkYQaf8Jlz"},"_chains":{"Bdzusa3wtvB7uo8U23aebEKxsW+laDmEAS6VVBa2FAkY":{"chainKey":{"counter":8,"key":"08ne0xz/AW14FO+X/jZzC1YgMBXu5oOxq55DLBeR6xY="},"chainType":1,"messageKeys":{}}},"pendingPreKey":{"signedKeyId":16,"baseKey":"BdaOaMRwjefNfeLnOS2eGaU0/mFzka0yUqPa6poAoIo1","preKeyId":78283}}},"version":"v1"}