{"_sessions":{"Bf2q+O62ZCtIH/StsimAhRQBTvb/YmxhuT8QJBVK0BFf":{"registrationId":1346508643,"currentRatchet":{"ephemeralKeyPair":{"pubKey":"Bd8oBuigHntv0RO65zu+eP3Uuf46FoVCAn0uvLhXKU8I","privKey":"+O4DRMSWWX3Spmp3GbB3Ddj2yYAacrRfFUpkJaJolVI="},"lastRemoteEphemeralKey":"BRnnVVSoyMYouLxHavcYIBic/Gi5b5TCRL45Iqid8H0H","previousCounter":0,"rootKey":"2O+0EXQCR/4HNGt5kix4j9yf3T9GpCK6BtbLnm0ZZOU="},"indexInfo":{"baseKey":"Bf2q+O62ZCtIH/StsimAhRQBTvb/YmxhuT8QJBVK0BFf","baseKeyType":1,"closed":-1,"used":1747207240146,"created":1747207240146,"remoteIdentityKey":"BQyE6cSN3aV96f36lBxs5/kAVO9MO6Ojk5j9lUMHGlMc"},"_chains":{"Bd8oBuigHntv0RO65zu+eP3Uuf46FoVCAn0uvLhXKU8I":{"chainKey":{"counter":7,"key":"+8c0nqVcKDKhF+mFrgxJqGkhFnw1rJxH1hYGzfj7RaE="},"chainType":1,"messageKeys":{}}},"pendingPreKey":{"signedKeyId":1,"baseKey":"Bf2q+O62ZCtIH/StsimAhRQBTvb/YmxhuT8QJBVK0BFf","preKeyId":11874461}}},"version":"v1"}