{"_sessions":{"BTwGnLNz3ZdsTRUZMSWjEp0SdiiWbJOd6AVEdbok9As1":{"registrationId":62329815,"currentRatchet":{"ephemeralKeyPair":{"pubKey":"Bc3TV6uclxF1KudPXclRKOlaNaNmBl0M/XQMGuAwu4Zz","privKey":"wN4P2PVux+KBw4Qv2Xg+BC4ORvMoyRSdB+FO+Xqpb0Y="},"lastRemoteEphemeralKey":"BYjnMAC181XcpGUoXF1hvmWMpzu18FsoPul5CwupaVJo","previousCounter":0,"rootKey":"pyjyce6J60o0sVVctdZtHHNbH8ByRH7b83rTEXWDT3k="},"indexInfo":{"baseKey":"BTwGnLNz3ZdsTRUZMSWjEp0SdiiWbJOd6AVEdbok9As1","baseKeyType":1,"closed":-1,"used":1747209564553,"created":1747209564553,"remoteIdentityKey":"BY7pDkebrIUivBoWbyv7FrGwZlO0aTyL9/Kfh520MyMt"},"_chains":{"Bc3TV6uclxF1KudPXclRKOlaNaNmBl0M/XQMGuAwu4Zz":{"chainKey":{"counter":0,"key":"0VvBFjBDB6IUu1wRKWt/zis6gGF7gGrNWC4YMgMwqoA="},"chainType":1,"messageKeys":{}}},"pendingPreKey":{"signedKeyId":1,"baseKey":"BTwGnLNz3ZdsTRUZMSWjEp0SdiiWbJOd6AVEdbok9As1","preKeyId":14120929}}},"version":"v1"}