{"_sessions":{"BeaivpUrKQdCpbGNOH9pMpgkvrohms632Yw9bioOxrYO":{"registrationId":9057,"currentRatchet":{"ephemeralKeyPair":{"pubKey":"BZfw+y0kFR1IwXO2B5Lb4F/G0aeJvswU/N/CO5VNEvIX","privKey":"gDlVXerOEoxdYXHI21vcSm4GPFP4z2jzHz5DEwGQCVs="},"lastRemoteEphemeralKey":"BVvJFllaVBHJr9803C2PETLdzY6sMil0jidAmFaHBkkK","previousCounter":0,"rootKey":"Wic/Kw7fwGMrV8gOdJ5mXRPo4fZvoeuuuDPylezBt4Y="},"indexInfo":{"baseKey":"BeaivpUrKQdCpbGNOH9pMpgkvrohms632Yw9bioOxrYO","baseKeyType":1,"closed":-1,"used":1747219044882,"created":1747219044882,"remoteIdentityKey":"BQ9g8j/U/pHnr/oTfwU+DPSEXCld6n/teg642eJvlMxF"},"_chains":{"BZfw+y0kFR1IwXO2B5Lb4F/G0aeJvswU/N/CO5VNEvIX":{"chainKey":{"counter":0,"key":"wW5mB8LG30KqRbSm7TzafrEafSLkTvnEQdsOjve6WQU="},"chainType":1,"messageKeys":{}}},"pendingPreKey":{"signedKeyId":1,"baseKey":"BeaivpUrKQdCpbGNOH9pMpgkvrohms632Yw9bioOxrYO"}}},"version":"v1"}