{"_sessions":{"BYovCG5Uow1hdRLgPDLdv4csbPcKY3Z7EBd/wUve+JIa":{"registrationId":82910102,"currentRatchet":{"ephemeralKeyPair":{"pubKey":"BT2kluA+DbdNCqtnMlOVQoHL+5sGlATIxGTBl7mw2zsI","privKey":"CKWF0B8WBYYvJfrCwPajH4zti+Ubry9e5W7sTKiWYmA="},"lastRemoteEphemeralKey":"BaVZ2Qvl8AHUNShVPWurxZRqwExvU2epvZjJbaIrR9N1","previousCounter":0,"rootKey":"yusuISrIT48AEKD7NE9HOcr1DV6UvIMRoXNlOeZ3e5M="},"indexInfo":{"baseKey":"BYovCG5Uow1hdRLgPDLdv4csbPcKY3Z7EBd/wUve+JIa","baseKeyType":1,"closed":-1,"used":1747229631202,"created":1747229631202,"remoteIdentityKey":"BUsDlPkhwZ45GYGTMfBtqm39kjg7u0jL1zVC1UV3Wtxa"},"_chains":{"BT2kluA+DbdNCqtnMlOVQoHL+5sGlATIxGTBl7mw2zsI":{"chainKey":{"counter":0,"key":"S2Aum6bH+TlgnHjMwf0zVfX1Ep4+ZfMx+TvpS8HGFiw="},"chainType":1,"messageKeys":{}}},"pendingPreKey":{"signedKeyId":0,"baseKey":"BYovCG5Uow1hdRLgPDLdv4csbPcKY3Z7EBd/wUve+JIa","preKeyId":13477541}}},"version":"v1"}