{"_sessions":{"BYcWNJoJIM9uOFbAFcEABj1ZDTBwvwsLLZ1JlX+9cAYE":{"registrationId":877443968,"currentRatchet":{"ephemeralKeyPair":{"pubKey":"BampBQOInZmpgTOg9Pu6bHpjB733ziMVJa9fkMkYhCoW","privKey":"sAXB7wprRyO+nvmfMgaHIibUkUZWKo1a+qlAcMx+J1g="},"lastRemoteEphemeralKey":"BY/vEBj3q+nX2RWaRjesZ021zrdRkDRwJxyyNM0StwR8","previousCounter":0,"rootKey":"JYmeTkA+eC4rZUtIbKKXtjm3X07aAt/798hN4zAWcIk="},"indexInfo":{"baseKey":"BYcWNJoJIM9uOFbAFcEABj1ZDTBwvwsLLZ1JlX+9cAYE","baseKeyType":1,"closed":-1,"used":1747222182387,"created":1747222182387,"remoteIdentityKey":"Bat553RUw8HLESeOwwgH3Jtkd/4LzCcejrPzUDCZ4d5g"},"_chains":{"BampBQOInZmpgTOg9Pu6bHpjB733ziMVJa9fkMkYhCoW":{"chainKey":{"counter":16,"key":"ey4fsfBv/dXBCXVmC0oW4USIuxLPDvM3KwEDAyFoFA4="},"chainType":1,"messageKeys":{}}},"pendingPreKey":{"signedKeyId":7,"baseKey":"BYcWNJoJIM9uOFbAFcEABj1ZDTBwvwsLLZ1JlX+9cAYE","preKeyId":6601380}}},"version":"v1"}