{"_sessions":{"BWtsFBDRAzCEYq6xWj+y3nI2xx6JwymoVvQKv09NJaAg":{"registrationId":1198570837,"currentRatchet":{"ephemeralKeyPair":{"pubKey":"BUC7ji0kikDfdxa/CLTanPN3YnAlb/rZ6YDA8/zJ0hQp","privKey":"sIB7Pr6r1dycPfUVshU3TN9xMwcW/KPhe14c1ks+HXY="},"lastRemoteEphemeralKey":"Bd5NEEVm5KHg70LhXGNUZuLS3BjPxmOh3S2NP76HjHwg","previousCounter":0,"rootKey":"lDWkgduBxtQP6O7UXHqaMNrKZGfHmwxP/rL2qG0qXLQ="},"indexInfo":{"baseKey":"BWtsFBDRAzCEYq6xWj+y3nI2xx6JwymoVvQKv09NJaAg","baseKeyType":1,"closed":-1,"used":1747219050736,"created":1747219050736,"remoteIdentityKey":"BQeZR+wJOaOwEn68wZd+8YZMjBgojS/Pf0mu4/Yhg1t0"},"_chains":{"BUC7ji0kikDfdxa/CLTanPN3YnAlb/rZ6YDA8/zJ0hQp":{"chainKey":{"counter":0,"key":"CglU9wkb0K16/RBBmy+7xBZwK6V99ZZRQ8Kovj2ad7g="},"chainType":1,"messageKeys":{}}},"pendingPreKey":{"signedKeyId":0,"baseKey":"BWtsFBDRAzCEYq6xWj+y3nI2xx6JwymoVvQKv09NJaAg","preKeyId":8018016}}},"version":"v1"}