{"_sessions":{"BYaHrTFdL4dD1tJh2B1vrpo541t3Cgh6zUsuTI+khcVF":{"registrationId":997315599,"currentRatchet":{"ephemeralKeyPair":{"pubKey":"BenrA1dEoT1RmLxkpJgtYrdhR1aqEre5fdSOoRMtgrxt","privKey":"ENJT4c9K0xbh18pWBB5dMXUH/dWUukqWkdWXLLLSHmw="},"lastRemoteEphemeralKey":"BSR5+nz7KybtIShgU3W6OM1h6+UxC7lRPaT0ixjVZjFm","previousCounter":0,"rootKey":"Z86UiSftdC4mwwVB0DO5a6v/lDiwlJ4qGUa0FWT2Wrc="},"indexInfo":{"baseKey":"BYaHrTFdL4dD1tJh2B1vrpo541t3Cgh6zUsuTI+khcVF","baseKeyType":1,"closed":-1,"used":1747208249710,"created":1747208249710,"remoteIdentityKey":"BVDNVOWU1JSlxWwDfgm3kZu2RL0N8tMJ6/HO6CaWVVQ0"},"_chains":{"BenrA1dEoT1RmLxkpJgtYrdhR1aqEre5fdSOoRMtgrxt":{"chainKey":{"counter":1,"key":"6nSGsvedrkQHEq6z3/KSA2aqP3mAZqGqrm5cEFaLSq0="},"chainType":1,"messageKeys":{}}},"pendingPreKey":{"signedKeyId":0,"baseKey":"BYaHrTFdL4dD1tJh2B1vrpo541t3Cgh6zUsuTI+khcVF","preKeyId":14410560}}},"version":"v1"}