{"_sessions":{"BQiCMow4aDpiSlkBfCNJsE1xo9BJ4XAf8toO22gR4wAl":{"registrationId":809193289,"currentRatchet":{"ephemeralKeyPair":{"pubKey":"BXbdVdNODV2Cv6IOkY8eVLPME5S+qUSDlPEQO4vVaGYa","privKey":"CFsatGF4HwzghvNzjxFWCVzkv/ARhXvzkw/qb0L2Q1s="},"lastRemoteEphemeralKey":"Bei5FeGuZtY0LK7oKyi9eiOZQagzFa7obygh9kKK0YhW","previousCounter":0,"rootKey":"wFcia1oqx6FkeUT/5T0gljcbG7IWt26Im+uXUO/HjMg="},"indexInfo":{"baseKey":"BQiCMow4aDpiSlkBfCNJsE1xo9BJ4XAf8toO22gR4wAl","baseKeyType":1,"closed":-1,"used":1747219050940,"created":1747219050940,"remoteIdentityKey":"BQ66VWgRr/bOlusAecmwem85K0/vNXNibvPHlbXQcegb"},"_chains":{"BXbdVdNODV2Cv6IOkY8eVLPME5S+qUSDlPEQO4vVaGYa":{"chainKey":{"counter":0,"key":"3/oYYDODWstiY92mgHUZfeZsQlgEbaFkatM3HxMv1pM="},"chainType":1,"messageKeys":{}}},"pendingPreKey":{"signedKeyId":0,"baseKey":"BQiCMow4aDpiSlkBfCNJsE1xo9BJ4XAf8toO22gR4wAl","preKeyId":15225048}}},"version":"v1"}