{"_sessions":{"Ba21+HFbJoHwzg/sVgBJ/S80FUh05EFo7nPATWkATXVp":{"registrationId":532176274,"currentRatchet":{"ephemeralKeyPair":{"pubKey":"BbT9IDdAVkUeVgviddE44VCIZEA5mMQFvsEKXDEWKk53","privKey":"eMe8o0FnhCC6O84u0HL60SaOcWWd/bQZlGLqd7uDJnw="},"lastRemoteEphemeralKey":"BUvRs2QMz093vYqn+s0PlI1xrs7PNoy30XfdzyXl4OR4","previousCounter":0,"rootKey":"hXSuUWQLPmkMr2zHkKfVeAMdYZk+A8oLbMRdc7ULURc="},"indexInfo":{"baseKey":"Ba21+HFbJoHwzg/sVgBJ/S80FUh05EFo7nPATWkATXVp","baseKeyType":1,"closed":-1,"used":1747219049120,"created":1747219049120,"remoteIdentityKey":"BYwi7iq5fHQ22lmKz8k84l8RMN6euHMN+AKhGtypXNcc"},"_chains":{"BbT9IDdAVkUeVgviddE44VCIZEA5mMQFvsEKXDEWKk53":{"chainKey":{"counter":0,"key":"kRjQo6qrqWDNOV2HoUCIIoF59GI9Ca3XsqxR5Et4NrU="},"chainType":1,"messageKeys":{}}},"pendingPreKey":{"signedKeyId":9,"baseKey":"Ba21+HFbJoHwzg/sVgBJ/S80FUh05EFo7nPATWkATXVp"}}},"version":"v1"}