{"_sessions":{"BSwmfPfRHESDIC4//4yfbXmKKFBE/uBkNuqAsbhXub5S":{"registrationId":225886943,"currentRatchet":{"ephemeralKeyPair":{"pubKey":"BVTZOg7xppCgH0ovRhopCZExQTlaK6Oue0CSjSrXAHA+","privKey":"KCyspMRCHP+YaNhvQGtsnuHk8O8eR92F1bSH7icb430="},"lastRemoteEphemeralKey":"BbM3B/7TU37QG5CV1JRyIp1/so3v6piTLrpDfyfptNdV","previousCounter":0,"rootKey":"YIZIGRRX6LJEiDzxcLkDFZ26S3z+WOFsN25kOaumEVM="},"indexInfo":{"baseKey":"BSwmfPfRHESDIC4//4yfbXmKKFBE/uBkNuqAsbhXub5S","baseKeyType":1,"closed":-1,"used":1747219046957,"created":1747219046957,"remoteIdentityKey":"Bfm5RqNaP4A4emUuSy6hTVM1m0w5jcInYLRc3XBYQboA"},"_chains":{"BVTZOg7xppCgH0ovRhopCZExQTlaK6Oue0CSjSrXAHA+":{"chainKey":{"counter":0,"key":"MloM4Nf4iCR7qr9Z+vwbFRPfURImLc+UrthsA249ZQA="},"chainType":1,"messageKeys":{}}},"pendingPreKey":{"signedKeyId":18,"baseKey":"BSwmfPfRHESDIC4//4yfbXmKKFBE/uBkNuqAsbhXub5S","preKeyId":3504279}}},"version":"v1"}