{"_sessions":{"BXBqvbMGxDrIlYqZj1/+7YDksXMuPpkWh1bK8W2ldSgF":{"registrationId":11059,"currentRatchet":{"ephemeralKeyPair":{"pubKey":"BfHVVVzM9d+lod5qVGICC5Q5LaHfNpMoykZKEnCqBGpW","privKey":"ALfvn+kaPVtZTH8Rj5d4JBY54rYI2p6QKJGiBrEwjGI="},"lastRemoteEphemeralKey":"BVy0EAfWRn4uVUv8+uy0KR+FX9hu2LQgMB8WkFDSbAsv","previousCounter":0,"rootKey":"qUHYciGjfBZbasYP47/0PxYxpIGvIiSYO6prYurJRpY="},"indexInfo":{"baseKey":"BXBqvbMGxDrIlYqZj1/+7YDksXMuPpkWh1bK8W2ldSgF","baseKeyType":1,"closed":-1,"used":1747207239947,"created":1747207239947,"remoteIdentityKey":"Bc2YFH5Ifj5+PaQTahyU72f1ODHkWQuefacxVHiJqzYg"},"_chains":{"BfHVVVzM9d+lod5qVGICC5Q5LaHfNpMoykZKEnCqBGpW":{"chainKey":{"counter":7,"key":"WONytkujgn002napQpun/jcD5KmbOmfnbye4sNeKvLE="},"chainType":1,"messageKeys":{}}},"pendingPreKey":{"signedKeyId":1,"baseKey":"BXBqvbMGxDrIlYqZj1/+7YDksXMuPpkWh1bK8W2ldSgF","preKeyId":941}}},"version":"v1"}